"qid","title","gender","description","birth_year","sitelinks","era","gender_group","intro_text","article_bytes","created","created_year","recognition_lag","pageviews_12m","in_degree","out_degree"
"Q3022082","Demetri Terzopoulos","male","Distinguished Professor of Computer Science at UCLA",2000,8,"1990+","male","Demetri Terzopoulos  is a Greek-Canadian-American computer scientist and entrepreneur. He is currently a Distinguished Professor and Chancellor's Professor of Computer Science in the Henry Samueli School of Engineering and Applied Science at the University of California, Los Angeles, where he directs the UCLA Computer Graphics & Vision Laboratory.",19378,"2014-09-16T06:49:02Z",2014,14,2792,1,1
"Q3022141","Demis Hassabis","male","British artificial intelligence researcher (born 1976)",1976,59,"1970-89","male","Sir Demis Hassabis (born 27 July 1976) is a British artificial intelligence (AI) researcher and entrepreneur. He is the chairman and co-founder of Google DeepMind and the chief scientist of Alphabet, as well as the chief executive officer and co-founder of Isomorphic Labs. Hassabis is also a UK Government AI Adviser. In 2024, Hassabis and John M. Jumper were jointly awarded the Nobel Prize in Chemistry for their AI research contributions to protein structure prediction.
Hassabis is a Fellow of the Royal Society and has won awards for his research efforts, including the Breakthrough Prize, the Canada Gairdner International Award and the Lasker Award. He was appointed a CBE in 2017, and knighted in 2024 for his work on AI. He was also listed among the Time 100 most influential people in the world in 2017 and 2025, and was one of the ""Architects of AI"" collectively chosen as Time's 2025 Person of the Year.

",90964,"2005-11-28T00:24:44Z",2005,29,1100406,44,38
"Q92665","John F. Sowa","male","artificial intelligence researcher",1940,8,"pre-1950","male","John Florian Sowa (born 1940) is an American computer scientist, an expert in artificial intelligence and computer design, and the inventor of conceptual graphs.",11422,"2002-10-11T03:27:45Z",2002,62,3154,0,0
"Q92686","David H. D. Warren","male","artificial intelligence researcher",2000,5,"1990+","male","David H. D. Warren is a computer scientist who worked primarily on logic programming and in particular the programming language Prolog in the 1970s and 1980s. Warren wrote the first compiler for Prolog, and the Warren Abstract Machine execution environment for Prolog is named after him.",4589,"2004-10-23T08:07:58Z",2004,4,999,1,2
"Q92691","Daniel G. Bobrow","male","American computer scientist (1935-2017)",1935,9,"pre-1950","male","Daniel Gureasko Bobrow (29 November 1935 – 20 March 2017) was an American computer scientist who created an oft-cited artificial intelligence program STUDENT, with which he earned his PhD., worked at BBN Technologies (BBN), then was a Research Fellow in the Intelligent Systems Laboratory of the Palo Alto Research Center.
Born in New York City, he earned his BS from Rensselaer Polytechnic Institute in 1957, SM from Harvard in 1958, and PhD in mathematics from MIT under the supervision of Marvin Minsky in 1964. At BBN, he was a developer of TENEX.
Bobrow was the president of the American Association for Artificial Intelligence (AAAI), chair of the Cognitive Science Society, Editor-in-chief of the journal Artificial Intelligence.  He shared the 1992 ACM Software System Award with five other PARC scientists (Richard R. Burton, L. Peter Deutsch, Ronald Kaplan, Larry Masinter, and Warren Teitelman)  for his work on Interlisp. He was an ACM Fellow and a AAAI fellow.",3401,"2006-12-11T13:14:46Z",2006,71,1743,11,1
"Q92699","Dieter Fox","male","German roboticist",1966,4,"1950-69","male","Dieter Fox is a German-American roboticist and a Professor in the Department of Computer Science & Engineering at the University of Washington, Seattle. He received his PhD in Computer Science at the University of Bonn in 1998 on mobile robot localization and navigation. He is most notable for his contributions to several fields including robotics, artificial intelligence, machine learning, and ubiquitous computing. Together with Wolfram Burgard and Sebastian Thrun he is a co-author of the book Probabilistic Robotics. He was elected an AAAI Fellow in 2011. He was previously the Senior Director of Robotics Research at Nvidia. In July 2025, he joined the Allen Institute for AI, where he leads a new robotics effort aimed at advancing real-world robots using foundation models and simulation.",3140,"2008-04-05T17:17:51Z",2008,42,2738,5,4
"Q92716","Bernhard Nebel","male","German artificial intelligence researcher",1956,5,"1950-69","male","Bernhard Nebel (born 6 May 1956) is a German artificial intelligence scientist. He is a full professor at the Albert-Ludwigs-Universität Freiburg where he holds the chair for foundations of artificial intelligence.
Bernhard Nebel received his Diploma degree from the University of Hamburg in 1980 and his Doctorate from the Saarland University in 1989. His thesis advisor was Wolfgang Wahlster.
Between 1982 and 1993 he worked on different AI projects at the University of Hamburg, Technische Universität Berlin, ISI/USC, IBM Germany, and the German Research Center for AI (DFKI). From 1993 to 1996 he held an associate professor position (C3) at the University of Ulm. Since 1996 he is full professor at Albert-Ludwigs-Universität Freiburg.
Among other professional services, he served as the Program Co-chair for the 3rd International Conference on Principles of Knowledge Representation and Reasoning (KR'92), as the Program Co-chair for the 18th German Annual Conference on AI (KI'94), as the General Chair of the 21st German Annual Conference on Artificial Intelligence (KI'97), and as the Program Chair for the 17th International Joint Conference on Artificial Intelligence (IJCAI'01). In 2001, Bernhard Nebel was elected as an ECCAI fellow.
Throughout his entire career, Bernhard Nebel has made substantial contributions to the foundations of Artificial Intelligence, to automated planning and scheduling, and to the RoboCup initiative. Bernhard Nebel is (co-)author and (co-)editor of 9 books and proceedings, as well as author and co-author of more than 100 refereed papers in scientific journals, books, and conference proceedings. His  CS Freiburg RoboCup team became world champion in the RoboCup mid-size league in 1998, 2000, and 2001. Bernhard Nebel and his group have also developed the first autonomous table football system. Bernhard Nebel is a fellow of the European Coordinating Committee for Artificial Intelligence.  In 2009, he was elected to be a member of the German Academy of Sciences Leopoldina. In 2010, he became a fellow of the Association for the Advancement of Artificial Intelligence.",4160,"2007-12-23T00:22:40Z",2007,51,522,2,1
"Q92723","Harold Cohen (artist)","male","English painter and computer artist, active in the United States (1928–2016)",1928,7,"pre-1950","male","Harold Cohen (1 May 1928 – 27 April 2016) was a British-born artist who was noted as the creator of AARON, a computer program designed to produce paintings and drawings autonomously, which set it apart from previous programs. His work in the intersection of computer artificial intelligence and painting led to exhibitions at many museums, including the Tate Gallery in London.",7381,"2009-05-03T05:38:34Z",2009,81,10229,1,1
"Q3047095","Jaap van den Herik","male","computer scientist",1947,3,"pre-1950","male","Hendrik Jacob (Jaap) van den Herik (born 8 October 1947 in Rotterdam) is a Dutch computer scientist, and professor at the University of Leiden, known for his contribution in the fields of computer chess and artificial intelligence.",5817,"2017-06-26T18:48:21Z",2017,70,864,1,1
"Q3123640","Ray Solomonoff","male","American artificial intelligence researcher (1926-2009)",1926,11,"pre-1950","male","Ray Solomonoff (July 25, 1926 – December 7, 2009) was an American mathematician who invented algorithmic probability, his General Theory of Inductive Inference (also known as Universal Inductive Inference), and was a founder of algorithmic information theory. He was an originator of the branch of artificial intelligence based on machine learning, prediction and probability. He circulated the first report on non-semantic machine learning in 1956.
Solomonoff first described algorithmic probability in 1960, publishing the theorem that launched Kolmogorov complexity and algorithmic information theory.  He first described these results at a conference at Caltech in 1960, and in a report, Feb. 1960, ""A Preliminary Report on a General Theory of Inductive Inference."" He clarified these ideas more fully in his 1964 publications, ""A Formal Theory of Inductive Inference,"" Part I and Part II.
Algorithmic probability is a mathematically formalized combination of Occam's razor, and the Principle of Multiple Explanations.
It is a machine independent method of assigning a probability value to each hypothesis (algorithm/program) that explains a given observation, with the simplest hypothesis (the shortest program) having the highest probability and the increasingly complex hypotheses receiving increasingly small probabilities.
Solomonoff founded the theory of universal inductive inference, which is based on solid philosophical foundations and has its root in Kolmogorov complexity and algorithmic information theory. The theory uses algorithmic probability in a Bayesian framework. The universal prior is taken over the class of all computable measures; no hypothesis will have a zero probability. This enables Bayes' rule (of causation) to be used to predict the most likely next event in a series of events, and how likely it will be.
Although he is best known for algorithmic probability and his general theory of inductive inference, he made many other important discoveries throughout his life, most of them directed toward his goal in artificial intelligence: to develop a machine that could solve hard problems using probabilistic methods.",25131,"2003-12-15T11:40:02Z",2003,77,11454,0,5
"Q3159777","Jacques Pitrat","male","French artificial intelligence scientist (1934–2019)",1934,3,"pre-1950","male","Jacques Pitrat (February 1934 — October 2019) was one of the French symbolic artificial intelligence pioneers. He developed knowledge based systems, expert systems, and theorem provers, and was a strong advocate of meta-knowledge based systems.
Graduated from École Polytechnique, and member of the Corps de l'armement, he began his career at the Laboratoire Central de l'Armement (French equivalent of DARPA) from 1959 to 1967. In 1966 he defended his Habilitation thesis (Doctorat d'État) about a theorem proving software using meta-theorems.
He worked at the CNRS from 1967 till his retirement, ending his career as emeritus research director at the end of 2015. He taught artificial intelligence at the Université Pierre et Marie Curie in Paris from 1967 till 1998. He was elected an AAAI Fellow in 1994.

",3090,"2021-08-10T16:55:50Z",2021,87,461,0,0
"Q3161201","James Kennedy (social psychologist)","male","American social psychologist",1950,4,"1950-69","male","James Kennedy (born November 5, 1950) is an American social psychologist, best known as an originator and researcher of particle swarm optimization.",5751,"2007-06-02T20:20:18Z",2007,57,1220,2,1
"Q7184678","Philipp Koehn","male","German computer scientist",1971,2,"1970-89","male","Philipp Koehn (born 1 August 1971 in Erlangen, West Germany) is a computer scientist and researcher in the field of machine translation. His primary research interest is statistical machine translation and he is one of the inventors of a method called phrase based machine translation. This is a sub-field of statistical translation methods that employs sequences of words (or so-called ""phrases"") as the basis of translation, expanding the previous word based approaches.  A 2003 paper which he authored with Franz Josef Och and Daniel Marcu called Statistical phrase-based translation has attracted wide attention in Machine translation community and has been cited over a thousand times. Phrase based methods are widely used in machine translation applications in industry.
Philipp Koehn received his PhD in computer science in 2003 from the University of Southern California, where he worked at the Information Sciences Institute advised by Kevin Knight. After a year as a postdoctoral fellow under Michael Collins at the Massachusetts Institute of Technology, he joined the University of Edinburgh as a lecturer in the School of Informatics in 2005. He was appointed reader in 2010 and professor in 2012. In 2014, he was appointed professor at the computer science department of The Johns Hopkins University, where he is affiliated with the Center for Language and Speech Processing.",9928,"2011-05-08T09:27:47Z",2011,40,1727,1,0
"Q7238265","Pramod P. Khargonekar","male","Indian-American professor of electrical engineering and academic administrator",1956,4,"1950-69","male","Pramod P. Khargonekar is the Vice Chancellor for Research and Distinguished Professor of Electrical Engineering and Computer Science at the University of California, Irvine. An expert in control systems engineering, Dr. Khargonekar has served in a variety of administrative roles in academia and federal funding agencies. Most recently, he served as assistant director for Engineering at the National Science Foundation (2013–2016), and as deputy director for Technology at the Advanced Research Projects Agency – Energy (ARPA–E, 2012–13). From 2001 through 2009 he was the Dean of the College of Engineering at the University of Florida.

",16099,"2007-01-09T03:14:01Z",2007,51,2270,0,0
"Q7292644","Rangasami L. Kashyap","male","Indian scientist",1938,3,"pre-1950","male","Rangasami Lakshminarayan Kashyap (28 March 1938 – 11 November 2022) was an Indian applied mathematician and a Professor of Electrical Engineering at Purdue University.
He developed (with Harvard professor Yu-Chi Ho) the Ho-Kashyap rule, an important result (algorithm) in pattern recognition.
In 1982, he presented the Kashyap information criterion (KIC) to select the best model from a set of mathematical candidate models with different numbers of unknown parameters. These parameters are adjusted to adapt the models to data (observations) that have trends and statistical variation in the measured values.
He is a Fellow of the Institute of Electrical and Electronics Engineers, the International Association for Pattern Recognition, and the Indian Institute of Electronic and Telecommunication Engineers.
In the field of Vedic studies, he has made contribution including the complete translation into English all the four major and most ancient collection of verses in Sanskrit namely Rigveda Samhita, Krishna Yajurveda Samhita, and Samaveda, and Atharvaveda, consisting together of about 25000 metrical verses in the Sanskrit of Vedas (different from classical Sanskrit).
Kashyap is the only person in the world to translate all the 4 vedas recognizing his achievement he was honored by the Govt. of India with the Padma Shri award in 2021 under the Literature and Education field.
Kashyap died on 11 November 2022, at the age of 84.",6710,"2008-05-19T14:45:45Z",2008,70,2276,0,1
"Q7299101","Raymond Reiter","male","Canadian computer scientist (1939-2002)",1939,4,"pre-1950","male","Raymond Reiter  (; June 12, 1939 – September 16, 2002) was a Canadian computer scientist and logician. He  was one of the founders of the field of non-monotonic reasoning with his work on default logic, model-based diagnosis, closed-world reasoning, and truth maintenance systems. He also contributed to the situation calculus.

",5237,"2005-07-30T16:58:05Z",2005,66,1252,1,1
"Q7325676","Richard Fikes","male","American artificial intelligence researcher (born 1942)",1942,2,"pre-1950","male","Richard Earl Fikes (born October 4, 1942) is a computer scientist and Professor (Research) Emeritus in the Computer Science department of Stanford University. He led Stanford's Knowledge Systems Laboratory from 1991 to 2006, and has held appointments at Berkeley, Carnegie-Mellon, Price Waterhouse Technology Centre, Xerox PARC, and SRI International.",5952,"2006-01-15T03:35:09Z",2006,64,767,0,0
"Q7328227","Richard P. Gabriel","male","American writer and academic",1949,3,"pre-1950","male","Richard P. Gabriel (born 1949) is an American computer scientist known for his work in computing related to the programming language Lisp, and especially Common Lisp. His best known work was a 1990 essay ""Lisp: Good News, Bad News, How to Win Big"", which introduced the phrase Worse is Better, and his set of benchmarks for Lisp, termed Gabriel Benchmarks, published in 1985 as Performance and evaluation of Lisp systems. These became a standard way to benchmark Lisp implementations.

",11065,"2005-10-15T21:03:47Z",2005,56,8386,9,14
"Q7328833","Richard S. Sutton","male","Canadian computer scientist",1950,21,"1950-69","male","Richard Stuart Sutton  (born 1957 or 1958) is a Canadian computer scientist. He is a professor of computing science at the University of Alberta and chief scientific advisor at the Alberta Machine Intelligence Institute. In 2026, he co-founded the AI startup Oak Lab.
Sutton is considered one of the founders of modern computational reinforcement learning, known for his contributions to temporal difference learning and policy gradient methods. He also proposed the ""bitter lesson"", an influential observation about AI scaling limits. In 2024, Sutton received the Turing Award alongside his supervisor Andrew Barto for their work in reinforcement learning.",26941,"2007-05-04T06:30:02Z",2007,57,127303,11,10
"Q7329766","Richard Waldinger","male","artificial intelligence researcher",NA,2,"unknown","male","Richard Jay Waldinger is a computer science researcher at SRI International's Artificial Intelligence Center (where he has worked since 1969) whose interests focus on the application of automated deductive reasoning to problems in software engineering and artificial intelligence.",8781,"2007-07-30T03:33:18Z",2007,NA,937,0,1
"Q7332100","Ricky J. Sethi","male","American computer scientist",NA,1,"unknown","male","Ricky J. Sethi is an American computer scientist and full Professor of Computer Science at Fitchburg State University and the Director of Research for The Madsci Network.
His research spans several areas in artificial intelligence, machine learning, social computing, and computer vision. His work has made contributions to the fields of misinformation detection, virtual communities, and the application of computational methods to digital humanities and art analysis.
He was appointed as a National Science Foundation (NSF) Computing Innovation Fellow by the Computing Community Consortium and the Computing Research Association. He has contributed significantly in the fields of machine learning, computer vision, social computing, and science education/eLearning.",18424,"2010-08-05T15:46:51Z",2010,NA,890,0,0
"Q7341095","Robby Garner","male","American natural language programmer and software developer",1963,4,"1950-69","male","Robby Garner (born 1963) is an American natural language programmer and software developer. He won the 1998 and 1999 Loebner Prize contests with the program called Albert One. He is listed in the 2001 Guinness Book of World Records as having written the ""most human"" computer program.",9608,"2005-03-28T18:17:34Z",2005,42,806,0,2
"Q7345241","Robert Haralick","male","American academic",1943,2,"pre-1950","male","Robert M. Haralick (born 1943) is Distinguished Professor in Computer Science at Graduate Center of the City University of New York (CUNY). Haralick is one of the leading figures in computer vision, pattern recognition, and image analysis. He is a Fellow of the Institute of Electrical and Electronics Engineers (IEEE) and a Fellow  and past president of the International Association for Pattern Recognition.
Professor Haralick is the King-Sun Fu Prize winner of 2016, ""for contributions in image analysis, including remote sensing, texture analysis, mathematical morphology, consistent labeling, and system performance evaluation"".

",17524,"2005-04-17T02:36:47Z",2005,62,1764,0,1
"Q7345367","Robert Hecht-Nielsen","male","American computer scientist (1947–2019)",1947,5,"pre-1950","male","Robert Hecht-Nielsen (July 18, 1947 – May 25, 2019) was an American computer scientist, neuroscientist, entrepreneur and professor of electrical and computer engineering at the University of California, San Diego.  He co-founded HNC Software Inc. (NASDAQ: HNCS) in 1986 which went on to develop the pervasive card fraud detection system, Falcon®. He became a vice president of R&D at Fair Isaac Corporation when it acquired the company in 2002.

",7022,"2005-03-28T22:25:05Z",2005,58,1540,0,0
"Q74041","Hans-Joachim Bremermann","male","German-American mathematician (1926-1996)",1926,10,"pre-1950","male","Hans-Joachim Bremermann (1926 – 1996) was a German-American mathematician and biophysicist. He worked on computer science and evolution, introducing ideas of how mating generates new gene combinations. Bremermann's limit, named after him, is the maximum computational speed of a self-contained system in the material universe.

",5665,"2007-12-27T23:56:47Z",2007,81,1320,0,0
"Q75778","Joseph Weizenbaum","male","German-American computer scientist (1923–2008)",1923,36,"pre-1950","male","Joseph Weizenbaum (8 January 1923 – 5 March 2008) was a German-American computer scientist and a professor at the Massachusetts Institute of Technology. He is the namesake of the Weizenbaum Award and the Weizenbaum Institute.",16748,"2001-10-29T14:24:41Z",2001,78,46516,32,31
"Q87472","Josef Teichmann","male","Austrian mathematician",1972,5,"1970-89","male","Josef Teichmann (* 27 August 1972 in Lienz) is an Austrian mathematician and professor at ETH Zürich working on mathematical finance, stochastic analysis and machine learning.
After studying mathematics at the University of Graz, he pursued his PhD at the University of Vienna. The title of his dissertation in 1999 under the supervision of Peter W. Michor was ""The Theory of Infinite-Dimensional Lie Groups from the Point of View of Functional Analysis"".
After working at the Vienna University of Technology, he obtained the Habilitation there in 2002. Since June 2009 he has been a professor at the Department of Mathematics at ETH Zürich. Since August 2023 he has been chair of the Department of Mathematics at ETH Zürich.
In 2005 he was awarded the Prize of the Austrian Mathematical Society and in 2006 the Start-Preis of the FWF.
In 2014 he was awarded the Louis Bachelier Prize by the French Academy of Sciences.",1651,"2011-07-16T18:50:58Z",2011,39,1332,0,0
"Q91233","Michael Kohlhase","male","German computer scientist",1964,5,"1950-69","male","Michael Kohlhase (born 13 September 1964, in Erlangen) is a German computer scientist and professor at University of Erlangen–Nuremberg, where he is head of the KWARC research group (Knowledge Adaptation and Reasoning for Content).

",7748,"2008-01-20T17:21:21Z",2008,44,990,0,0
"Q92646","John Henry Holland","male","US university professor ,American scientist (1929–2015)",1929,23,"pre-1950","male","John Henry Holland (February 2, 1929 – August 9, 2015) was an American scientist and professor of electrical engineering and computer science at the University of Michigan. He was a pioneer in what became known as genetic algorithms.

",10274,"2005-04-09T10:55:19Z",2005,76,10283,1,1
"Q5415626","Evangelia Micheli-Tzanakou","female","Greek bioengineer",1942,3,"pre-1950","female","Evangelia Micheli-Tzanakou (March 22, 1942 – September 24, 2012) was a professor of biomedical engineering and the director of Computational Intelligence Laboratories at Rutgers University. Dr. Micheli-Tzanakou was also a founding fellow of the American Institute for Medical and Biological Engineering (AIMBE), a Fellow of the Institute of Electrical and Electronics Engineers (IEEE), and a Fellow of the New Jersey Academy of Medicine. Dr. Micheli-Tzanakou's areas of interest included neural networks, information processing in the brain, image and signal processing applied to biomedicine, telemedicine, mammography, hearing aids and electronic equivalents of neurons.  Dr. Micheli-Tzanakou received international attention in 1974 when she established the first Brain to Computer Interface (BCI) using her algorithm ALOPEX. This method was used in the study of Parkinson's disease. The ALOPEX algorithm has also been applied toward signal processing, image processing, and pattern recognition. Dr. Micheli-Tzanakou died on September 24, 2012, after a long fight with cancer.",9148,"2008-02-20T15:52:13Z",2008,66,353,0,0
"Q5486203","Frank Dellaert","male","Belgian roboticist",1966,1,"1950-69","male","Frank Dellaert is a professor in the School of Interactive Computing at the Georgia Institute of Technology. He is also affiliated with the IRIM@GT center and is well known for contributions to Robotics and Computer Vision.",6714,"2007-11-29T13:33:29Z",2007,41,1786,2,3
"Q5490605","Frank van Harmelen","male","Dutch computer scientist",1960,3,"1950-69","male","Frank van Harmelen (born 1960) is a Dutch computer scientist and professor in Knowledge Representation & Reasoning in the AI department at the Vrije Universiteit Amsterdam. He was scientific director of the LarKC project (2008–2011), ""aiming to develop the Large Knowledge Collider, a platform for very large scale semantic web reasoning.""

",11736,"2007-02-06T18:40:08Z",2007,47,1277,2,2
"Q5499948","Terry Bollinger","male","American computer scientist",1955,2,"1950-69","male","Terry Benton Bollinger (born February 6, 1955) is an American computer scientist who works at the MITRE Corporation. In 2003 he wrote an influential report for the U.S. Department of Defense (U.S. DoD) in which he showed that free and open source software (FOSS) had already become a vital part of the United States Department of Defense software infrastructure, and that banning or restricting its use would have had serious detrimental impacts on DoD security, research capabilities, operational capabilities, and long-term cost efficiency. His report ended a debate about whether FOSS should be banned from U.S. DoD systems, and in time helped lead to the current official U.S. DoD policy of treating FOSS and proprietary software as equals. The report is referenced on the DoD CIO web site and has been influential in promoting broader recognition of the importance of free and open source software in government circles. Bollinger is also known for his activity in the IEEE Computer Society, where he was an editor for IEEE Software for six years, wrote the founding charter for IEEE Security & Privacy Magazine, and received an IEEE Third Millennium Medal for lifetime contributions to IEEE. He has written about a wide range of software issues including effective development processes, cyber security, and distributed intelligence.

",6918,"2005-06-06T01:46:42Z",2005,50,1230,0,0
"Q5524998","Gary Drescher","male","American artificial intelligence scientist",NA,3,"unknown","male","Gary L. Drescher is a scientist in the field of artificial intelligence (AI), and author of multiple books on AI, including Made-Up Minds: A Constructivist Approach to Artificial Intelligence.
His book describes a theory of how a computer program might be implemented to learn and use new concepts that have not been programmed into it. It introduces the Schema Mechanism, a general learning and concept-building mechanism inspired by Jean Piaget's account of human cognitive development.
The Schema Mechanism is intended to replicate key aspects of cognitive development during infancy. It takes Piaget's theory of human development as a source of inspiration for an artificial learning mechanism, and it extends and tests Piaget's theory by seeing whether a specific mechanism that works according to Piagetian themes exhibits Piagetian abilities.
In 2001 and 2002, Drescher was a visiting fellow at the Center for Cognitive Studies at Tufts University, which was directed by the American philosopher Daniel Dennett. Following his work at Tufts, he wrote the 2006 book Good and Real: Demystifying Paradoxes from Physics to Ethics, in which he defends rigorously mechanistic materialism. In this book, he discusses quantum mechanics, defending the Everett or Multiple Worlds Interpretation, against the dominant Copenhagen Interpretation. Among other things, he argues that the Everett Interpretation of quantum mechanics, allows for a completely determinist outlook, and it undermines the views of those (like Roger Penrose) who hold that quantum mechanics can give us some special insights into the nature of consciousness. In this book, Drescher also provides treatments of the Prisoner's Dilemma and Newcomb's Problem to build a defense of the golden rule and Kant's categorical imperative which does not require that we posit anything beyond the physical world as understood by the natural sciences.

",5135,"2005-05-16T14:36:37Z",2005,NA,1142,0,1
"Q5592974","Graham Kendall","male","British scientist",1961,4,"1950-69","male","Graham Kendall (born 21 July 1961) is a professor of computer science at the University of Nottingham, UK. He is currently (2016–present) the provost and CEO of University of Nottingham Malaysia Campus. He is also a pro-vice chancellor of the university.
He is a member of the Automated Scheduling, Optimisation and Planning (ASAP) Research Group within the School of Computer Science.
He is the editor-in-chief of the IEEE Transactions of Computational Intelligence and AI in Games.

",2606,"2008-06-21T21:40:21Z",2008,47,995,0,0
"Q5675083","Hartmut Neven","male","German computer scientist",1964,6,"1950-69","male","Hartmut Neven (born 1964) is a German American scientist and entrepreneur working in quantum computing, computer vision, robotics and computational neuroscience. He is best known for his work in face and object recognition and his contributions to quantum machine learning. He is currently Vice President of Engineering at Google where he leads the Quantum Artificial Intelligence Lab, which he founded in 2012.",24795,"2008-04-13T07:07:45Z",2008,44,19920,0,0
"Q5696759","Hector Levesque","male","Canadian artificial intelligence researcher",1951,4,"1950-69","male","Hector Joseph Levesque (born 1951) is a Canadian academic and researcher in artificial intelligence. His research concerns incorporating commonsense reasoning in intelligent systems and he initiated the Winograd Schemas Challenge.

",7251,"2007-05-24T12:07:17Z",2007,56,1470,3,1
"Q5814314","Wally Feurzeig","male","American researcher in Artificial Intelligence",1927,5,"pre-1950","male","Wallace ""Wally"" Feurzeig (June 10, 1927 – January 4, 2013) was an American computer scientist who was co-inventor, with Seymour Papert and Cynthia Solomon, of the programming language Logo, and a well-known researcher in artificial intelligence (AI).

",9996,"2005-03-20T00:39:54Z",2005,78,2256,9,13
"Q5880225","Holger H. Hoos","male","German-Canadian computer scientist",1969,3,"1950-69","male","Holger H. Hoos is a German-Canadian computer scientist and a Alexander von Humboldt-professor of artificial intelligence at RWTH Aachen University. He also holds a part-time appointment as a professor of machine learning at Leiden University, and he is an adjunct professor at the Computer Science Department of the University of British Columbia, where he held a full-time professorial appointment from 2000 until 2016. His research interests are focused on artificial intelligence, at the intersection of machine learning, automated reasoning and optimization, with applications in empirical algorithmics, bioinformatics and operations research.
In particular, he works on automated algorithm design and on stochastic local search algorithms. Since 2015, he is a Fellow of the Association for the Advancement of Artificial Intelligence (AAAI), and since 2020 a Fellow of the European Association for Artificial Intelligence (EurAI) as well as a Fellow of the Association for Computing Machinery (ACM).
He wrote the book Stochastic Local Search: Foundations and Applications (with Thomas Stützle), and his research is published widely in internationally leading journals and conference proceedings. In 2023 he received the ACM SIGKDD test-of-time award for his work on Auto-WEKA, together with Chris Thornton, Frank Hutter and Kevin Leyton-Brown. He also works in computer music, where he created the SALIERI music programming language and computer music system (with Thomas Helbich, Jürgen Kilian and Kai Renz) as well as GUIDO music notation (with Keith Hamel).
Hoos studied computer science at Department of Computer Science of the Technische Universität Darmstadt and received his doctorate there in 1998.",5334,"2009-04-24T23:12:28Z",2009,40,1393,2,3
"Q5919700","Howard Friedman","male","American statistician",1972,3,"1970-89","male","Howard Steven Friedman (born June 10, 1972) is an American statistician, data scientist, health economist, and writer who teaches at Columbia University
Friedman is known for his role as a lead modeler on a number of public sector and private sector projects and for his  publications in the fields of statistics, data science and health economics.

",8531,"2010-03-27T23:36:55Z",2010,38,1515,0,0
"Q5934631","Hugo de Garis","male","Australian AI researcher",1947,8,"pre-1950","male","Hugo de Garis (born 1947) is an Australian retired researcher in the sub-field of artificial intelligence (AI) known as evolvable hardware. In the 1990s and early 2000s, he performed research on the use of genetic algorithms to evolve artificial neural networks using three-dimensional cellular automata inside field programmable gate arrays. He has written about his belief in an coming war between the supporters and opponents of intelligent machines, with the potential for the elimination of humanity by artificial superintelligences.",12154,"2001-07-26T19:43:45Z",2001,54,8214,5,5
"Q5967606","I-Chen Wu","male","Taiwanese artificial intelligence researcher",1960,3,"1950-69","male","I-Chen Wu (Chinese: 吳毅成; pinyin: Wú Yìchéng) is a professor at Department of Computer Science, National Chiao Tung University. He received his B.S. in Electronic Engineering from National Taiwan University (NTU), M.S. in computer science from NTU, and Ph.D. in computer science from Carnegie-Mellon University, in 1982, 1984 and 1993, respectively. 
Wu invented a new game, named Connect6, a variation of the five-in-a-row game, and presented this game in the 11th Advances in Computer Games Conference (ACG'11) in 2005. The game-tree complexity of this game is quite high, close to Chinese Chess. Since presented in 2005, Connect6 has been a tournament item in Computer Olympiad. He wrote a program, named NCTU6, and won the gold in the tournament in 2006. Up to date, there have been at least four game websites supporting this game, at least 10 web forums for this game (in Traditional Chinese, Simplified Chinese, English, Spanish and multi-lingual), hundreds of thousands games played over the Internet, several Josekis (opening moves) and Tsumegos (like puzzles) developed, and one human Connect6 open tournament held in Summer 2006.
Wu also developed a game platform over Internet and actively participated in software development leading a team to major software components and framework in both clients and servers. In the client side, the team led by him developed a portable AWT/Swing architecture for Java game development, which has been used in some game companies including Sina Inc., Hinet, and ThinkNewIdea Inc., in Taiwan.",2796,"2007-02-07T15:42:20Z",2007,47,582,0,0
"Q5981834","Ian Horrocks","male","Professor of Computer Science at the University of Oxford",1958,2,"1950-69","male","Ian Robert Horrocks  is a professor of computer science at the University of Oxford in the UK and a Fellow of Oriel College, Oxford. His research focuses on knowledge representation and reasoning, particularly ontology languages, description logic and optimised tableaux decision procedures.

",13872,"2006-12-28T15:11:17Z",2006,48,1409,3,3
"Q6015381","Peter Nordin","male","Computer Scientist (1965-2020)",1965,4,"1950-69","male","Peter Nordin (9 August 1965 – 12 October 2020) was a Swedish computer scientist, entrepreneur and author who has contributed to artificial intelligence, automatic programming, machine learning, and evolutionary robotics.",21245,"2007-06-07T18:19:41Z",2007,42,1311,0,1
"Q4801683","Artur d'Avila Garcez","male","UK Computer scientist",1970,2,"1970-89","male","Artur d'Avila Garcez (born 1970) is a researcher in the field of computational logic and neural computation, in particular hybrid systems with application in software verification and information extraction. His contributions include neural-symbolic learning systems and nonclassical models of computation combining robust learning and reasoning. He is a Professor of Computer Science at City, University London.
Garcez is co-author of Neural-Symbolic Learning Systems and Neural-Symbolic Cognitive Reasoning. He is an editor of the Journal of Logic and Computation, Oxford University Press and associate member of Behavioral and Brain Sciences, Cambridge University Press. He is listed in Marquis Who's Who in the World and Marquis Who's Who in Science and Engineering.
Garcez received his PhD from Imperial College London in 2000 under the supervision of Dov Gabbay. The title of his thesis is Nonmonotonic Theory Refinement in Artificial Neural Networks.",3145,"2010-07-20T22:10:46Z",2010,40,669,0,0
"Q4806193","Ashwin Ram","male","American computer scientist",1960,2,"1950-69","male","Ashwin Ram (born July 27, 1960) is an Indian-American computer scientist. He was chief innovation officer at PARC from 2011 to 2016, and published books and scientific articles and helped start at least two companies.

",10474,"2008-04-11T18:14:27Z",2008,48,5104,0,1
"Q4811519","Astro Teller","male","British writer and scientist",1970,9,"1970-89","male","Eric ""Astro"" Teller (born 29 May 1970) is an American entrepreneur, computer scientist, and author, with expertise in the field of intelligent technology.",15841,"2008-07-02T20:32:39Z",2008,38,36757,2,1
"Q4815998","Cynthia Solomon","female","computer scientist",1938,9,"pre-1950","female","Cynthia Solomon is an American computer scientist known for her work in popularizing computer science for students. She is an innovator in the fields of computer science and educational computing. While working as a researcher at Massachusetts Institute of Technology (MIT), Solomon took it upon herself to understand and program in the programming language Lisp. As she began learning this language, she realized the need for a programming language that was more accessible and understandable for children.
Throughout her research studies in education, Solomon worked full-time as a computer teacher in elementary and secondary schools. Her work has mainly focused on research on human-computer interaction and children as designers. While working at Bolt, Beranek and Newman, she worked with Wally Feurzeig and Seymour Papert, to create the first programming language for children, named Logo. The language was created to teach concepts of programming related to Lisp.
Solomon has been active in a number of public and private organizations. She was vice president of R&D for Logo Computer Systems, Inc., when the Apple Logo product was developed. She was also the Director of the Atari Cambridge Research Laboratory. Solomon later worked on the program committee of Constructing Modern Knowledge and the Marvin Minsky Institute for Artificial Intelligence in 2016.
Solomon has published a range of books and articles based on original research in the fields of child education and technology use in the classroom. She has conducted workshops in elementary schools, high schools, and colleges regarding academic research and writing. Solomon continues to contribute to the field by speaking at conferences and working with the One Laptop per Child Foundation.",12405,"2012-11-20T12:29:16Z",2012,74,3523,9,12
"Q4816115","Catherine G. Wolf","female","Psychologist, computer scientist",1947,10,"pre-1950","female","Catherine Gody Wolf (May 25, 1947 – February 7, 2018) was an American psychologist and expert in human-computer interaction. She was the author of more than 100 research articles and held six patents in the areas of human-computer interaction, artificial intelligence, and collaboration. Wolf was known for her work at IBM's Thomas J. Watson Research Center in Yorktown Heights, NY, where she was a 19-year staff researcher.
In the late 1990s, Wolf was diagnosed with Amyotrophic lateral sclerosis (ALS), better known as Lou Gehrig's disease. Despite a rapid physical deterioration, Wolf was still able to communicate with the world via electronic sensory equipment, including a sophisticated brain-computer interface. Remarkably, with almost no voluntary physical functions remaining, she published novel research into the fine-scale abilities of ALS patients.

",14426,"2012-10-16T03:42:11Z",2012,65,928,0,0
"Q4829472","Avrim Blum","male","American computer scientist",1966,6,"1950-69","male","Avrim Louis Blum (born 27 May 1966) is a computer scientist.  In 2007, he was made a Fellow of the Association for Computing Machinery ""for contributions to learning theory and algorithms."" Blum attended MIT, where he received his Ph.D. in 1991 under professor Ron Rivest. He was a professor of computer science at Carnegie Mellon University from 1991 to 2017.
In 2017, he joined Toyota Technological Institute at Chicago as professor and chief academic officer.
His main work has been in the area of theoretical computer science, with particular activity in the fields of machine learning, computational learning theory, algorithmic game theory, database privacy, and algorithms.
Avrim is the son of two other well-known computer scientists, Manuel Blum, winner of the 1995 Turing Award, and Lenore Blum.

",4217,"2007-12-06T12:47:24Z",2007,41,9198,3,3
"Q4865105","Bart Selman","male","Dutch-American computer scientist",1950,4,"1950-69","male","Bart Selman is a Dutch-American professor of computer science at Cornell University. He is also co-founder and principal investigator of the Center for Human-Compatible Artificial Intelligence (CHAI) at the University of California, Berkeley, led by Stuart J. Russell, and co-chair of the Computing Community Consortium's 20-year roadmap for AI research. In 2020-2022, he was the president of AAAI.

",9504,"2005-02-24T05:46:12Z",2005,55,1744,3,4
"Q4888930","Benjamin Kuipers","male","computer scientist",1949,2,"pre-1950","male","Benjamin Kuipers (born 7 April 1949) is an American computer scientist at the University of Michigan, known for his research in qualitative simulation.

",5363,"2011-11-08T21:27:07Z",2011,62,1440,1,1
"Q4894058","Bernd Noack","male","German scientist",1966,1,"1950-69","male","Bernd Rainer Noack (born 17 February 1966, Korbach, West Germany) is a German physicist. 
His research and teaching area is closed-loop flow control for transport systems. Focus is placed on machine learning control and model-based nonlinear control using reduced-order modelling and nonlinear (attractor) closures. Currently investigated configurations include wakes, mixing layers, jets, combustor mixing and aerodynamic flows around cars and airplanes.",7809,"2009-02-17T12:36:28Z",2009,43,975,0,0
"Q4894234","Bernhard Schölkopf","male","German computer scientist",1968,6,"1950-69","male","Bernhard Schölkopf (born 20 February 1968) is a German computer scientist known for his work in machine learning, especially on kernel methods and causality. He is a director at the Max Planck Institute for Intelligent Systems in Tübingen, Germany, where he heads the Department of Empirical Inference. He is also an affiliated professor at ETH Zürich, honorary professor at the University of Tübingen and Technische Universität Berlin, and chairman of the European Laboratory for Learning and Intelligent Systems (ELLIS).",19678,"2005-01-06T19:03:13Z",2005,37,7714,3,5
"Q4895807","Bertram Raphael","male","American computer scientist",1936,5,"pre-1950","male","Bertram Raphael (born November 16, 1936) is an American computer scientist known for his contributions to artificial intelligence.",4961,"2006-06-16T18:01:04Z",2006,70,2030,2,2
"Q18719199","Bing Liu (computer scientist)","male","Chinese-American computer scientist",1963,2,"1950-69","male","Bing Liu is a Chinese-American professor of computer science who specializes in data mining, machine learning, and natural language processing. In 2002, he became a scholar at University of Illinois at Chicago.
He holds a PhD from the University of Edinburgh (1988). His PhD advisors were Austin Tate and Kenneth Williamson Currie, and his PhD thesis was titled Reinforcement Planning for Resource Allocation and Constraint Satisfaction.",22042,"2015-01-01T17:49:29Z",2015,52,1287,0,1
"Q18719253","Eric Xing","male","American artificial intelligence researcher",2000,5,"1990+","male","Eric Poe Xing (Chinese: 邢波) is an American computer scientist who has been serving as president of Mohamed bin Zayed University of Artificial Intelligence (MBZUAI) since January 2021. He is also a professor in the Carnegie Mellon University School of Computer Science where he founded the SAILING Lab in 2004, and is the co-founder of the AI companies Petuum and GenBio AI.
Xing's research focuses on statistical machine learning, probabilistic graphical models, and systems for distributed machine learning. He was elected a Fellow of the Institute of Electrical and Electronics Engineers in 2019 for ""contributions to machine learning algorithms and systems"" and a Fellow of the Association for Computing Machinery in 2022 for ""contributions to algorithms, architectures, and applications in machine learning.""",16287,"2014-12-16T19:01:07Z",2014,14,16814,2,4
"Q18720176","Nuria Oliver","female","Spanish computer scientist",1970,10,"1970-89","female","Nuria Oliver is a computer scientist. She is the director of the ELLIS Alicante Foundation,  Chief Data Scientist at DataPop Alliance, and president of the board of trustees of UNED. Previously, she was an independent director on the board of directors of Bankia, Commissioner of the Presidency of Valencia for AI and COVID-19, Director of Data Science Research at Vodafone, Scientific Director at Telefónica and researcher at Microsoft Research. She holds a PhD from the Media Lab at MIT, and is an IEEE Fellow, ACM Fellow, a member of the board of ELLIS, and elected permanent member of the Royal Academy of Engineering of Spain. She is one of the most cited female computer scientists in Spain, with her research having been cited by more than 24,000 publications. She is well known for her work in computational models of human behavior, human computer-interaction, mobile computing and big data for social good.",42697,"2014-10-21T10:15:03Z",2014,44,2261,0,0
"Q18817338","Noriko H. Arai","female","Japanese mathematician",1962,9,"1950-69","female","Noriko H. Arai (Japanese: 新井紀子, romanized: Arai Noriko, born 1962) is a Japanese researcher in mathematical logic and artificial intelligence, known for her work on a project to develop robots that can pass the entrance examinations for the University of Tokyo. She is a professor in the information and society research division of the National Institute of Informatics.

",24189,"2018-10-20T04:50:44Z",2018,56,1853,0,0
"Q19286477","Jan Peters (computer scientist)","male","German computer scientist (born 1976)",1976,4,"1970-89","male","Jan Peters (born August 14, 1976) is a German computer scientist. He is Professor of Intelligent Autonomous Systems at Department of Computer Science of the Technische Universität Darmstadt.
Peters is renowned for his research in machine learning and robotics.",5653,"2019-01-10T21:48:59Z",2019,43,2596,1,1
"Q19289075","Carme Torras","female","Catalan mathematician and computer scientist",1956,8,"1950-69","female","Carme Torras Genís (born 4 July 1956) is a Spanish computer scientist who has contributed to research on robotics and artificial intelligence. A member of Academia Europaea since 2010, she writes technical works in English and fiction in Catalan.

",5457,"2015-11-08T15:08:12Z",2015,59,659,0,0
"Q19296289","Michael Backes","male","German computer scientist and mathematician",1978,2,"1970-89","male","Michael Backes (born 7 January 1978) is a German professor of computer science. He is the founding director and CEO of the CISPA Helmholtz Center for Information Security. He is known for his work on formal methods, cryptography and privacy-enhancing technologies.",8742,"2019-08-15T20:00:55Z",2019,41,1898,0,0
"Q19364605","Peter Stone (professor)","male","computer scientist at the University of Texas at Austin",1971,6,"1970-89","male","Peter Stone is an American computer scientist who holds the Truchard Foundation Chair of Computer Science at The University of Texas at Austin. He is also Chief Scientist of Sony AI, an Alfred P. Sloan Research Fellow, Guggenheim Fellow, AAAI Fellow, IEEE Fellow, AAAS Fellow, ACM Fellow,  and Fulbright Scholar.",16240,"2015-01-22T01:20:39Z",2015,44,4377,1,1
"Q19609665","Jean-Christophe Baillie","male","French artificial intelligence researcher and entrepreneur",1974,3,"1970-89","male","Jean-Christophe Baillie (; born 28 April 1974) is a French scientist and entrepreneur. He founded the ENSTA ParisTech Robotics Lab where he worked on developmental robotics and computational evolutionary linguistics. While at ENSTA, he designed the urbiscript programming language to control robots, which became the base technology of Gostai, a robotics startup he created in 2006, which was acquired by Aldebaran Robotics in 2012.
Jean-Christophe Baillie holds a degree from the École Polytechnique in Paris where he studied computer science and theoretical physics. He did his PhD in Artificial Intelligence and Robotics at Université Pierre & Marie Curie in co-supervision with Luc Steels at the Sony Computer Science Lab in Paris.",8914,"2015-03-03T16:35:35Z",2015,41,479,0,1
"Q7382878","Ruth Aylett","female","British computer scientist",1951,2,"1950-69","female","Ruth S. Aylett (born 1951) is a British author, computer scientist, professor, poet and political activist. She is a professor of computer science at Heriot-Watt University in Edinburgh, where she specialises in affective computing, social computing, software agents, and human–robot interaction.",11008,"2004-03-07T04:26:00Z",2004,53,24149,0,0
"Q7418633","Sankar Kumar Pal","male","Indian computer scientist",1950,5,"1950-69","male","Sankar Kumar Pal (born 1950) is an Indian computer scientist. He has served as Director as well as the President of the Indian Statistical Institute (ISI), Kolkata, and now serving as its Emeritus Professor. He is an ANRF Prime Minister Professor of the Government of India, currently hosted at IIIT Bhubaneswar.
His research includes pattern recognition, image processing, fuzzy neural networks, rough fuzzy hybridization, soft computing, granular mining, and machine intelligence. His work focuses on fuzzy set theory, neuro-fuzzy systems, and rough-fuzzy computing for uncertainty modelling, with applications in pattern recognition, image processing, machine learning, knowledge-based systems, and data mining. He founded the Machine Intelligence Unit in 1993 and the Center for Soft Computing Research in 2004, both at ISI.
He received the Shanti Swarup Bhatnagar Prize in 1990. In 2013, he was awarded the Padma Shri in Science and Engineering by the President of India for his contributions in machine intelligence.",15769,"2005-08-30T10:14:19Z",2005,55,4657,1,1
"Q7423979","Sargur Srihari","male","Indian academic",1950,3,"1950-69","male","Sargur Narasimhamurthy Srihari (7 May 1949 – 8 March 2022) was an Indian and American computer scientist and educator who made contributions to the field of pattern recognition. The principal impact of his work has been in handwritten address reading systems and in computer forensics. He was a SUNY Distinguished Professor in the School of Engineering and Applied Sciences at the University at Buffalo, Buffalo, New York, USA.",7825,"2009-09-18T20:52:50Z",2009,59,2138,0,1
"Q7451965","Sepp Hochreiter","male","German computer scientist",1967,4,"1950-69","male","Josef ""Sepp"" Hochreiter (born 14 February 1967) is a German computer scientist. Since 2018 he has led the Institute for Machine Learning at the Johannes Kepler University of Linz after having led the Institute of Bioinformatics from 2006 to 2018. In 2017 he became the head of the Linz Institute of Technology (LIT) AI Lab. Hochreiter is also a founding director of the Institute of Advanced Research in Artificial Intelligence (IARAI). Previously, he was at Technische Universität Berlin, at University of Colorado Boulder, and at the Technical University of Munich. He is a chair of the Critical Assessment of Massive Data Analysis (CAMDA) conference.
Hochreiter has made contributions in the fields of machine learning, deep learning and bioinformatics, most notably the development of the long short-term memory (LSTM) neural network architecture, but also in meta-learning, reinforcement learning and biclustering with application to bioinformatics data.

",15826,"2011-06-22T08:04:29Z",2011,44,10252,1,1
"Q7473569","Toby Walsh","male","British artificial intelligence researcher",1964,7,"1950-69","male","Toby Walsh is a British computer scientist who is Chief Scientist at UNSW.ai, the AI Institute of UNSW Sydney. He is a Laureate fellow, and professor of artificial intelligence in the UNSW School of Computer Science and Engineering at the University of New South Wales and Data61 (formerly NICTA). He has served as Scientific Director of NICTA, Australia's centre of excellence for ICT research. He is noted for his work in artificial intelligence, especially in the areas of social choice, constraint programming and propositional satisfiability. He has served on the Executive Council of the Association for the Advancement of Artificial Intelligence.",12137,"2010-08-17T14:01:33Z",2010,46,8224,1,1
"Q7495736","Sheyene Gerardi","female","Venezuelan television personality, and businesswoman",1901,12,"pre-1950","female","Sheyene Gerardi (born April 13) is an Italo-Venezuelan former actress, producer, and media proprietor.",12463,"2015-11-18T20:02:19Z",2015,114,2907,0,0
"Q7555839","Solar X","male","Russian IDM musician and scientist",1971,2,"1970-89","male","Roman Vyacheslavovich Belavkin (Russian: Рома́н Вячесла́вович Бела́вкин; born 9 January 1971) is a Russian-British electronic musician, computer scientist, and wushu master. He is the son of mathematician Viacheslav Belavkin.
As a musician, he is known under the pseudonym Solar X (also: SolarX). He is considered one of the pioneers of the Russian intelligent dance music (IDM) scene of the 1990s. He founded the label Art-Tek Records, the first Russian label specializing in IDM.
He was European wushu champion (1992) and holds the title of International Master of Sport.
Since the mid-2000s, he has lived in the United Kingdom, where he works as an associate professor of computer science and artificial intelligence at Middlesex University.",27172,"2026-01-30T12:09:30Z",2026,55,731,0,2
"Q7597639","Stan Franklin","male","American scientist",1931,2,"pre-1950","male","Stan Franklin (August 14, 1931 – January 23, 2023) was an American scientist. He was the W. Harry Feinstone Interdisciplinary Research Professor at the University of Memphis in Memphis, Tennessee, and co-director of the Institute of Intelligent Systems.  He is the author of Artificial Minds (MIT Press, 1995), and the developer of IDA, and its successor LIDA, which are both computational implementations of global workspace theory. He is the founder of the Cognitive Computing Research Group at the University of Memphis.",7966,"2005-02-01T18:37:42Z",2005,74,1504,0,0
"Q92729","Franz Baader","male","German computer scientist",1959,6,"1950-69","male","Franz Baader (15 June 1959, Spalt) is a German computer scientist at Dresden University of Technology.
He received his PhD in Computer Science in 1989 from the University of Erlangen-Nuremberg, Germany, where he was a teaching and research assistant for 4 years. 
In 1989, he went to the German Research Centre for Artificial Intelligence (DFKI) as a senior researcher and project leader.
In 1993 he became associate professor for computer science at RWTH Aachen, and in 2002 full professor for computer science at TU Dresden.
He received the Herbrand Award for the year 2020 ""in recognition of his significant contributions to unification theory, combinations of theories and reasoning in description logics"".

",5016,"2006-01-06T19:16:36Z",2006,47,791,1,2
"Q92735","Jürgen Schmidhuber","male","German computer scientist and artificial intelligence researcher",1963,16,"1950-69","male","Jürgen Schmidhuber (born 17 January 1963) is a German computer scientist in the field of artificial intelligence, specifically artificial neural networks. He is a scientific director of the Dalle Molle Institute for Artificial Intelligence Research in Switzerland. He is also director of the Artificial Intelligence Initiative and professor of the Computer Science program in the Computer, Electrical, and Mathematical Sciences and Engineering (CEMSE) division at the King Abdullah University of Science and Technology (KAUST) in Saudi Arabia.
He is best known for his work on long short-term memory (LSTM), a type of neural network architecture which was the dominant technique for various natural language processing tasks in research and commercial applications in the 2010s. He also introduced principles of dynamic neural networks, meta-learning, generative adversarial networks and linear transformers, all of which are widespread in modern AI.",32954,"2003-12-17T11:26:18Z",2003,40,61436,35,33
"Q92733","James Goodnight","male","American businessman",1943,8,"pre-1950","male","James Howard Goodnight (born January 6, 1943) is an American billionaire businessman and software developer. He has been the CEO of SAS since 1976, which he co-founded that year with other faculty members of North Carolina State University. As of 2025, his net worth was estimated at US$18.5 billion, according to Bloomberg Billionaires Index and he is regarded as the richest person in North Carolina.",31238,"2006-09-08T16:35:01Z",2006,63,34124,31,30
"Q92739","John McCarthy (computer scientist)","male","American computer scientist and cognitive scientist (1927-2011)",1927,67,"pre-1950","male","John McCarthy (September 4, 1927 – October 24, 2011) was an American computer scientist and cognitive scientist. He was one of the founders of the discipline of artificial intelligence, and part of just a small group of artificial intelligence researchers in the 1950s and 1960s. He co-authored the proposal for the Dartmouth workshop which coined the term ""artificial intelligence"" (AI), led the development of the symbolic programming language family Lisp and had a large influence in the language ALGOL, popularized time-sharing, and created garbage collection.
McCarthy spent most of his career at Stanford University. He received many accolades and honors, such as the 1971 Turing Award for his contributions to the topic of AI, the United States National Medal of Science, and the Kyoto Prize.

",38855,"2003-08-31T06:19:50Z",2003,76,252716,56,53
"Q17505033","Yaser Abu-Mostafa","male","Egyptian-American computer scientist",1957,4,"1950-69","male","Yaser Said Abu-Mostafa (Arabic: ياسر سعيد أبو مصطفى) is an Egyptian-American Professor of Electrical Engineering and Computer Science at the California Institute of Technology, Chairman of Paraconic Technologies Ltd, and Chairman of Machine Learning Consultants LLC. He is known for his research and educational activities in the area of machine learning.",2911,"2014-08-11T22:24:23Z",2014,57,4718,0,0
"Q17517256","Radhika Nagpal","female","American computer scientist",NA,4,"unknown","female","Radhika Nagpal is an Indian-American computer scientist and researcher in the fields of self-organising computer systems, biologically-inspired robotics, and biological multi-agent systems. She is currently the Norman R. Augustine '57*59 Professor in Robotics in the Departments of Mechanical and Aerospace Engineering and Computer Science at Princeton University.

",11670,"2014-08-09T19:19:13Z",2014,NA,3386,5,2
"Q17517312","Pietro Perona","male","Italian-American computer scientist",1961,5,"1950-69","male","Pietro Perona (born 3 September 1961) is an Italian-American educator and computer scientist. He is the Allan E. Puckett Professor of Electrical Engineering and Computation and Neural Systems at the California Institute of Technology and director of the National Science Foundation Engineering Research Center in Neuromorphic Systems Engineering. He is known for his research in computer vision and is the director of the Caltech Computational Vision Group.",9218,"2014-08-11T22:57:14Z",2014,53,9654,3,3
"Q17612194","John Henry Clippinger","male","American artificial intelligence researcher",NA,2,"unknown","male","John Henry Clippinger III is a researcher, entrepreneur, and activist around decentralized, autonomous, self-organizing systems with a focus on generative governance and finance for climate change and social equity.
He is the author of A Crowd of One: The Future of Individual Identity (Perseus, Public Affairs, 2007) and a number of other books and publications. He edited The Biology of Business: Decoding the Natural Laws of Enterprises (Jossey Bass, 1998), contributed to The Reputation Society: How Online Opinions Are Reshaping The Offline World, and co-edited (with David Bollier) From Bitcoin to Burning Man and Beyond: The Quest for Identity and Autonomy in a Digital Society.
He contributed to the ""A Renaissance of the Commons: How the New Sciences and Internet are Framing a New Global Identity and Order"" chapter in Code: Collaboration, Ownership and the Digital Economy (Cambridge, Mass.: MIT Press.2009) Social Physics, Designing New Social Institutions (The Center for Natural and Social Science, Chinese Academy of Science, Beijing China, September; 2007), On Protecting One’s Good Name: An Inquiry into Effective Reputation and Rating Systems, in 'Hassan Masum, (Mark Tovey, editors,  Digital Innovation in Governance: New Rules for Sharing and Protecting Private Information, and with the Kauffman Task Force on Law, Innovation, and Growth, Rules for Growth; Promoting Innovation and Growth Through Legal Reform, p. 381-407, 2011, Marion Kauffman Foundation.
He is a contributor to Techonomy.com, and The American Banker.",12378,"2014-04-30T03:30:34Z",2014,NA,1097,0,0
"Q17708831","Kunwer Sachdev","male","Indian entrepreneur",1962,2,"1950-69","male","Kunwer Sachdev is an Indian entrepreneur and businessperson. He founded Su-Kam Power Systems Ltd in 1998, establishing one of India’s early organised manufacturers of inverter and power-backup systems. 
He is also the mentor of Su-Vastika, an Indian power backup provider started by his wife, Khushbhoo Sachdev, in 2019. He is also active as a mentor and industry advisor, including association with startup and investor networks such as Delhi Angels.
He is also a member of the Gurugram Metropolitan Development Authority, a government agency in Gurugram, Haryana, India.",14388,"2014-08-29T10:25:17Z",2014,52,11778,0,0
"Q18154286","David Wolpert","male","American mathematician, physicist and computer scientist",1961,2,"1950-69","male","David Hilton Wolpert is an American physicist and computer scientist. He is a professor at Santa Fe Institute. He is the author of three books, three patents, over one hundred refereed papers, and has received two awards. His name is particularly associated with a theorem in computer science known as ""no free lunch"".",13300,"2014-09-22T15:08:50Z",2014,53,6015,0,0
"Q18209599","François Pachet","male","scientist, research director",1964,4,"1950-69","male","François Pachet (born 10 January 1964) is a French scientist, composer and director of the Spotify Creator Technology Research Lab. Before joining Spotify he led Sony Computer Science Laboratory in Paris. He is one of the pioneers of computer music closely linked to artificial intelligence, especially in the field of machine improvisation and style modelling. He has been elected ECCAI Fellow in 2014. IN 2025 he cofounded https://imagineallthepeople.io, a pioneering company dedicated to synthetic populations, as well as Ynosound, a startup dedicated to AI-assisted songwriting and composition.

",14867,"2014-10-06T12:49:02Z",2014,50,1227,1,1
"Q18213918","Alice Recoque","female","French computer scientist and artificial intelligence specialist",1929,9,"pre-1950","female","Alice Recoque (née Arnaud; 29 August 1929 – 28 January 2021) was a French computer scientist, computer engineer and computer architecture specialist. She worked on the designs of mini-computers  in the 1970s and led research focused on artificial intelligence.",12797,"2019-07-11T16:51:09Z",2019,90,2644,1,1
"Q18218105","Larry Travis","male","scientist",1929,3,"pre-1950","male","Larry E. Travis (June 5, 1929 – August 14, 2017) was a Professor Emeritus at the Department of Computer Sciences as the University of Wisconsin–Madison. He had a faculty position at the University of Wisconsin as early as 1964 (two years before his Ph.D.) until 1994. He got his Ph.D. from University of California, Los Angeles in 1966, with a dissertation titled as: A Logical Analysis of the Concept of Stored Program: A Step Toward a Possible Theory of Rational Learning.",3567,"2014-10-01T20:45:07Z",2014,85,813,0,0
"Q18631746","Kenneth M. Sayre","male","American philosopher (1928–2022)",1928,1,"pre-1950","male","Kenneth M. Sayre (August 13, 1928 – October 6, 2022) was an American philosopher who spent most of his career at the University of Notre Dame (ND). His early career was devoted mainly to philosophic applications of artificial intelligence, cybernetics, and information theory. Later on his main interests shifted to Plato, philosophy of mind, and environmental philosophy. His retirement in 2014 was marked by publication of a history of ND's Philosophy Department, Adventures in Philosophy at Notre Dame.",19675,"2014-12-11T08:13:10Z",2014,86,1210,1,3
"Q6293391","José Mauro Volkmer de Castilho","male","Brazilian scientist",1946,2,"pre-1950","male","José Mauro Volkmer de Castilho (1946–1998) was a Brazilian scientist, teacher and researcher.

",2368,"2005-12-08T18:47:29Z",2005,59,278,0,0
"Q6298326","João Pavão Martins","male","Portuguese businessman",NA,2,"unknown","male","João Pavão Martins is a Full Professor of Computer Science and Engineering in Instituto Superior Técnico (University of Lisbon).
He was one of the people behind the creation of the Computer Science and Engineering degree at Instituto Superior Técnico in 1988, and one of the founders of the Department of Computer Science and Engineering at the same institute in 1998. 
Between 2002 and 2004 he was the head of this Department and again in 2009, for a two-year term.
He is also a software industry entrepreneur.
In 1986, together with Ernesto Morgado, he founded SISCOG – Sistemas Cognitivos, SA, a start up company devoted to the applications of Artificial Intelligence. Together they led the company to develop and deploy a series of complex software systems in railway and metro companies throughout the world. These systems plan and manage more than 20,000 people, affect the life of millions of passengers, and have been awarded by several prestigious organisations in Europe and the United States.
João Pavão Martins has a Licentiate degree in mechanical engineering (1976) from Instituto Superior Técnico (Technical University of Lisbon), a Master of Science in computer science (1979) and a Ph.D. in artificial intelligence (1983) from State University of New York at Buffalo.

",6868,"2009-07-30T13:36:06Z",2009,NA,322,1,1
"Q6300747","Juan Pavón","male","Spanish computer scientist (b.1962)",1962,5,"1950-69","male","Juan Pavón (born 19 November 1962) is a Spanish computer scientist, full professor of the Complutense University of Madrid (UCM). He is a pioneer researcher in the field of Software Agents, co-creator of the FIPA MESSAGE and INGENIAS methodologies, and founder and director of the research group GRASIA: GRoup of Agent-based, Social and Interdisciplinary Applications at UCM. He is known for his work in the field of Artificial Intelligence, specifically in agent-oriented software engineering. He has been often cited by mainstream media, as a reference in Artificial Intelligence.",34653,"2012-11-08T18:42:03Z",2012,50,685,0,0
"Q6304715","Juergen Pirner","male","German computer scientist and computational linguist",1956,1,"1950-69","male","Juergen Pirner (born 1956) is the German creator of Jabberwock, a chatterbot that won the 2003 Loebner prize.
Pirner created Jabberwock modelling the Jabberwocky from Lewis Carroll's poem of the same name. Initially, Jabberwock would just give rude or fantasy-related answers; but over the years, Pirner has programmed better responses into it. As of 2007 he has taught it 2.7 million responses.
Pirner lives in Hamburg, Germany.",1496,"2007-09-09T19:08:49Z",2007,51,291,0,0
"Q6308043","Julie Beth Lovins","female","Computational linguist",1945,1,"pre-1950","female","Julie Beth Lovins (October 19, 1945, in Washington, D.C. – January 26, 2018, in Mountain View, California) was a computational linguist who published The Lovins Stemming Algorithm - a type of stemming algorithm for word matching - in 1968.

The Lovins Stemmer is a single pass, context sensitive stemmer, which removes endings based on the longest-match principle. The stemmer was the first to be published and was extremely well developed considering the date of its release, having been the main influence on a large amount of the future work in the area. -Adam G., et al",13933,"2011-05-26T19:13:46Z",2011,66,752,0,1
"Q6311399","Jun'ichi Tsujii","male","Japanese computer scientist",1949,2,"pre-1950","male","Jun'ichi Tsujii (辻井 潤一, Tsujii Jun'ichi; born 7 February 1949) is a Japanese computer scientist specializing in natural language processing and text mining, particularly in the field of biology and bioinformatics.",14354,"2010-07-20T10:26:50Z",2010,61,996,0,0
"Q6311502","Jun S. Liu","male","Chinese-American mathematician and statistician",1965,3,"1950-69","male","Jun S. Liu (Chinese: 刘军; pinyin: Liú Jūn; born 1965) is a Chinese-American statistician focusing on Bayesian statistical inference, statistical machine learning, and computational biology. He was assistant professor of statistics at Harvard University from 1991 to 1994. From 1994 to 2004, he was Assistant, Associate, and full Professor of Statistics (promoted while being on leave) at Stanford University. In 2000, Liu returned to Harvard as Professor of Statistics in the Department of Statistics and also held a courtesy appointment at Harvard T.H. Chan School of Public Health. In September 2025, Liu left the United States and moved to Tsinghua University for a full-time appointment.
Liu has written many research papers and a book about Markov chain Monte Carlo algorithms, including their applications in biology. He is also co-author of several early software on biological sequence motif discovery.: MACAW, Gibbs Motif Sampler, BioProspector, Motif regressor, MDScan, Tmod; on genetic data analysis: BLADE, HAPLOTYPER, PL-EM, BEAM; and more recently on, genome structure, gene expression and cell type analysis: HiCNorm, BACH, CLIME, RABIT, CLIC, TIMER, and PhyloAcc.",8077,"2011-05-29T23:04:35Z",2011,46,6075,0,0
"Q6347479","Kai Puolamäki","male","Finnish physicist",1972,2,"1970-89","male","Kai Puolamäki is a Finnish physicist and Internet activist. He has been a vocal spokesman of the Finnish anti-copyright movement.",2886,"2006-10-29T03:53:54Z",2006,34,553,0,0
"Q6354986","Kalyanmoy Deb","male","Indian academic",1962,2,"1950-69","male","Kalyanmoy Deb (born 1963) is an Indian computer scientist. Deb is currently the Endowed Shelby Distinguished Professor in the Department of Computer Science, Lee J. Styslinger Jr. College of Engineering at the University of Alabama.
Deb established the Kanpur Genetic Algorithms Laboratory at IIT Kanpur in 1997 and the Computational Optimization and Innovation (COIN) Laboratory at Michigan State in 2013, which has since moved to the University of Alabama. In 2001, Wiley published a textbook written by Deb titled Multi-Objective Optimization using Evolutionary Algorithms as part of its series titled ""Systems and Optimization"". In an analysis of the network of authors in the academic field of evolutionary computation by Carlos Cotta and Juan-Julián Merelo, Deb was identified as one of the most central authors in the community and was designated as a ""sociometric superstar"" of the field.",15483,"2006-07-14T03:03:39Z",2006,44,3233,2,3
"Q214119","Luciano Floridi","male","Italian philosopher",1964,43,"1950-69","male","Luciano Floridi (Italian: [luˈtʃaːno ˈflɔːridi]; born 16 November 1964) is an Italian and British philosopher. He is John K. Castle Professor in the Practice of Cognitive Science and Founding Director of the Digital Ethics Center at Yale University. He is also a Professor of Sociology of Culture and Communication at the University of Bologna, Department of Legal Studies, where he is the director of the Centre for Digital Ethics. Furthermore, he is adjunct professor (""distinguished scholar in residence"") at the Department of Economics, American University, Washington D.C.  He is married to the neuroscientist Anna Christina Nobre.
Floridi is best known for his work on two areas of philosophical research: the philosophy of information, and information ethics (also known as digital ethics or computer ethics), for which he received many awards, including the Knight of the Grand Cross of the Order of Merit, Italy's most prestigious honor. According to Scopus, Floridi was the most cited living philosopher in the world in 2020.
Between 2008 and 2013, he held the research chair in philosophy of information and the UNESCO Chair in Information and Computer Ethics at the University of Hertfordshire. He was the founder and director of the IEG, an interdepartmental research group on the philosophy of information at the University of Oxford, and of the GPI the research Group in Philosophy of Information at the University of Hertfordshire. He was the founder and director of the SWIF, the Italian e-journal of philosophy (1995–2008). He is a former Governing Body Fellow of St Cross College, Oxford.",19476,"2006-03-25T19:23:18Z",2006,42,21781,1,0
"Q218823","Joshua Lederberg","male","American molecular biologist (1925–2008)",1925,56,"pre-1950","male","Joshua Lederberg  (May 23, 1925 – February 2, 2008) was an American molecular biologist known for his work in microbial genetics, artificial intelligence, and the United States space program. He was 33 years old when he won the 1958 Nobel Prize in Physiology or Medicine for discovering that bacteria can mate and exchange genes (bacterial conjugation); work that was conducted alongside his wife Esther, who was uncredited for her contributions. He shared the prize with Edward Tatum and George Beadle, who won for their work with genetics.
In addition to his contributions to biology, Lederberg did extensive research in artificial intelligence. This included work in the NASA experimental programs seeking life on Mars and the chemistry expert system Dendral.",27431,"2004-02-29T04:20:23Z",2004,79,19970,6,7
"Q6035033","Inman Harvey","male","British computer scientist",1948,1,"pre-1950","male","Inman Harvey (died 5 June 2026) was a British computer scientist and academic who was a senior lecturer in computer science and artificial intelligence at the University of Sussex; he later was a visiting senior research fellow at the same university. His research interests largely centered on the development of artificial evolution as an approach to the design of complex systems. Application domains of interest included evolutionary robotics, evolvable hardware, molecules for pharmaceutical purposes.
Together with other Sussex faculty, mainly from the School of Cognitive and Computer Sciences (COGS), he developed the MSc programme on Evolutionary and Adaptive Systems (EASy), which was active in the 1990s and 2000s, attracting dozens of students that have contributed to artificial life, evolutionary robotics, cognitive science and other disciplines.
Harvey's other interests included philosophical approaches to AI and artificial life (a non-representational, dynamical systems approach); passive dynamic walking; and Gaia theory. He originally started as a mathematician and philosopher at the University of Cambridge.
The article ""Evolving a Conscious Machine"" in the June 1998 issue of the magazine Discover (pp. 72–79) overviews Harvey's and Adrian Thompson's work with evolving an FPGA program to recognize tones. See:
Harvey died on 5 June 2026.

",3664,"2005-08-15T09:53:19Z",2005,57,1637,0,0
"Q6110605","Jacek M. Zurada","male","Polish computer scientist",1944,3,"pre-1950","male","Jacek M. Zurada is a Polish-American computer scientist who is a Professor of the Electrical and Computer Engineering Department at the University of Louisville, Kentucky. His M.S. and Ph.D. degrees are from Politechnika Gdaṅska (Gdansk University of Technology, Poland). He has held visiting appointments at the Swiss Federal Institute of Technology, Zurich, Princeton, Northeastern, and Auburn, and at overseas universities in Australia, Chile, China, France, Germany, Hong Kong, Italy, Japan, Poland, Singapore, Spain, and South Africa. He is a life fellow of IEEE and a fellow of the International Neural Networks Society and Doctor Honoris Causa of Czestochowa Institute of Technology, Poland.

",5036,"2006-10-15T03:47:53Z",2006,62,942,0,0
"Q6114143","Jack Minker","male","American artificial intelligence researcher",1927,5,"pre-1950","male","Jack Minker (4 July 1927 – 9 April 2021) was a leading authority in artificial intelligence, deductive databases, logic programming and non-monotonic reasoning. He was also an internationally recognized leader in the field of human rights of computer scientists. He was an Emeritus Professor in the University of Maryland Department of Computer Science, which is part of the College of Computer, Mathematical, and Natural Sciences.",9930,"2007-06-24T10:14:41Z",2007,80,627,1,0
"Q6132053","James Curran (educator)","male","computational linguist",NA,1,"unknown","male","James R. Curran is an Australian computational linguist. He is the former CEO of Grok Academy and previously a senior lecturer at the University of Sydney. He holds a PhD in Informatics from the University of Edinburgh.",8638,"2009-01-17T14:53:54Z",2009,NA,3944,0,0
"Q6133578","James F. Allen (computer scientist)","male","American computational linguist",1950,7,"1950-69","male","James Frederick Allen (born 1950) is an American computational linguist recognized for his contributions to temporal logic, in particular Allen's interval algebra. He is interested in knowledge representation, commonsense reasoning, and natural language understanding, believing that ""deep language understanding can only currently be achieved by significant hand-engineering of semantically-rich formalisms coupled with statistical preferences"". He is the John H. Dessaurer Professor of Computer Science at the University of Rochester.",8663,"2007-10-15T21:06:06Z",2007,57,1180,2,2
"Q6135847","James Hendler","male","American artificial intelligence researcher",1957,3,"1950-69","male","James Alexander Hendler (born April 2, 1957) is an artificial intelligence researcher at Rensselaer Polytechnic Institute, United States, and one of the originators of the Semantic Web.  He is a Fellow of the National Academy of Public Administration.",17577,"2005-09-21T20:16:40Z",2005,48,3564,5,3
"Q6137041","James K. Baker","male","American speech recognition researcher",NA,2,"unknown","male","James K. Baker is an American entrepreneur and computer scientist. Along with his wife Janet M. Baker, they co-founded the Dragon Systems and together credited with the creation of Dragon NaturallySpeaking.
James Baker is an expert in speech recognition technology and a Distinguished Career Professor at Carnegie Mellon University. From June 2007 to 2009, Baker served as director of research at the  Center of Excellence in Human Language at the Johns Hopkins University.

",3034,"2010-06-28T15:32:59Z",2010,NA,2353,2,2
"Q6141364","James Popple","male","CEO, lawyer, computer scientist, public servant and academic",1964,2,"1950-69","male","James Popple (born 1964) is
CEO of the Law Council of Australia.
He is also
an Honorary Professor in the College of Law and the College of Engineering and Computer Science at the Australian National University,
and a Fellow of the Australian Academy of Law.
He was
President of the ANU's Postgraduate and Research Students' Association (1990–91);
associate to High Court Justice Mary Gaudron (1995);
Deputy Registrar of the High Court of Australia (1996–98);
a senior executive in the Australian Attorney-General's Department (1998–2010);
the first Australian Freedom of Information Commissioner (2010–14);
a Senior Member of the Administrative Appeals Tribunal (2015–17);
a Principal Reviewer at CPM Reviews Pty Ltd (2018);
a member of the Australian Anti-Dumping Review Panel (2018–21);
a member of the ACT Remuneration Tribunal (2018–22);
Official Secretary to the Royal Commission into Aged Care Quality and Safety (2018–21);
and Official Secretary to the Royal Commission into Defence and Veteran Suicide (2021–22).
He has been a member of the Council of Burgmann College, ANU since 1985.
As part of his PhD research at the ANU (1993), he developed a legal expert system called SHYSTER.

",12662,"2012-06-03T16:05:56Z",2012,48,504,0,0
"Q6149019","Jan Hajič","male","Czech computaional linguist, professor",1960,4,"1950-69","male","Jan Hajič (born November 4,  1960 in Prague) is a Czech computational linguist and the former director of the Institute of Formal and Applied Linguistics at the Charles University in Prague, from which he also holds a PhD degree. He specializes in empirical NLP, machine translation, speech recognition and creating of treebanks.

",1453,"2007-02-13T03:23:18Z",2007,47,418,0,0
"Q6173359","Jeff Black (businessman)","male","American businessman",1962,3,"1950-69","male","Jeffery D. ""Jeff"" Black is an American chief executive officer and chief strategy officer associated with the information technology industry. He also is a programmer and inventor, holding six patents.",8139,"2009-09-11T16:22:31Z",2009,47,1843,0,0
"Q6173703","Jeff Dean","male","American computer scientist",1968,17,"1950-69","male","Jeffrey Adgate Dean (born July 23, 1968) is an American computer scientist and software engineer. He is best known for his work at Google, which he joined in 1999. He led Google AI from 2018 to 2023 and was Google's chief scientist from 2023 to 2026.  Dean co-founded the AI research start-up Discovery Loop in 2026.",33047,"2012-09-25T06:42:46Z",2012,44,243505,6,4
"Q4097133","Alexander Brudno","male","Russian mathematician (1918-2009)",1918,4,"pre-1950","male","Alexander L'vovich Brudno (Russian: Александр Львович Брудно) (10 January 1918 – 1 December 2009) was a Russian computer scientist, best known for fully describing the alpha-beta pruning algorithm. From 1991 until his death he lived in Israel.",10352,"2006-12-21T01:17:18Z",2006,88,578,0,2
"Q4143497","Alexander Gorban","male","Russian mathematician",1952,6,"1950-69","male","Alexander Nikolaevich Gorban (Russian: Александр Николаевич Горба́нь; 19 April 1952 – 21 September 2025) was a scientist of Russian origin, working in the United Kingdom. He was a professor at the University of Leicester, and director of its Mathematical Modeling Centre. Gorban contributed to many areas of fundamental and applied science, including statistical physics, non-equilibrium thermodynamics, machine learning and mathematical biology.
Gorban was the author of about 20 books and 300 scientific publications. He founded several scientific schools in the areas of physical and chemical kinetics, dynamical systems theory and artificial neural networks, and is ranked as one of the 1000 most cited researchers of Russian origin. In 2020, Gorban presented a keynote talk at the IEEE World Congress on Computational Intelligence.
He supervised six habilitations and more than 30 PhD theses.",19656,"2014-08-12T00:08:26Z",2014,62,1529,0,1
"Q4145096","Vladimir Gorodetski","male","Russian computer scientist",1937,3,"pre-1950","male","Vladimir Ivanovich Gorodetski  (1937) is a Russian  professor of computer science, Senior Researcher in Intelligent Systems Laboratory of the St. Petersburg Institute for Informatics and Automation of the Russian Academy of Science.
He graduated from the Military Air Force Engineer Academy in St. Petersburg (1960) and Mathematical and Mechanical Department of the St. Petersburg State University (1970), received his Ph.D. degree (1967) and Doctor of Technical Sciences degree (1973) in the area ""Space Vehicle Optimal Control"". Main publications (over 250) are related to the areas of multi-agent systems, optimal control system theory, orbital mechanics, applied statistics, planning, pattern recognition and artificial intelligence, knowledge discovery from databases, data and information fusion, digital image steganography, and computer network security.

",2931,"2005-07-05T15:24:59Z",2005,68,340,0,0
"Q4217810","Boris Katz","male","Moldovan academic",1947,3,"pre-1950","male","Boris Gershevich Katz (Russian: Борис Гершевич Кац; born October 5, 1947) is a principal American research scientist (computer scientist) at the MIT Computer Science and Artificial Intelligence Laboratory at the Massachusetts Institute of Technology in Cambridge  and head of the Laboratory's InfoLab Group.  His research interests include natural language processing and understanding, machine learning and intelligent information access.  His brother Victor Kac is a mathematician at MIT.
He was able to get out of the USSR with the help of U.S. Senator Ted Kennedy, before the end of the Cold War.
Over the last several decades, Boris Katz has been developing the START natural language system that allows the user to access various types of information using English.",8431,"2004-07-10T14:40:49Z",2004,57,2584,0,0
"Q4234095","Andrey Korotkov","male","Russian politician (1954–2012)",1954,5,"1950-69","male","Andrey Korotkov (Андрéй Короткóв) (3 June 1954 in Sevastopol – 10 February 2012) was First Deputy Communications and Informatisation Minister in Russia (2002–2004) and Senior Vice President and CIO of Bank VTB (2004–2006).
He has the federal state civilian service rank of 1st class Active State Councillor of the Russian Federation.",8733,"2005-01-10T22:06:56Z",2005,51,474,0,0
"Q4374122","Germogen Pospelov","male","Soviet scientist",1914,2,"pre-1950","male","Germogen Sergeevich Pospelov (Russian: Гермоген Сергеевич Поспелов; 1914, in Orekhovo-Zuyevo – 1998, in Moscow) was a Soviet and Russian scientist, Doctor of Sciences in Technical Sciences (1956), Academician of the Russian Academy of Sciences (since 1984), major general.
Laureate of the 1972 USSR State Prize.",2628,"2025-01-09T11:55:35Z",2025,111,338,0,0
"Q4451535","Tetiana Taran","female","Ukrainian mathematician (1946–2007)",1946,6,"pre-1950","female","Tetiana Arkhipivna Taran (Ukrainian: Тетяна Архипівна Таран, December 4, 1946 – May 17, 2007) was a Soviet and Ukrainian computer scientist who worked in artificial intelligence, published the first Russian-language textbook in artificial intelligence, and founded the series of International Conferences on Data Science and Intelligent Analysis of Information.",3578,"2022-08-13T18:44:20Z",2022,76,284,0,0
"Q92834","David Waltz","male","computer scientist (1943–2012)",1943,7,"pre-1950","male","David Leigh Waltz (28 May 1943 – 22 March 2012) was a computer scientist who made significant contributions in several areas of artificial intelligence, including constraint satisfaction, case-based reasoning and the application of massively parallel computation to AI problems. He held positions in academia and industry and at the time of his death, was  a professor of Computer Science at Columbia University where he directed the Center for Computational Learning Systems.",10073,"2011-08-14T22:06:58Z",2011,68,1929,5,4
"Q92837","Rollo Carpenter","male","British artificial intelligence researcher",1965,8,"1950-69","male","Rollo Carpenter (born 1965) is the British-born creator of Jabberwacky and Cleverbot, learning artificial intelligence (AI) software. Carpenter worked as CTO of a business software startup in Silicon Valley.

",2292,"2004-10-11T21:59:04Z",2004,39,4257,2,0
"Q92844","David Marr (scientist)","male","British neuroscientist and psychologist (1945–1980)",1945,16,"pre-1950","male","David Courtenay Marr (19 January 1945 – 17 November 1980) was a British cognitive scientist, neurobiologist, and physiologist. Marr integrated results from psychology, artificial intelligence, and neurophysiology into new models of visual processing. His work was influential in computational neuroscience and led to a resurgence of interest in the discipline.",18345,"2003-12-31T23:39:25Z",2003,58,13740,5,2
"Q92862","Jaron Lanier","male","American computer scientist, musician, and author",1960,40,"1950-69","male","Jaron Zepel Lanier (, born May 3, 1960) is an American computer scientist, futurist, and composer. Considered a founder of the field of virtual reality, Lanier and Thomas G. Zimmerman left Atari in 1985 to found VPL Research, Inc., the first company to sell VR goggles and wired gloves. In the late 1990s, Lanier worked on applications for Internet2, and in the 2000s, he was a visiting scholar at Silicon Graphics and various universities. In 2006, he began to work at Microsoft, and from 2009 has worked at Microsoft Research as an Interdisciplinary Scientist.
Lanier has composed contemporary classical music and is a collector of rare instruments (of which he owns one to two thousand); his acoustic album, Instruments of Change (1994) features Asian wind and string instruments such as the khene mouth organ, the suling flute, and the sitar-like esraj. Lanier worked with Mario Grigorov to compose the soundtrack to the documentary film The Third Wave (2007).
In 2005, Foreign Policy named Lanier as one of the top 100 Public Intellectuals. In 2010, Lanier was named to the TIME 100 list of most influential people. In 2014, Prospect named Lanier one of the top 50 World Thinkers. In 2018, Wired named Lanier one of the top 25 most influential people over the last 25 years of technological history.",48188,"2003-10-01T23:23:43Z",2003,43,112150,1,3
"Q92890","Richard Wallace (scientist)","male","American computer programmer",1960,9,"1950-69","male","Richard S. Wallace is an American author of AIML and Botmaster of A.L.I.C.E. (Artificial Linguistic Internet Computer Entity).  He is also the founder of the A.L.I.C.E Artificial Intelligence Foundation. Dr. Wallace's work has appeared in the New York Times, WIRED, CNN, ZDTV and in numerous foreign language publications across Asia, Latin America and Europe.
Wallace began work on A.L.I.C.E. in 1995, and the project has gained contributions from over 500 developers from around the world. A.L.I.C.E. won the Loebner Prize in 2000, 2001, and 2004. In 2002, Wallace began a collaboration with Franz, Inc. which resulted in Pandorabots, an AIML server and interpreter implemented in Common Lisp. Wallace then became the Chief Science Officer of Pandorabots, Inc.
Richard Wallace was born in Portland, Maine in 1960.  He earned his Ph.D. in computer science from Carnegie Mellon University in 1989.

",4112,"2004-03-06T23:54:10Z",2004,44,2128,2,0
"Q3175083","Jean Véronis","male","French blogger (1955-2013)",1955,4,"1950-69","male","Jean Véronis  (3 June 1955 – 8 September 2013) was a French linguist, computer scientist and blogger, and a research professor at Aix-Marseille University. His research interests included natural language processing, text mining and standardisation. He was a founder of the field that is now called digital humanities.
In 2006, his blog was listed among the 15 most influential by Le Monde.",4639,"2013-09-13T22:04:26Z",2013,58,277,0,0
"Q3266022","Lucy Suchman","female","American anthropologist (1951-)",1951,7,"1950-69","female","Lucy Suchman (born 1951) is an American anthropologist who studies human-computer interaction. She is professor emerita of Anthropology of Science and Technology in the Department of Sociology at Lancaster University, in the United Kingdom, also known for her work at Xerox PARC in the 1980s and 90s.",15855,"2006-04-23T03:38:44Z",2006,55,9551,1,2
"Q3308285","Michael I. Jordan","male","American computer scientist, University of California, Berkeley",1956,9,"1950-69","male","Michael Irwin Jordan  (born February 25, 1956) is an American scientist, professor at the University of California, Berkeley, research scientist at the Inria Paris, and researcher in machine learning, statistics, and artificial intelligence.
Jordan was elected a member of the National Academy of Engineering in 2010 for contributions to the foundations and applications of machine learning.
He is one of the leading figures in machine learning, and in 2016 Science reported him as the world's most influential computer scientist.
In 2022, Jordan won the inaugural World Laureates Association Prize in Computer Science or Mathematics, ""for fundamental contributions to the foundations of machine learning and its application.""",17555,"2005-02-16T16:51:37Z",2005,49,34691,8,9
"Q3311842","Jorn Barger","male","American blogger",1953,8,"1950-69","male","Jorn Barger (; born 1953) is an American blogger, best known as editor of Robot Wisdom, an early weblog. He has written extensively on James Joyce and artificial intelligence, among other subjects; his writing is almost entirely self-published.",33023,"2003-09-12T05:24:06Z",2003,50,54016,0,1
"Q3348133","Gary Marcus","male","American psycholinguist",1970,13,"1970-89","male","Gary Fred Marcus (born 1970) is an American psychologist, cognitive scientist, and author, known for his research on the intersection of cognitive psychology, neuroscience, and artificial intelligence (AI).
Marcus is professor emeritus of psychology and neural science at New York University. In 2014 he founded Geometric Intelligence, a machine learning company later acquired by Uber.
His books include The Algebraic Mind, Kluge, The Birth of the Mind, and the New York Times Bestseller Guitar Zero.",17220,"2007-11-13T04:14:35Z",2007,37,82206,3,1
"Q3442370","Rose Dieng-Kuntz","female","Senegalese computer scientist (1956–2008)",1956,14,"1950-69","female","Rose Dieng-Kuntz (March 27, 1956 – June 30, 2008) was a Senegalese computer scientist, who moved to France in 1976. She undertook significant research, becoming a major contributor to knowledge sharing and the semantic web, immediately after the availability of the World Wide Web. Winner of the Irène Joliot-Curie Prize, she was the first African woman to enroll in the celebrated French École polytechnique and her name is to be added to the Eiffel Tower.

",11651,"2011-08-18T04:39:03Z",2011,55,3905,1,1
"Q3497144","Frederick Jelinek","male","Czech linguist (1932–2010)",1932,8,"pre-1950","male","Frederick Jelinek (November 18, 1932 – September 14, 2010) was a Czech-American researcher in information theory, automatic speech recognition, and natural language processing. He was a leading figure in the development of statistical approaches to speech and language processing. At IBM Research, where he led the Continuous Speech Recognition Group, Jelinek applied information-theoretic and probabilistic methods to speech recognition and later statistical machine translation.
Jelinek was the director of the Center for Language and Speech Processing at Johns Hopkins University from 1993 till 2010. He was elected to the National Academy of Engineering in 2006 for his contributions to statistical language processing and automatic speech recognition, and received the Association for Computational Linguistics Lifetime Achievement Award in 2009.",31742,"2006-03-29T23:20:31Z",2006,74,7435,3,4
"Q305177","Jensen Huang","male","American entrepreneur and businessman; co-founder and CEO of Nvidia",1963,53,"1950-69","male","Jen-Hsun ""Jensen"" Huang (born February 17, 1963) is a Taiwanese and American business executive and electrical engineer who is the co-founder, president, and CEO of Nvidia, the world's most valuable company. As of October 2026, Forbes estimates his net worth at over US$200 billion, making him the seventh-wealthiest individual in the world. 
The son of Taiwanese immigrants, Huang spent his childhood in Taiwan and Thailand before moving to the United States, where he was a student in Kentucky and Oregon. After earning a master's degree from Stanford University, Huang launched Nvidia in 1993 from a Denny's restaurant in San Jose, California, at age 30 and has remained its president and CEO since. He led the company out of near-bankruptcy during the 1990s and oversaw its expansion from GPU development into high-performance computing and artificial intelligence (AI).
Under Huang, Nvidia experienced rapid growth during the AI boom, becoming the first company to reach a market capitalization of over $5 trillion in October 2025. In 2021 and 2024, Time magazine included Huang in their list of the most influential people. In 2025, he was named as one of the ""Architects of AI"" for Time's Person of the Year.",65915,"2005-06-26T02:15:26Z",2005,42,2711605,10,8
"Q310798","Stephen Wolfram","male","British-American scientist and businessman (born 1959)",1959,43,"1950-69","male","Stephen Wolfram ( WUUL-frəm; born 29 August 1959) is a British-American computer scientist, physicist, and businessman. He works in computer algebra and theoretical physics. In 2012, he was named a fellow of the American Mathematical Society. 
As a businessman, Wolfram is the founder and CEO of the software company Wolfram Research, where he works as chief designer of Mathematica and the Wolfram Alpha answer engine.",34224,"2002-05-19T10:37:00Z",2002,43,165072,3,0
"Q335027","Seymour Papert","male","MIT mathematician, computer scientist, and educator (1928–2016)",1928,42,"pre-1950","male","Seymour Aubrey Papert (; 29 February 1928 – 31 July 2016) was a South African-born American mathematician, computer scientist, and educator, who spent most of his career teaching and researching at the Massachusetts Institute of Technology. He was one of the pioneers of artificial intelligence, and of the constructionist movement in education. He was co-inventor, with Wally Feurzeig and Cynthia Solomon, of the Logo programming language.",21550,"2001-08-08T12:40:41Z",2001,73,32441,41,41
"Q6181501","Jeremy Howard (entrepreneur)","male","Australian data scientist (b. 1973)",1973,2,"1970-89","male","Jeremy Howard (born 13 November 1973) is an Australian data scientist, entrepreneur and educator. 
He is the co-founder of fast.ai, where he teaches introductory courses, develops software, and conducts research in the area of deep learning.
Previously he founded and led Fastmail, Optimal Decisions Group and Enlitic. He was president and chief scientist of Kaggle.
Early in the COVID-19 epidemic he was a leading advocate for masking.

",14723,"2011-12-19T23:30:47Z",2011,38,16332,1,1
"Q6194236","Jim Clifton","male","American businessman",1951,1,"1950-69","male","Jim Clifton is the chairman of Gallup, a global analytics and advice firm. Clifton served as the CEO of Gallup from 1988 until 2022, and is the author of the #1 Wall Street Journal bestseller It's the Manager, the bestseller Born to Build, The Coming Jobs War, and writes The Chairman's Blog. He is the creator of the behavioral economic framework, “The Gallup Microeconomic Path,” a metric-based economic model that establishes the linkages among human nature in the workplace, customer engagement and business outcomes, which is used by over 500 companies worldwide. His father was psychologist, educator, and author Dr. Donald O. Clifton, who founded of Selection Research, Inc. (SRI). Under Jim's leadership, SRI acquired the Gallup Organization in 1988.",10258,"2012-09-14T17:42:56Z",2012,61,5730,0,0
"Q6203258","Jitendra Malik","male","Indian computer vision researcher",1960,6,"1950-69","male","Jitendra Malik (born 11 October 1960) is an Indian-American academic who is the Arthur J. Chick Professor of Electrical Engineering and Computer Sciences at the University of California, Berkeley.
He is known for his research in computer vision.",28997,"2010-12-05T02:32:05Z",2010,50,12638,2,4
"Q6213326","Joel Comm","male","American author, AI keynote speaker, and entrepreneur",1964,3,"1950-69","male","Joel Comm (born May 5, 1964) is an American author and Internet marketer. Comm is the CEO of InfoMedia, a social media consulting company. Comm is the founder of ClassicGames, a family-friendly multiplayer gaming website he sold to Yahoo! in 1997 and was the precursor for Yahoo! Games. He is the author of The New York Times bestseller and Bloomberg Businessweek bestselling book, The AdSense Code.

",21752,"2009-02-05T14:14:01Z",2009,45,2453,0,0
"Q6243668","John L. Pollock","male","American philosopher",1940,3,"pre-1950","male","John L. Pollock (1940–2009) was an American philosopher known for influential work in epistemology, philosophical logic, cognitive science, and artificial intelligence.",15110,"2009-10-31T15:05:13Z",2009,69,2175,0,1
"Q6265139","John Yen","male","American computer scientist",1958,2,"1950-69","male","John Yen is professor of data science and professor-in-charge of data science in the College of Information Sciences and Technology at Pennsylvania State University. He currently leads the Laboratory of AI for Cyber Security at Penn State. He was the founder and a former director of the Cancer Informatics Initiative there.
Yen received his Ph.D. in computer science from the University of California, Berkeley, in 1986. His thesis advisor is Prof. Lotfi A. Zadeh, the father of fuzzy logic. Between 1986 and 1989, he was the main architect at USC Information Sciences Institute (ISI) for an AI architecture that pioneers a knowledge-level integration of a descriptive logic knowledge representation scheme with production rules. Before joining IST in 2001, he was a professor of computer science and the director of the Center for Fuzzy Logic, Robotics, and Intelligent Systems at Texas A&M University. He was the vice president of publication for IEEE Neural Networks Council, now IEEE Computational Intelligence Society. Yen received the National Science Foundation Young Investigator Award in 1992. He is an IEEE Fellow.
Yen received his B.S. degree in electrical engineering from National Taiwan University in 1980, and M.S. degree in computer science from University of Santa Clara in 1982.

",3959,"2006-11-07T21:32:36Z",2006,48,1052,1,1
"Q6283747","Joseph Halpern","male","Israeli-American computer scientist",1953,6,"1950-69","male","Joseph Yehuda Halpern (May 29, 1953 – February 13, 2026) was an Israeli-American professor of computer science at Cornell University. Most of his research is on reasoning about knowledge and uncertainty.",4854,"2005-10-17T19:24:32Z",2005,52,10230,3,2
"Q6288679","Josh Bongard","male","Canadian academic",1974,3,"1970-89","male","Josh Bongard is a professor at the University of Vermont and a 2010 PECASE awardee. 
He attended Northern Secondary School in Toronto, and received his bachelor's degree in Computer Science from McMaster University ('97), Canada, his master's degree from the University of Sussex, UK, and his PhD from the University of Zurich (1999–2003), Switzerland. He served as a postdoctoral associate under Hod Lipson in the Computational Synthesis Laboratory at Cornell University in the United States from 2003 to 2006.
He is the co-author of the popular science book entitled ""How the Body Shapes the Way We Think: A New View of Intelligence"", MIT Press, November 2006. (With Rolf Pfeifer) ISBN 0-262-16239-3. He is also the co-author of ""Designing Intelligence: Why Brains Aren't Enough"" (with Rolf Pfeifer and Don Berry) ISBN 978-3-640-81221-9.
In 2007, he was named to the MIT Technology Review TR35 as one of the top 35 innovators in the world under the age of 35.",3928,"2005-10-16T22:03:26Z",2005,31,3041,2,2
"Q708003","Hans Moravec","male","Austrian-American researcher",1948,25,"pre-1950","male","Hans Peter Moravec (born November 30, 1948) is an Austrian-born Canadian computer scientist and an adjunct faculty member at the Robotics Institute of Carnegie Mellon University in Pittsburgh, U.S. He is known for his work on robotics, artificial intelligence, and writings on the impact of technology. Moravec also is a futurist with many of his publications and predictions focusing on transhumanism. Moravec developed techniques in computer vision for determining the region of interest (ROI) in a scene.",14402,"2003-08-17T19:22:02Z",2003,55,28771,5,7
"Q710266","Arthur Samuel (computer scientist)","male","American computer scientist (1901–1990)",1901,23,"pre-1950","male","Arthur Lee Samuel (December 5, 1901 – July 29, 1990) was an American computer scientist and pioneer in the field of computer gaming and artificial intelligence. He coined the term machine learning in 1959. The Samuel Checkers-playing Program was among the world's first successful self-learning programs, and as such a very early demonstration of the fundamental concept of artificial intelligence. He was also a senior member in the TeX community who devoted much time giving personal attention to the needs of users and wrote an early TeX manual in 1983.",12423,"2007-04-21T06:33:33Z",2007,106,18085,1,2
"Q711172","W. Ross Ashby","male","British psychiatrist (1903-1972)",1903,22,"pre-1950","male","William Ross Ashby (6 September 1903 – 15 November 1972) was an English psychiatrist and a pioneer in cybernetics, the study of the science of communications and automatic control systems in both machines and living things. His first name was not used: he was known as Ross Ashby.
His two books, Design for a Brain and An Introduction to Cybernetics, introduced exact and logical thinking into the brand new discipline of cybernetics and were highly influential. These ""missionary works"" along with his technical contributions made Ashby ""the major theoretician of cybernetics after Wiener"".",18383,"2003-08-18T09:20:14Z",2003,100,12604,4,10
"Q770584","Hal Abelson","male","computer scientist",1947,28,"pre-1950","male","Harold Abelson (born April 26, 1947) is an American mathematician and computer scientist. He is a professor of computer science and engineering in the Department of Electrical Engineering and Computer Science at the Massachusetts Institute of Technology (MIT), a founding director of both Creative Commons and the Free Software Foundation, creator of the MIT App Inventor platform, and co-author of the widely used textbook Structure and Interpretation of Computer Programs (SICP), sometimes also referred to as ""the wizard book"" because of its cover illustration.
He directed the first implementation of the language Logo for the Apple II, which made the language widely available on personal computers starting in 1981; and published a widely selling book on Logo in 1982. Together with Gerald Jay Sussman, Abelson developed MIT's introductory computer science subject, ""The Structure and Interpretation of Computer Programs"" (often referred to by the MIT course number, 6.001), a subject organized around the idea that a computer language is primarily a formal medium for expressing ideas about methodology, rather than just a way to get a computer to perform operations.
Abelson and Sussman also cooperate in codirecting the MIT Project on Mathematics and Computation. The MIT OpenCourseWare (OCW) project was spearheaded by Abelson and other MIT faculty.
Abelson led an internal investigation of MIT's choices and role in the prosecution of Aaron Swartz by the Federal Bureau of Investigation (FBI), which concluded that MIT did nothing wrong legally, but recommended that MIT consider changing some of its internal policies.",20494,"2003-11-29T06:05:25Z",2003,56,12987,10,11
"Q822778","Bernard Widrow","male","American artificial intelligence researcher (born 1929)",1929,10,"pre-1950","male","Bernard Widrow (December 24, 1929 – September 30, 2025) was an American professor of electrical engineering at Stanford University known for his work on artificial neural networks. He co-invented the Widrow–Hoff least mean squares filter (LMS) adaptive algorithm with his doctoral student Ted Hoff. The LMS algorithm led to the ADALINE and MADALINE artificial neural networks, and to the backpropagation technique. He made fundamental contributions to the development of digital signal processing in the fields of geophysics, adaptive antennas, and adaptive filtering.
Widrow was the namesake of ""Uncle Bernie's Rule"": the training sample size should be ten times the number of weights in a network.

",13076,"2006-04-18T09:07:02Z",2006,77,6953,32,30
"Q967536","Gordon Plotkin","male","Scottish computer scientist",1946,7,"pre-1950","male","Gordon David Plotkin (born 9 September 1946) is a theoretical computer scientist in the School of Informatics at the University of Edinburgh. Plotkin is probably best known for his introduction of structural operational semantics (SOS) and his work on denotational semantics. In particular, his notes on A Structural Approach to Operational Semantics were very influential. He has contributed to many other areas of computer science.

",10728,"2005-09-13T12:02:12Z",2005,59,4574,3,4
"Q16267466","Solange Ghernaouti","female","Swiss academic, international expert in cybersecurity and cyber defence",1958,8,"1950-69","female","Solange Ghernaouti is a professor at the University of Lausanne (UNIL) and an international expert on cybersecurity and cyberdefence. She regularly collaborates with various United Nations, European and government institutions as well as with private corporations.
Solange Ghernaouti was the first woman professor at the HEC Lausanne faculty in 1987 and heads the Swiss Cybersecurity Advisory and Research Group (SCARG) that she created, and the Complexity Sciences Research Group. She obtained her PhD in Computer Science and Telecommunications at the Pierre-and-Marie-Curie University (later merged into Sorbonne University) under the supervision of professor Guy Pujolle. She is a former auditor of the Institut des Hautes Études de Défense Nationale, a member of the Swiss Academy of Technical Sciences (SATW) and a member of the Swiss Commission for UNESCO.
She is the author of numerous technical and popular books and scientific publications on the subjects of telecommunications, the control of computer risks, computer crime and cyberpower and digital humanities. Since 2018, she has regularly kept a blog on the Le Temps newspaper website where she publishes various articles about cybersecurity and the impact of digital and artificial intelligence on society.
A technico-economic and political prospective analyst, she regularly appears in the media (RTS, France Culture, RTBF and RFI, among others) and gives conferences on the five continents.
Solange Ghernaouti was also president of various associations such as the Erna Hamburger Foundation from 2012 to 2017 as well as the Social Commission of the University of Lausanne from 2006 to 2016.
In 2020, she published fables of the digital era as well as highly noticed articles on the Swiss contact tracing application.",19522,"2014-04-10T12:09:30Z",2014,56,807,0,0
"Q16514895","Victor On-kwok Li","male","Researcher on information technology",1954,2,"1950-69","male","Professor Victor On-kwok Li (born October 11, 1954) is an American Hong Kong academic. He is best known for his contributions to the development of Information technology. He received the Government of Hong Kong Bronze Bauhinia Star in 2001, and he is a fellow of Institute of Electrical and Electronics Engineers.
Prof. Li is currently chair professor and head of the Department of Electrical and Electronic Engineering of the University of Hong Kong (HKU). He also serves as Managing Director of Versitech Ltd. He is also on the boards of SUNeVision Ltd., China.com Ltd., and Anxin-China Holding Ltd. Prof. Li also chairs the Executive Committee, HKU Initiative on Clean Energy and Environment.
From 2007 to 2012, he served as Associate Dean of Engineering at HKU. Before joining HKU in 1997, he was a professor of electrical engineering (EE) at the University of Southern California (USC) and director of Communication Sciences Institute of USC. He chaired the Computer Communications Technical Committee of the IEEE Communications Society from 1987 to 1989, and the Los Angeles Chapter of the IEEE Information Theory Group from 1983 to 1985.
Prof. Li's doctoral adviser was Prof. Wilbur Davenport, who was a student of Prof. Robert Fano.",4040,"2014-04-22T09:37:17Z",2014,60,532,0,0
"Q16591761","Ben Taskar","male","American computer scientist (1977-2013)",1977,1,"1970-89","male","Ben Taskar (March 3, 1977 – November 18, 2013) was a professor and researcher in the area of machine learning and applications to computational linguistics and computer vision.  He was a Magerman Term Associate Professor for Computer and Information Science at University of Pennsylvania. He co-directed PRiML: Penn Research in Machine Learning, a joint venture between the School of Engineering and Wharton. He was also a Distinguished Research Fellow at the Annenberg Center for Public Policy. At the University of Washington, he held the Boeing Professorship.
He was the first person to define Max-margin Markov networks and a pioneer in statistical relational learning.
Ben Taskar died of an apparent heart attack on the night of November 17, 2013, at the age of 36.",3153,"2014-04-21T16:49:58Z",2014,37,1784,2,1
"Q16728975","David Ferrucci","male","inventor, engineer, entrepreneur, and former project lead of IBM Watson",NA,2,"unknown","male","David A. Ferrucci is an American computer scientist who served as the principal investigator of a team of IBM and academic researchers and engineers between 2007 and 2011 to the development of the Watson computer system, which won the television quiz show Jeopardy!.
Ferrucci graduated from Manhattan College, with a B.S. degree in biology and from Rensselaer Polytechnic Institute, in 1994 with a Ph.D. degree in computer science specializing in knowledge representation and reasoning.
He joined IBM's Watson project in 1995 and left in 2012 to join Bridgewater Associates. He is also the founder, CEO, and Chief Scientist of Elemental Cognition, a venture exploring a new field of study called ""natural learning"", which Ferrucci describes as ""artificial intelligence that understands the world the way people do."" 
In December 2024, he became Managing Director of the Institute for Advanced Enterprise AI, ""a new non-profit research organization dedicated to helping business leaders tackle complex challenges with reliable, explainable AI.""
Ferrucci is interviewed in the 2018 documentary on artificial intelligence Do You Trust This Computer?",3394,"2011-02-20T17:17:40Z",2011,NA,4897,1,1
"Q16729246","Michael Georgeff","male","Australian computer scientist",NA,1,"unknown","male","Michael Peter Georgeff is a computer scientist and entrepreneur who has made contributions in the areas of Intelligent Software Agents and eHealth.
Georgeff is a former program director in the Artificial Intelligence Center at SRI International, Menlo Park, California, and former director of the Australian Artificial Intelligence Institute Ltd., at the University of Melbourne. Georgeff is founder and chief executive officer of Precedence Health Care and Professor in the Faculty of Medicine, Nursing and Health Sciences at Monash University.

",5838,"2009-07-05T01:01:39Z",2009,NA,751,0,1
"Q16731109","C.-C. Jay Kuo","male","Taiwanese electrical engineer",1957,1,"1950-69","male","Chung-Chieh Jay Kuo (Chinese: 郭宗杰; born 1957, Hsinchu, Taiwan) is a Taiwanese electrical engineer and the director of the Multimedia Communications Lab as well as distinguished professor of electrical engineering and computer science at the University of Southern California. He is a specialist in multimedia signal processing, video coding, video quality assessment, machine learning and wireless communication.",12471,"2014-04-11T06:41:45Z",2014,57,5316,0,0
"Q16732142","Yuji Matsumoto","male","information scientist, computational linguistics, Nara Institute of Science and Technology",1955,1,"1950-69","male","Yuji Matsumoto (松本 裕治, Matsumoto Yūji) is a Japanese and American professor of information science who works at the Nara Institute of Science and Technology and also specializes in artificial intelligence and computational linguistics. He has almost 450 peer-reviewed articles with the highest ranked one being Applying conditional random fields to Japanese morphological analysis, which was cited over 1100 times.",3637,"2013-12-16T06:01:36Z",2013,58,647,0,0
"Q16741739","Lila Tretikov","female","Russian–American engineer, manager and former executive director of the Wikimedia Foundation",1978,58,"1970-89","female","Lila Tretikov () (born Olga (Lyalya) Tretyakova, Russian: Ольга (Ляля) Третьяко́ва, January 25, 1978) is a Russian-American engineer and manager.",12330,"2014-05-01T18:33:13Z",2014,36,8659,0,0
"Q16751495","Louis B. Rosenberg","male","American engineer, computer scientist, writer, and inventor",1969,6,"1950-69","male","Louis Barry Rosenberg (born 1969) is an American engineer, researcher, inventor, and entrepreneur. He researches augmented reality, virtual reality, and artificial intelligence. He was the Cotchett Endowed Professor of Educational Technology at the California Polytechnic (Cal Poly). He founded the Immersion Corporation and Unanimous A.I., and he wrote the screenplay for the 2009 romantic comedy film, Lab Rats.
Rosenberg developed artificial swarm intelligence, which is intended to amplify the collective intelligence of networked human groups (2014–2023), He developed the haptic computer mouse and haptic GUI (1993–1999) and did work to develop augmented reality at the Air Force Research Laboratory (1991–1994).",25886,"2021-12-15T22:30:33Z",2021,52,8282,0,0
"Q16847797","Mustafa Suleyman","male","British entrepreneur (born 1984)",1984,13,"1970-89","male","Mustafa Suleyman  (born in August 1984) is a British artificial intelligence (AI) entrepreneur. He is the CEO of Microsoft AI, and the co-founder and former head of applied AI at DeepMind, an AI company which was acquired by Google. After leaving DeepMind, he co-founded Inflection AI, a machine learning and generative AI company, in 2022.

",22700,"2014-01-27T18:48:56Z",2014,30,385635,32,30
"Q16976397","Joshua Tenenbaum","male","American professor of cognitive science",1972,5,"1970-89","male","Joshua Brett Tenenbaum (Josh Tenenbaum) is Professor of Computational Cognitive Science at the Massachusetts Institute of Technology. He is known for contributions to mathematical psychology and Bayesian cognitive science. According to the MacArthur Foundation, which named him a MacArthur Fellow in 2019, ""Tenenbaum is one of the first to develop and apply probabilistic and statistical modeling to the study of human learning, reasoning, and perception, and to show how these models can explain a fundamental challenge of cognition: how our minds understand so much from so little, so quickly.""",8206,"2011-01-11T14:02:02Z",2011,39,9975,0,0
"Q17305593","Agnar Höskuldsson","male","Danish chemist",1939,1,"pre-1950","male","Dr. Agnar Höskuldsson (born 1939) is a Danish scientist who specializes in the field of chemometrics. He was formerly an associate professor at the Technical University of Denmark. He was awarded the Herman Wold gold medal for his contribution to chemometrics in 1997  and over the span of his career he has published over 30 scientific papers and is credited with over 2000 scientific citations.

",6355,"2014-06-30T21:19:33Z",2014,75,296,0,0
"Q17490540","Catherine Havasi","female","American computer scientist",1981,5,"1970-89","female","Catherine Havasi (born 1981) is an American scientist who specializes in artificial intelligence (AI) at MIT Media Lab. She co-founded and was CEO of AI company, Luminoso for 8 years. Havasi was a member of the MIT group engaged in the Open Mind Common Sense (also known as OMCS) AI project that created the natural language AI program ConceptNet. Havasi is currently the Chief of Innovation and Technology Strategy at Babel Street, AI-enabled data-to-knowledge platform.",8530,"2015-03-06T20:48:47Z",2015,34,1457,0,1
"Q92968","Georgy Adelson-Velsky","male","Russian mathematician (1922–2014)",1922,17,"pre-1950","male","Georgy Maximovich Adelson-Velsky (Russian: Гео́ргий Макси́мович Адельсо́н-Ве́льский; name is sometimes transliterated as Georgii Adelson-Velskii) (8 January 1922 – 26 April 2014) was a Soviet mathematician and computer scientist.
Born in Samara, Adelson-Velsky was originally educated as a pure mathematician. His first paper, with his fellow student and eventual long-term collaborator Alexander Kronrod in 1945, won a prize from the Moscow Mathematical Society. He and Kronrod were the last students of Nikolai Luzin, and he earned his doctorate in 1949 under the supervision of Israel Gelfand.
He began working in artificial intelligence and other applied topics in the late 1950s.
Along with Evgenii Landis, he invented the AVL tree in 1962. This was the first known balanced binary search tree data structure.
Beginning in 1963, Adelson-Velsky headed the development of a computer chess program at the Institute for Theoretical and Experimental Physics in Moscow. His innovations included the first use of bitboards (a now-common method for representing game positions) in computer chess. The program defeated Kotok-McCarthy in the first chess match between computer programs, also in 1966, and it evolved into Kaissa, the first world computer chess champion.
In August 1992, Adelson-Velsky moved to Israel, and he resided in Ashdod.
He worked as a professor in the department of Mathematics and Computer Science, Bar Ilan University. 
Adelson-Velsky died on 26 April 2014, aged 92, in his apartment in Giv'atayim, Israel.",7441,"2005-01-01T01:40:57Z",2005,83,5651,0,1
"Q92981","Gerald Jay Sussman","male","American computer scientist",1947,19,"pre-1950","male","Gerald Jay Sussman (born February 8, 1947) is the Panasonic Professor of Electrical Engineering at the Massachusetts Institute of Technology (MIT). He has been involved in artificial intelligence (AI) research at MIT since 1964. His research has centered on understanding the problem-solving strategies used by scientists and engineers, with the goals of automating parts of the process and formalizing it to provide more effective methods of science and engineering education. Sussman has also worked in computer languages, in computer architecture, and in Very Large Scale Integration (VLSI) design.",21377,"2002-09-30T05:24:03Z",2002,55,18088,15,17
"Q92985","Robin Li","male","billionaire businessman and entrepreneur",1968,34,"1950-69","male","Robin Li Yanhong (Chinese: 李彦宏; pinyin: Lǐ Yànhóng; born 17 November 1968) is a Chinese software engineer and billionaire internet entrepreneur who is the co-founder and chief executive officer of  Chinese multinational technology company Baidu. As of May 2025, his net worth was estimated at US$5.5 billion by Forbes.
Li studied information management at Peking University and computer science at the University at Buffalo. In 1996, he created RankDex. In 2000, he founded Baidu with Eric Xu. Li has been CEO of Baidu since January 2004. The company was listed on NASDAQ on August 5, 2005. Li was a member of the 12th National Committee of the Chinese People's Political Consultative Conference from 2013 to 2018.
During his tenure as CEO of Baidu, Li has been criticized for a number of controversies, including the death of Wei Zexi, advertising of unqualified hospitals on Tieba, and ad fraud.

",12553,"2006-05-18T07:42:56Z",2006,38,28692,1,0
"Q92995","Wolfgang Wahlster","male","German artificial intelligence researcher",1953,8,"1950-69","male","Wolfgang Wahlster (born February 2, 1953) is a German artificial intelligence researcher. He was CEO and Scientific Director of the German Research Center for Artificial Intelligence and full professor of computer science at Saarland University, Saarbrücken. Wahlster remains Chief Executive Advisor of the German Research Center for Artificial Intelligence. In May 2019, he was honored by the Gesellschaft für Informatik as one of 10 most important heads of German artificial intelligence history. He is sometimes called the inventor of the ""Industry 4.0"" term.
Wahlster was one of the initiators of the Hermes Award, given each year since 2004 at the Hannover Messe and for many years was the Chairman of the Hermes Award Jury.
In 2016, he was elected to the University Council of the Technische Universität Darmstadt.",8171,"2004-01-27T10:39:54Z",2004,51,1138,2,1
"Q92993","Jeff Hawkins","male","American entrepreneur and neuroscientist; founder of Palm Computing (born 1957)",1957,16,"1950-69","male","Jeffrey Hawkins is an American businessman, computer scientist, neuroscientist and engineer. He co-founded Palm Computing where he co-created the PalmPilot, the Palm Treo and Handspring.
He subsequently turned to work on neuroscience, founding in 2002 the Redwood Neuroscience Institute. In 2005 he co-founded Numenta, where he leads a team in efforts to reverse-engineer the neocortex and enable machine intelligence technology based on brain theory.
He is the co-author of On Intelligence (2004), which explains his memory-prediction framework theory of the brain, and the author of A Thousand Brains: A New Theory of Intelligence (2021).",10224,"2003-12-13T14:52:02Z",2003,46,25354,1,1
"Q93012","Jonathan Schaeffer","male","Canadian computer scientist",1957,9,"1950-69","male","Jonathan Herbert Schaeffer  (born 1957) is a Canadian researcher, Distinguished Professor Emeritus at the University of Alberta, and a former Canada Research Chair in Artificial Intelligence.
He led the team that wrote Chinook, the world's strongest American checkers player, after some relatively good results in writing computer chess programs. He is involved in the University of Alberta GAMES group developing computer poker systems. Schaeffer is also a member of the research group that created Polaris, a program designed to play the Texas Hold'em variant of poker. He is a Founder of Onlea, which produces online learning experiences, and he is the founder and CEO of Synsira Software Solutions, Inc., that develops desktop software for private AI analysis.",10771,"2003-10-20T04:43:18Z",2003,46,4548,0,0
"Q654102","Nicola Guarino","male","Italian computer scientist",1954,3,"1950-69","male","Nicola Guarino (born 1954, in Messina) is an Italian computer scientist and researcher in the area of Formal Ontology for Information Systems, and the head of the Laboratory for Applied Ontology (LOA), part of the Italian National Research Council (CNR) in Trento.",3436,"2007-04-12T01:04:05Z",2007,53,1216,0,0
"Q676914","Earl B. Hunt","male","American psychologist",1933,7,"pre-1950","male","Earl Busby ""Buz"" Hunt (January 8, 1933 – April 12 or 13, 2016) was an American psychologist specializing in the study of human and artificial intelligence. Within these fields he focused on individual differences in intelligence and the implications of these differences within a high-technology society. He was in partial retirement as emeritus professor of psychology and adjunct professor of computer science at the University of Washington at the time of his death. His book Will We Be Smart Enough? discussed demographic projections and psychometric research as they relate to predictions of possible future workplaces.",7955,"2006-11-21T19:45:25Z",2006,73,1818,0,0
"Q687346","Armin B. Cremers","male","German computer scientist",1946,5,"pre-1950","male","Armin Bernd Cremers (born June 7, 1946) is a German mathematician and computer scientist. He is a professor in the computer science institute at the University of Bonn, Germany. He is most notable for his contributions to several fields of discrete mathematics including formal languages and automata theory. In more recent years he has been recognized for his work in artificial intelligence, machine learning and robotics as well as in geoinformatics and deductive databases.",8770,"2015-04-24T15:23:38Z",2015,69,1312,3,3
"Q699605","Kai-Fu Lee","male","Taiwanese businessman",1961,25,"1950-69","male","Kai-Fu Lee (traditional Chinese: 李開復; simplified Chinese: 李开复; pinyin: Lǐ Kāifù; born December 3, 1961) is a Taiwanese computer scientist, investor, and author. He was the founding director of Microsoft Research China, later Microsoft Research Asia, serving from 1998 to 2000, and served as president of Google China 2005 to 2009.
In 2009, Lee founded the venture capital firm Innovation Works, later renamed Sinovation Ventures. In 2023, he founded 01.AI, a Chinese artificial intelligence (AI) company. 
Lee is the author of AI Superpowers (2018) and AI 2041 (with Chen Qiufan, 2021). He has served as co‑chair of the World Economic Forum’s Global AI Council and was named to TIME's 2023 list of the 100 most influential people in AI.

",26320,"2005-07-20T15:19:23Z",2005,44,44233,1,2
"Q704195","Eliezer Yudkowsky","male","American AI researcher and writer (born 1979)",1979,26,"1970-89","male","Eliezer Shlomo Yudkowsky ( EL-ee-EH-zər yuud-KOW-skee; born September 11, 1979) is an American artificial intelligence researcher and writer on decision theory and ethics, known for popularizing ideas related to friendly artificial intelligence. He is the founder of and a research fellow at the Machine Intelligence Research Institute (MIRI), a private research nonprofit based in Berkeley, California. 
His work on the prospect of a runaway intelligence explosion influenced philosopher Nick Bostrom's 2014 book Superintelligence: Paths, Dangers, Strategies. His books include If Anyone Builds It, Everyone Dies: Why Superhuman AI Would Kill Us All, a New York Times bestseller he co-authored with Nate Soares, as well as the Harry Potter fanfiction Harry Potter and the Methods of Rationality.",26124,"2002-07-29T23:55:25Z",2002,23,387814,20,20
"Q224372","I. J. Good","male","British statistician and cryptographer (1916–2009)",1916,23,"pre-1950","male","Irving John Good (9 December 1916 – 5 April 2009)
was a British mathematician who worked as a cryptologist at Bletchley Park with Alan Turing. After the Second World War, Good continued to work with Turing on the design of computers and Bayesian statistics at the University of Manchester. Good moved to the United States where he was a professor at Virginia Tech.
He was born Isadore Jacob Gudak to a Polish Jewish family in London. He later anglicised his name to Irving John Good and signed his publications ""I. J. Good.""
An originator of the concept known as the intelligence explosion, Good served as consultant on supercomputers to Stanley Kubrick, director of the 1968 film 2001: A Space Odyssey.

",26145,"2004-02-08T21:04:59Z",2004,88,29519,3,2
"Q269584","Ariel Fernandez","male","Argentine biophysicist",1957,8,"1950-69","male","Ariel Fernandez (born Ariel Fernández Stigliano, April 8, 1957) is an Argentinian–American physical chemist and pharmaceutical researcher. 
In 2025, a judge determined that Fernandez had engaged in scientific misconduct, and in 2026 he was barred from receiving federal research funding in the US for 15 years. Fernandez denies the misconduct findings.

",8302,"2010-10-20T18:52:43Z",2010,53,3605,0,0
"Q295012","John Searle","male","American philosopher (1932–2025)",1932,53,"pre-1950","male","John Rogers Searle ( ; July 31, 1932 – September 17, 2025) was an American philosopher widely noted for contributions to the philosophy of language, philosophy of mind, and social philosophy. He was the Willis S. and Marion Slusser Professor of the Philosophy of Mind and Language at the University of California, Berkeley until 2019. He was relieved of his position after disciplinary proceedings found he had violated the university's sexual harassment policies.
Searle's early work on speech acts, influenced by J. L. Austin and Ludwig Wittgenstein, helped establish his reputation. His most famous philosophical contribution is the ""Chinese room"" argument, which attempts to refute the possibility of ""strong"" artificial intelligence.",57834,"2002-11-14T08:05:02Z",2002,70,104539,3,4
"Q298341","Ray Kurzweil","male","American computer scientist, author, entrepreneur, futurist and inventor (born 1948)",1948,53,"pre-1950","male","Raymond Kurzweil ( KURZ-wyle; born February 12, 1948) is an American computer scientist, author, entrepreneur, futurist, and inventor. He is involved in fields such as optical character recognition (OCR), text-to-speech synthesis, speech recognition technology and electronic keyboard instruments. He has written books on health technology, artificial intelligence (AI), transhumanism, the technological singularity, and futurism. Kurzweil is a prominent transhumanist who gives lectures about his optimistic outlook on the possibility of life extension via nanotechnology, robotics, and biotechnology.
Kurzweil received the 1999 National Medal of Technology and Innovation, the United States' highest honor in technology, from President Bill Clinton in a White House ceremony. He received the $500,000 Lemelson–MIT Prize in 2001. He was elected a member of the National Academy of Engineering in 2001 for the application of technology to improve human-machine communication. In 2002 he was inducted into the National Inventors Hall of Fame, established by the U.S. Patent Office. He has 21 honorary doctorates and honors from three U.S. presidents. The Public Broadcasting Service (PBS) included Kurzweil as one of 16 ""revolutionaries who made America"" along with other inventors of the past two centuries. Inc. magazine ranked him No. 8 among the ""most fascinating"" entrepreneurs in the United States and called him ""Edison's rightful heir"".

",72379,"2001-09-26T17:05:58Z",2001,53,272302,11,12
"Q19664432","Jit Bose","male","Canadian mathematician and computer scientist",1967,1,"1950-69","male","Prosenjit K. ""Jit"" Bose is a Canadian mathematician and computer scientist who works at Carleton University as a professor in the School of Computer Science and associate vice-president (research) at Carleton University. His research concerns graph algorithms and computational geometry, including work on geometric spanners and geographic routing in wireless ad hoc networks.",3512,"2015-03-18T17:47:50Z",2015,48,730,0,0
"Q19664665","Jill P. Mesirov","female","American mathematician, computer scientist, and computational biologist",NA,6,"unknown","female","Jill P. Mesirov (also published as Jill P. Mesirov-Kazdan) is an American mathematician, computer scientist, and computational biologist who is the Associate Vice Chancellor for Computational Health Sciences at the University of California, San Diego. She previously held an adjunct faculty position at Boston University and was the associate director and chief informatics officer at the Eli and Edythe L. Broad Institute of MIT and Harvard.",9082,"2015-02-23T01:05:15Z",2015,NA,5049,5,5
"Q19849356","Wu Zhaohui","male","Chinese computer scientist",1966,3,"1950-69","male","Wu Zhaohui (Chinese: 吴朝晖; born December 1966) is a Chinese computer scientist. He is a professor who had served as president of Zhejiang University from 2015 to 2022. He was elected to the Chinese Academy of Sciences in 2017.",6784,"2018-10-14T18:09:05Z",2018,52,2267,0,0
"Q19864835","J. Nathan Kutz","male","American applied mathematician",1968,2,"1950-69","male","José Nathan Kutz is the Robert Bolles and Yasuko Endo Professor within the Department of Applied Mathematics at the University of Washington in Seattle. His main research interests involve non-linear waves and coherent structures (especially in fiber lasers), as well as dimensionality reduction and data-analysis techniques for complex systems.
He graduated from the University of Washington with a B.S. in 1990, and obtained his PhD in 1994 at Northwestern University, supervised by William L. Kath.
He is the author of the book Data-Driven Modeling & Scientific Computation: Methods for Complex Systems & Big Data (Oxford Univ. Press, 2013). He also delivers on a regular basis Scientific Computing and Computational Methods for Data Analysis as Massive Open Online Courses (MOOCs) in the Coursera platform.
He was elected as a Fellow of the Society for Industrial and Applied Mathematics, in the 2022 Class of SIAM Fellows, ""for contributions to applied dynamical systems, machine learning, and nonlinear optics"".",2170,"2015-04-21T05:56:12Z",2015,47,2609,0,0
"Q19879460","Henry Kautz","male","American computer scientist and AI researcher",1956,2,"1950-69","male","Henry A. Kautz (born 1956) is a computer scientist and a professor of computer science at the University of Virginia. He formerly served as the Founding Director of Institute for Data Science and Professor at University of Rochester. He is interested in knowledge representation, artificial intelligence, data science and pervasive computing.",9725,"2015-01-14T07:17:03Z",2015,59,1511,5,2
"Q19971558","Martin Ford (author)","male","American futurist and author on AI and robotics",2000,7,"1990+","male","Martin Ford is an American futurist and author focusing on artificial intelligence and robotics, and the impact of these technologies on the job market, economy and society.
He has written four books on technology. His 2015 book, Rise of the Robots: Technology and the Threat of a Jobless Future, was a New York Times bestseller and won the £30,000 Financial Times and McKinsey Business Book of the Year Award.
In Ford's most recent book, Rule of the Robots: How Artificial Intelligence Will Transform Everything (2021), he argues that AI is a systemic, general-purpose technology that will ultimately compare to electricity in terms of its impact on the economy and society. Ford argues that AI will be one of humanity's most consequential technologies, transforming virtually every industry and aspect of civilization, and that it will be critical driver of increased innovation and creativity that will lead to future advances across a broad range of fields in science, engineering and medicine.  
Ford's previous book, Architects of Intelligence: The Truth about AI from the People Building It (2018) consists of conversations with the most prominent research scientists and entrepreneurs working in the field of artificial intelligence, including Demis Hassabis, Geoffrey Hinton, Ray Kurzweil, Yann LeCun, Yoshua Bengio, Nick Bostrom, Fei-Fei Li, Rodney Brooks, Andrew Ng, Stuart J. Russell and many others. The conversations recorded in the book delve into the future of artificial intelligence, the path to human-level AI (or artificial general intelligence), and the risks associated with progress in AI.
His first book, The Lights in the Tunnel: Automation, Accelerating Technology and the Economy of the Future (2009) also dealt with the effects of automation resulting from advances in artificial intelligence, and the potential for structural unemployment and dramatically increasing inequality.
Ford earned a BSE in computer engineering, magna cum laude, from the University of Michigan, Ann Arbor, and a graduate business degree from the UCLA Anderson School of Management.",17423,"2015-05-13T03:22:38Z",2015,15,7074,8,10
"Q20031994","Maria L. Gini","female","Italian and American computer scientist",NA,3,"unknown","female","Maria Gini is an Italian and American Computer Scientist  in artificial intelligence 
and robotics. She has considerable service to the computer science artificial intelligence community and for broadening participation in computing. She was chair of the ACM Special Interest Group in Artificial Intelligence SIGAI (renamed from SIGART) from 2003 to 2010. She is currently a member of the CRA-W board.",17379,"2015-06-03T11:31:53Z",2015,NA,1294,0,0
"Q20111482","Martha Pollack","female","American computer scientist and corporate director",1958,7,"1950-69","female","Martha Elizabeth Pollack (born August 27, 1958) is an American computer scientist. She served as the 14th president of Cornell University from April 2017 to June 2024 and as the 14th provost and executive vice president for academic affairs at the University of Michigan from 2013 to 2017.
Pollack's research specialty is artificial intelligence, where her contributions include works in planning, natural language processing, and activity recognition for cognitive assistance. She also serves on the board of directors of IBM.

",13624,"2015-06-14T20:12:59Z",2015,57,7720,2,2
"Q20161230","Rina Dechter","female","computer scientist",1950,3,"1950-69","female","Rina Dechter (Hebrew: רינה דכטר; born August 13, 1950) is a distinguished professor of computer science in the Donald Bren School of Information and Computer Sciences at the University of California, Irvine. Her research is on automated reasoning in artificial intelligence focusing on probabilistic and constraint-based reasoning. In 2013, she was elected a Fellow of the Association for Computing Machinery.

",7541,"2015-06-18T04:50:28Z",2015,65,2191,1,1
"Q20652360","Salvatore J. Stolfo","male","American computer security expert",NA,2,"unknown","male","Salvatore J. Stolfo is an academic and professor of computer science at Columbia University, specializing in computer security.",11923,"2015-06-26T19:10:15Z",2015,NA,1014,0,0
"Q20675791","Shlomo Zilberstein","male","Artificial intelligence researcher and computer scientist",1960,3,"1950-69","male","Shlomo Zilberstein (Hebrew: שלמה זילברשטיין; born 1960) is an Israeli-American computer scientist. He is a Professor of Computer Science and Associate Dean for Research and Engagement in the College of Information and Computer Sciences at the University of Massachusetts, Amherst. He graduated with a B.A. in Computer Science summa cum laude from Technion – Israel Institute of Technology in 1982, and received a Ph.D. in Computer Science from University of California at Berkeley in 1993, advised by Stuart J. Russell. He is known for his contributions to artificial intelligence, anytime algorithms, multi-agent systems, and automated planning and scheduling algorithms, notably within the context of Markov decision processes (MDPs), Partially Observable MDPs (POMDPs), and Decentralized POMDPs (Dec-POMDPs).",11126,"2015-06-26T20:02:21Z",2015,55,1738,1,1
"Q20731777","Valeria de Paiva","female","Brazilian mathematician, logician, and computer scientist",1959,14,"1950-69","female","Valeria Correa Vaz de Paiva is a Brazilian mathematician, logician, and computer scientist.
Her work includes research on logical approaches to computation, especially using category theory, 
knowledge representation and natural language semantics, and functional programming with a focus on foundations and type theories.

",5530,"2015-07-23T23:57:01Z",2015,56,1833,0,0
"Q20740606","James Barrat","male","American documentary filmmaker, speaker, and author",1960,1,"1950-69","male","James Rodman Barrat (born 1960) is an American documentary filmmaker, speaker, and author of the nonfiction book Our Final Invention: Artificial Intelligence and the End of the Human Era.",6712,"2015-07-23T16:41:46Z",2015,55,2462,1,0
"Q3709938","Woody Bledsoe","male","American mathematician and computer scientist (1921–1995)",1921,12,"pre-1950","male","Woodrow Wilson ""Woody"" Bledsoe (November 12, 1921 – October 4, 1995) was an American mathematician, computer scientist, and prominent educator. He is one of the founders of artificial intelligence (AI), making early contributions in pattern recognition, facial recognition, and automated theorem proving. He continued to make significant contributions to AI throughout his long career. One of his influences was Frank Rosenblatt.
Beginning in 1966, he worked at the department of mathematics and computer science of the University of Texas at Austin, holding the Peter O'Donnell Jr. Centennial Chair in Computing Science starting in 1987.
Bledsoe joined the Church of Jesus Christ of Latter-day Saints as an adult, and served in the church as a bishop, counselor to the stake presidency, and stake patriarch. He also served as a leader in the Boy Scouts of America. Bledsoe died on October 4, 1995, of amyotrophic lateral sclerosis, more commonly known as ALS or Lou Gehrig's disease.

",10915,"2006-01-19T23:53:04Z",2006,85,3036,2,1
"Q3929838","Ramanathan V. Guha","male","Indian computer scientist",1965,3,"1950-69","male","Ramanathan V. Guha is an Indian-born computer scientist. He contributed to the creation of widely used web standards such as RSS, RDF and Schema.org, as well as to products such as Google Custom Search. He was a co-founder of Epinions and Alpiri. He worked at Google for nearly two decades, most recently as a Google Fellow, before announcing his departure from the company in August 2024.
He then joined Microsoft as CVP and Technical Fellow, where he conceived and developed NLWeb.",8766,"2002-10-30T05:10:53Z",2002,37,8716,2,3
"Q3992579","Tomaso Poggio","male","Italian-American physicist (born 1947)",1947,6,"pre-1950","male","Tomaso Armando Poggio (born 11 September 1947 in Genoa, Italy) is the Eugene McDermott professor in the Department of Brain and Cognitive Sciences, an investigator at the McGovern Institute for Brain Research, a member of the MIT Computer Science and Artificial Intelligence Laboratory (CSAIL) and director of both the Center for Biological and Computational Learning at MIT and the Center for Brains, Minds, and Machines, a multi-institutional collaboration headquartered at the McGovern Institute since 2013.",9489,"2008-04-25T16:10:13Z",2008,61,9276,5,2
"Q4027185","Ben Goertzel","male","author and researcher in the field of Artificial Intelligence",1966,15,"1950-69","male","Ben Goertzel is a computer scientist, artificial intelligence (AI) researcher, and businessman. He helped popularize the term artificial general intelligence (AGI). Goertzel also had a long-running research-funding relationship with Jeffrey Epstein, which continued after Epstein's 2008 conviction for sex offenses; Goertzel later said that accepting Epstein's funding had been a mistake.",20876,"2007-09-25T05:49:27Z",2007,41,48484,6,6
"Q4060703","Rasim Alguliyev","male","researcher",1958,7,"1950-69","male","Rasim Alguliyev (Azerbaijani: Rasim Məhəmməd oğlu Əliquliyev; January 20, 1958) — doctor of technical sciences, professor, full member (academician) of Azerbaijan National Academy of Sciences (ANAS), vice-president of ANAS, director-general of the Institute of Information Technology of the Ministry of Science and Education of the Republic of Azerbaijan.",9857,"2014-06-16T07:41:55Z",2014,56,595,0,0
"Q93020","Patrick Winston","male","American computer scientist (1943-2019)",1943,11,"pre-1950","male","Patrick Henry Winston (February 5, 1943 – July 19, 2019) was an American computer scientist and professor at the Massachusetts Institute of Technology. Winston was director of the MIT Artificial Intelligence Laboratory from 1972 to 1997, succeeding his doctoral advisor Marvin Minsky, who left to help found the MIT Media Lab. Winston was succeeded as director by Rodney Brooks.
After graduating from high school, Winston left East Peoria, a suburb of Peoria, IL, to come to MIT by train. He received his undergraduate degree from MIT in 1965, where he was a member of Phi Delta Theta fraternity, and went on to complete his Masters and PhD there as well, finalizing his PhD in 1970. His research interests included machine learning and human intelligence. Winston was known within the MIT community for his excellent teaching and strong commitment to supporting MIT undergraduate culture.
At MIT, Winston taught 6.034: Artificial Intelligence and 6.803/6.833: Human Intelligence Enterprise. Winston's How to Speak talk was an MIT tradition for over 40 years. ""Offered every January, the talk is intended to improve your speaking ability in critical situations by teaching you a few heuristic rules."" In 2020, the MIT Press published a book with his insights and teachings on communication: Make It Clear: Speak and Write to Persuade and Inform.
Winston served as president of the Association for the Advancement of Artificial Intelligence from 1985 to 1987.
Winston died in Boston on July 19, 2019.

",5907,"2006-07-05T19:08:11Z",2006,63,35991,4,3
"Q93089","Noel Sharkey","male","British computer scientist and Robot Wars judge",1948,6,"pre-1950","male","Noel Sharkey (born 14 December 1948) is a computer scientist born in Belfast, Northern Ireland. He is best known to the British public for his appearances on television as an expert on robotics; including the BBC Two television series Robot Wars and Techno Games, and co-hosting Bright Sparks for BBC Northern Ireland. He is emeritus professor of artificial intelligence and robotics at the University of Sheffield.
Sharkey chairs the International Committee for Robot Arms Control, an NGO that is seeking an International treaty to prohibit the development and use of autonomous robot weapons – weapons that once launched can select human targets and kill them without human intervention. He is co-founder and co-director of the Foundation for Responsible Robotics.
Sharkey is the founding editor of the academic journal Connection Science, and an editor for Artificial Intelligence Review and Robotics and Autonomous Systems.

",8871,"2005-04-25T18:58:44Z",2005,57,5969,1,0
"Q93119","Donald Michie","male","British artificial intelligence researcher (1923–2007)",1923,13,"pre-1950","male","Donald Michie (; 11 November 1923 – 7 July 2007) was a British researcher in artificial intelligence. During World War II, Michie worked for the Government Code and Cypher School at Bletchley Park, contributing to the effort to solve ""Tunny"", a German teleprinter cipher.
He founded The Turing Institute in Glasgow in 1982, alongside Peter Mowforth and Tim Niblett. In 1984, the institute worked under contract from Radian Corp to develop code for the Space Shuttle auto-lander.

",14050,"2006-07-05T18:51:24Z",2006,83,17194,10,7
"Q93123","Steve Grand (roboticist)","male","British roboticist and computer scientist",1958,6,"1950-69","male","Steve Grand OBE (born 12 February 1958) is a British computer scientist and roboticist. He was the creator and lead programmer of the Creatures artificial life simulation, which he discussed in his first book Creation: Life and How to Make It, a finalist for the 2001 Aventis Prize for Science Books. He is also an Officer of the Most Excellent Order of the British Empire, which he received in 2000.
Grand's project from 2001 to 2006 was the building of an artificial robot baby orangutan, with the intention of having it learn as a human baby would. This is documented in his book Growing up with Lucy.",7313,"2004-03-27T22:16:21Z",2004,46,15542,0,0
"Q93151","Avinash Kak","male","American-Indian computer scientist",1944,9,"pre-1950","male","Avinash C. Kak (born 1944) is an Indian-American computer scientist and professor of Electrical and computer engineering at Purdue University who has conducted pioneering research in several areas of information processing. His most noteworthy contributions deal with algorithms, languages, and systems related to networks (including sensor networks), robotics, and computer vision. Born in Srinagar, Kashmir he did his bachelor's degree at University of Madras and PhD at Indian Institute of Technology Delhi. He joined the faculty of Purdue University in 1971.

",10474,"2003-08-11T17:34:25Z",2003,59,3940,0,0
"Q99613","Ernst Dickmanns","male","German artificial intelligence researcher",1936,4,"pre-1950","male","Ernst Dieter Dickmanns is a German pioneer of dynamic computer vision and of driverless cars. Dickmanns has been a professor at the University of the Bundeswehr Munich (1975–2001), and visiting professor to Caltech and to MIT, teaching courses on ""dynamic vision"".

",9559,"2006-07-05T17:12:32Z",2006,70,3478,0,0
"Q15991498","Pat Fothergill","female","English roboticist",1936,3,"pre-1950","female","Ann Patricia ""Pat"" Fothergill (née Waddington, formerly Ambler; 13 February 1936 – 28 January 2017) was a pioneer in robotics and robot control languages in the AI department of the University of Edinburgh. She moved to the University of Aberdeen in 1986 to join the Department of Computing as a senior lecturer, where she remained until her death.",6647,"2014-03-21T18:29:46Z",2014,78,270,0,0
"Q15994398","Nando de Freitas","male","computer scientist",2000,3,"1990+","male","Nando de Freitas is a researcher in the field of machine learning, and in particular in the subfields of neural networks, Bayesian inference and Bayesian optimization, and deep learning.

",7545,"2014-02-12T09:26:13Z",2014,14,4916,2,0
"Q15994542","Nick Jennings (computer scientist)","male","British artificial intelligence expert",1966,5,"1950-69","male","Nicholas Robert Jennings is a British computer scientist who was appointed Vice-Chancellor and President of Loughborough University in 2021. He was previously the Vice-Provost for Research and Enterprise at Imperial College London, the UK's first Regius Professor of Computer Science, and the inaugural Chief Scientific Adviser to the UK Government on National Security. His research covers the areas of AI, autonomous systems, agent-based computing and cybersecurity.
He has been involved in a number of company startups including Aerogility, Contact Engine, Crossword Cyber Security, Darktrace, and Reliance Cyber Science. He was the inaugural chair of the judges for the Manchester Prize for AI, and is a judge of the Queen Elizabeth Prize for Engineering.",17517,"2014-03-14T16:12:03Z",2014,48,5609,2,1
"Q15994741","John Shawe-Taylor","male","British statistician",1953,1,"1950-69","male","John Stewart Shawe-Taylor (born 1953) is Director of the Centre for Computational Statistics and Machine Learning at University College, London (UK). His main research area is statistical learning theory. He has contributed to a number of fields ranging from graph theory through cryptography to statistical learning theory and its applications. However, his main contributions have been in the development of the analysis and subsequent algorithmic definition of principled machine learning algorithms founded in statistical learning theory. This work has helped to drive a fundamental rebirth in the field of machine learning with the introduction of kernel methods and support vector machines, including the mapping of these approaches onto novel domains including work in computer vision, document classification and brain scan analysis. More recently he has worked on interactive learning and reinforcement learning. He has also been instrumental in assembling a series of influential European Networks of Excellence (initially the NeuroCOLT projects and later the PASCAL networks). The scientific coordination of these projects has influenced a generation of researchers and promoted the widespread uptake of machine learning in both science and industry that we are currently witnessing. He has published over 300 papers with over 42000 citations. Two books co-authored with Nello Cristianini have become standard monographs for the study of kernel methods and support vector machines and together have attracted 21000 citations. He was Head of the Computer Science Department at University College London from 2010 to 2019, where he oversaw a significant expansion and witnessed its emergence as the highest ranked Computer Science Department in the UK in the 2014 UK Research Evaluation Framework (REF).

",4197,"2006-01-11T01:00:08Z",2006,53,1844,0,1
"Q15994776","Austin Tate","male","British computer scientist",1951,2,"1950-69","male","Austin Tate is emeritus professor of Knowledge-based systems in the School of Informatics at the University of Edinburgh. From 1985 to 2019 he was Director of AIAI (Artificial Intelligence Applications Institute) in the School of Informatics at the University of Edinburgh.
He is known for his contributions to AI Planning, applications of Artificial Intelligence, and work on collaborative systems in Virtual Worlds.",7824,"2006-11-17T21:57:37Z",2006,55,982,3,2
"Q15995094","Lise Getoor","female","American computer scientist",1950,4,"1950-69","female","Lise Getoor is an American computer scientist who is a distinguished professor and Baskin Endowed chair in the Computer Science and Engineering department, at the University of California, Santa Cruz, and an adjunct professor in the Computer Science Department at the University of Maryland, College Park. 
Her primary research interests are in machine learning and reasoning with uncertainty, applied to graphs and structured data. 
She also works in data integration, social network analysis and visual analytics. She has edited a book on Statistical relational learning that is a main reference in this domain.
She has published many highly cited papers in academic journals and conference proceedings. 
She has also served as action editor for the Machine Learning Journal, JAIR associate editor, and TKDD associate editor.
She received her Ph.D. from Stanford University, her M.S. from UC Berkeley, and her B.S. from UC Santa Barbara.
Prior to joining University of California, Santa Cruz, she was a professor at the University of Maryland, College Park until November 2013.

",9176,"2013-09-20T20:12:39Z",2013,63,1914,2,2
"Q15995108","Barbara J. Grosz","female","American computer scientist",1948,10,"pre-1950","female","Barbara J. Grosz CorrFRSE (Philadelphia, July 21, 1948) is an American computer scientist and Higgins Professor of Natural Sciences at Harvard University. She has made seminal contributions to the fields of natural language processing and multi-agent systems. With Alison Simmons, she is co-founder of the Embedded EthiCS programme at Harvard, which embeds ethics lessons into computer science courses.
Grosz was elected a member of the National Academy of Engineering in 2008 for pioneering research in natural language communication between humans and computers and its application to human-computer interaction.

",13404,"2014-03-06T02:39:42Z",2014,66,2064,7,10
"Q15995109","Jonathan Grudin","male","American computer scientist",1949,3,"pre-1950","male","Jonathan Grudin (born December 31, 1949) was a researcher at Microsoft from 1998 to 2022 and is affiliate professor at the University of Washington Information School working in the fields of human-computer interaction and computer-supported cooperative work. Grudin is a pioneer of the field of computer-supported cooperative work and one of its most prolific contributors. His collaboration distance to other researchers of human-computer interactions has been described by the ""Grudin number"". Grudin is also well known for the ""Grudin Paradox"" or ""Grudin Problem"", which states basically with respect to the design of collaborative software for organizational settings, ""What may be in the managers' best interests may not be in the interests of individual contributors, and therefore not used."" He was awarded the inaugural  CSCW Lasting Impact Award in 2014 on the basis of this work. He has also written about the publication culture and history of human-computer interactions.

",7116,"2008-06-29T20:06:03Z",2008,59,783,0,0
"Q15995373","Pierre-Yves Oudeyer","male","French AI researcher (born 1977)",1977,2,"1970-89","male","Pierre-Yves Oudeyer (born 17 December 1977) is a French roboticist and artificial intelligence researcher. He is currently Research Director at the French Institute for Research in Computer Science and Automation (INRIA) and head of the Inria and ENSTA ParisTech FLOWERS team. Before, he has been a permanent researcher in Sony Computer Science Laboratory from 1999 to 2007.

",4679,"2014-02-18T07:41:53Z",2014,37,1020,1,1
"Q15995453","Lenhart Schubert","male","American artificial intelligence researcher",NA,1,"unknown","male","Lenhart Karl Otto Schubert is a professor of Computer Science at the University of Rochester, as well as a member of the Center for Language Sciences and the Center for Computation and the Brain. Schubert is a prominent researcher in the field of common sense reasoning.",2505,"2011-01-15T19:12:13Z",2011,NA,292,0,0
"Q15995469","Munindar P. Singh","male","Indian-American computer scientist",1964,2,"1950-69","male","Munindar P. Singh is a SAS institute distinguished professor and a full professor in the Department of Computer Science at North Carolina State University.  Singh is an IEEE Fellow, a AAAI Fellow, a AAAS Fellow, an ACM Fellow, a Member of Academia Europaea, and a ACM SIGAI Autonomous Agents Research Award recipient.",6993,"2013-04-25T14:00:51Z",2013,49,747,0,0
"Q16027697","Wang Jun (scientist)","male","professor at University of Copenhagen",1976,5,"1970-89","male","Wang Jun (Chinese: 王俊; born June 4, 1976) is a Chinese scientist, founder and CEO of iCarbonX, and former CEO of the Beijing Genomics Institute (now known as BGI).
While studying as a PhD student at Peking University, in 1999 Wang founded the bioinformatics group at BGI, which lead China's contribution to sequencing 1% of the Human Genome Project. His team was subsequently involved in efforts to genetically sequence the first Asian person, the rice plant, SARS, the giant panda, silkworms, pigs, chickens, goats, and the human gut microbiome, amongst other organisms.
He was an Ole Romer professor at the University of Copenhagen and co-authored more than 100 papers.
In July 2015, he announced he would be stepping down from his role at BGI to set up iCarbonX and focus on developing artificial intelligence, saying that ""both life sciences and genomics have now run into a bottleneck in handling data from tens of thousands of samples... AI and machine learning could do something with big data and for people's health."" Presenting his efforts in setting up iCarbonX and establishing a big data platform for health management at the TED 2017 Conference.",11233,"2015-07-27T07:55:48Z",2015,39,1754,0,0
"Q3525862","Pierre Collet (physicist)","male","French physicist",1948,4,"pre-1950","male","Pierre Collet (born 1948) is a French mathematical physicist, specializing in statistical mechanics, stochastic processes, and chaos theory.
In 1978, Collet received a doctorate under Jean-Pierre Eckmann at the University of Geneva, with a thesis entitled  Étude du modèle hiérarchique par le groupe de renormalisation. Collet is currently  Director of Research of the CNRS at the École polytechnique.
Collet is known for mathematically exact investigations of several model systems in statistical mechanics and chaos theory. He was an Invited Speaker of the ICM in 1998 in Berlin.
He is not to be confused with the University of Strasbourg's Pierre Collet, 
who specializes in artificial evolution and complex systems.  https://cstb.icube.unistra.fr/index.php/Pierre_Collet",4011,"2018-03-23T17:40:03Z",2018,70,983,0,0
"Q3541702","Nello Cristianini","male","Italian computer scientist (born 1968)",1968,5,"1950-69","male","Nello Cristianini (born 1968) is a professor of Artificial Intelligence in the Department of Computer Science at the University of Bath.",9136,"2005-08-29T22:58:49Z",2005,37,2636,1,0
"Q3566428","Ulf Grenander","male","Swedish mathematician (1923–2016)",1923,6,"pre-1950","male","Ulf Grenander (23 July 1923 – 12 May 2016) was a Swedish statistician and professor of applied mathematics at Brown University.
His early research was in probability theory, stochastic processes, time series analysis, and statistical theory (particularly the order-constrained estimation of cumulative distribution functions using his sieve estimator). In recent decades, Grenander contributed to computational statistics, image processing, pattern recognition, and artificial intelligence. He coined the term pattern theory to distinguish from pattern recognition.

",10327,"2010-05-01T23:09:59Z",2010,87,2603,1,0
"Q6370643","Karim R. Lakhani","male","Professor of business administration at Harvard Business School",1975,3,"1970-89","male","Karim R. Lakhani (born c. 1970) is the Dorothy & Michael Hintze Professor of Business Administration at Harvard Business School. He is the principal investigator of the Crowd Innovation Lab at the Harvard Institute for Quantitative Social Science. His research and teaching focuses on open innovation and user innovation. Lakhani is the founder and one of the principal investigators of the Laboratory for Innovation Science at Harvard (LISH).",5866,"2010-03-30T16:45:37Z",2010,35,5328,0,0
"Q6375450","Kate Crawford","female","Australian researcher",1974,17,"1970-89","female","Kate Crawford (born 1974) is an Australian researcher, writer, and academic who studies the social and political implications of artificial intelligence. 
She is based in New York and works as a principal researcher at Microsoft Research. She is the co-founder and former director of research at the AI Now Institute at New York University, former visiting professor at the MIT Center for Civic Media, former senior fellow at the Information Law Institute at NYU, and former associate professor in the Journalism and Media Research Centre at the University of New South Wales. She is also a member of the World Economic Forum's Global Agenda Council on Data-Driven Development.
Crawford’s research focuses on social change and media technologies, particularly on the intersection of humans, mobile devices, and social networks. Her research examines how AI affects various aspects of human life, such as gender, race, and economic status. She argues that AI systems are not neutral or objective, but rather reflect and reinforce existing systems of power and inequality. She also explores the ethics and environmental impact, as well as the historical and cultural contexts of its development. She has published on cultures of technology use and the way media histories inform the present, and has exhibited creative works in music and art at museums such as the Museum of Modern Art in New York and the Victoria and Albert Museum in London.

",21048,"2007-06-11T04:13:44Z",2007,33,24688,2,1
"Q6387625","Ken Forbus","male","computer scientist",1950,4,"1950-69","male","Kenneth Dale  ""Ken"" Forbus is an American computer scientist working as the Walter P. Murphy Professor of Computer Science and Professor of Education at Northwestern University.",2924,"2004-03-05T21:39:00Z",2004,54,1054,2,2
"Q6390398","Kenneth M. Ford","male","American businessman",1955,1,"1950-69","male","Kenneth M. Ford is an American computer scientist who is the Founder & CEO Emeritus of the  Florida Institute for Human and Machine Cognition (IHMC), a research center affiliated with the State University System of Florida. He resides in Pensacola, Florida, with his wife Nancy.",16852,"2020-12-10T17:48:15Z",2020,65,1406,0,0
"Q6396777","Kevin Leyton-Brown","male","Canadian computer scientist",1975,3,"1970-89","male","Kevin Leyton-Brown (born May 12, 1975) is a Professor of Computer Science at the University of British Columbia.",8227,"2013-02-18T22:58:34Z",2013,38,1909,3,1
"Q6411178","King-Sun Fu","male","Chinese-born American computer scientist",1930,2,"pre-1950","male","King-Sun Fu (Chinese: 傅京蓀; pinyin: Fù Jīngsūn; October 2, 1930 – April 29, 1985) was a Chinese-American computer scientist. He was a Goss Distinguished Professor at Purdue University School of Electrical and Computer Engineering in West Lafayette, Indiana. He was instrumental in the founding of International Association for Pattern Recognition (IAPR), served as its first president, and is widely recognized for his extensive and pioneering contributions to the field of pattern recognition (within computer image analysis) and machine intelligence. In honor of the memory of Professor King-Sun Fu, IAPR gives the biennial King-Sun Fu Prize to a living person in the recognition of an outstanding technical contribution to the field of pattern recognition. The first King-Sun Fu Prize was presented in 1988, to Azriel Rosenfeld.

",7766,"2006-07-10T18:14:35Z",2006,76,1594,6,1
"Q6419303","Kjartan Ólafsson (composer)","male","Icelandic musicologist",1958,2,"1950-69","male","Kjartan Ólafsson (born 18 November 1958) is an Icelandic musicologist, composer and academic. He is the creator of the composing software CALMUS and has worked on the use of artificial intelligence in classical music composition.",4664,"2006-05-11T17:39:37Z",2006,48,515,0,0
"Q6438346","Kristinn R. Thórisson","male","artificial intelligence researcher",1964,2,"1950-69","male","Kristinn R. Thórisson (Þórisson) is an Icelandic artificial intelligence researcher, founder and Managing Director of the Icelandic Institute for Intelligent Machines (IIIM), and co-founder and former co-director of the Center for Analysis and Design of Intelligent Agents (CADIA) at Reykjavik University. Thórisson is one of the leading proponents of unified theories of cognition.
Thórisson's research focus is general machine intelligence (also referred to as artificial general intelligence (AGI), or strong AI) and he has proposed a new methodology for achieving machines with general intelligence. An early demonstration of his constructivist AI methodology was given in the FP-7 funded HUMANOBS project, where an artificial agent autonomously learned from scratch how to do spoken multimodal interviews by observing humans participate in a TV-style interview. The goal-driven self-programming system, called AERA (Autocatalytic Endogenous Reflective Architecture), started out with only a small set of seed knowledge (a few pages of ""given"" code) and autonomously expanded its capabilities through self-reconfiguration, writing the equivalent of thousands of lines of code on its own, to enable it to perform such a realtime TV interview. Thórisson has also worked extensively on systems integration for artificial intelligence systems in the past, contributing architectural principles for infusing dialogue and human-interaction capabilities into the Honda ASIMO robot.

Kristinn R. Thórisson has been Professor at the Department of Computer Science at Reykjavík University since 2004. He was co-founder of semantic Web startup company Radar Networks (with Nova Spivack), whose online Website Radar Networks Twine was one of the first working applications of semantic Web technologies, and served as its Chief Technology Officer 2002–03.",12493,"2007-04-28T16:29:26Z",2007,43,965,1,1
"Q6490242","Larry E. Smith","male","Canadian musician",1945,3,"pre-1950","male","",72,"2007-02-01T07:32:23Z",2007,62,147,0,0
"Q6491324","Larry Yaeger","male","Artificial Intelligence researcher",1950,1,"1950-69","male","Larry Steven Yaeger (born 1950) is a former Apple Distinguished Scientist and Full Professor of Informatics at Indiana University Bloomington, currently employed at Google.  Outside of academia he is best known for designing the handwriting recognition software used in the Apple Newton and Inkwell. Yaeger's academic research focused on the evolution of true artificial intelligence through natural selection.  He is the lead developer of Polyworld.

",1172,"2006-03-30T22:11:42Z",2006,56,800,0,0
"Q6504172","Lawrence Hunter","male","Computational Biology",1961,4,"1950-69","male","Lawrence E. Hunter is a professor at the University of Chicago. He was the founder and director of the Computational Bioscience Program at the University of Colorado School of Medicine and Professor of Computer Science at the University of Colorado Boulder.  He is an internationally known scholar, focused on computational biology, knowledge-driven extraction of information from the primary biomedical literature, the semantic integration of knowledge resources in molecular biology, and the use of knowledge in the analysis of high-throughput data, as well as for his foundational work in computational biology, which led to the genesis of the major professional organization in the field and two international conferences.

",14169,"2010-01-19T22:44:02Z",2010,49,1666,6,6
"Q6504196","Lawrence J. Fogel","male","American computer scientist",1928,4,"pre-1950","male","Dr. Lawrence Jerome Fogel (March 2, 1928 – February 18, 2007) was a pioneer in evolutionary computation and human factors analysis. He is known as the inventor of active noise cancellation and the father of evolutionary programming. His scientific career spanned nearly six decades and included electrical engineering, aerospace engineering, communication theory, human factors research, information processing, cybernetics, biotechnology, artificial intelligence, and computer science.",26832,"2006-11-28T23:06:03Z",2006,78,1906,0,2
"Q92759","Larry Ellison","male","American internet entrepreneur and businessman (born 1944)",1944,76,"pre-1950","male","Lawrence Joseph Ellison (born August 17, 1944) is an American businessman. He co-founded the software company Oracle Corporation, and was its CEO from 1977 to 2014. He now serves as its CTO and executive chairman. According to Forbes, as of early 2026, Ellison's estimated net worth is $201–203 billion, making him the world's sixth-richest person.
On September 10, 2025, Ellison was briefly the wealthiest person in the world after an increase in Oracle stock price, with an estimated net worth of $393 billion. He is also known for various other investments, such as his ownership of 98% of the land on Lānaʻi, the sixth-largest of the Hawaiian Islands, his stake in the automotive and clean energy company Tesla, Inc. worth over $19 billion, and his controlling stake in the mass media conglomerate Paramount Skydance, which is managed by his son David Ellison.",104287,"2003-01-22T00:39:55Z",2003,59,2923522,2,1
"Q92767","Lotfi A. Zadeh","male","American electrical engineer and computer scientist (1921–2017)",1921,47,"pre-1950","male","Lotfi Aliasger Zadeh (; Azerbaijani: Lütfəli Rəhim oğlu Ələsgərzadə; Persian: لطفی علی‌عسکرزاده; Russian: Лютфали Рагим оглы Алескерзаде 4 February 1921 – 6 September 2017) was a mathematician, computer scientist, electrical engineer, artificial intelligence researcher, and professor of computer science at the University of California, Berkeley. 
Zadeh is best known for proposing fuzzy mathematics, consisting of several fuzzy-related concepts: fuzzy sets, fuzzy logic, fuzzy algorithms, fuzzy semantics, fuzzy languages, fuzzy control, fuzzy systems, fuzzy probabilities, fuzzy events, and fuzzy information.
Zadeh was a founding member of the Eurasian Academy.",58171,"2003-03-25T04:09:44Z",2003,82,32949,34,32
"Q92769","Scott Fahlman","male","Computer scientist at Carnegie Mellon University",1948,22,"pre-1950","male","Scott Elliott Fahlman (born March 21, 1948) is an American computer scientist and Professor Emeritus at Carnegie Mellon University's Language Technologies Institute and Computer Science Department.  He is notable for early work on automated planning and scheduling in a blocks world, on semantic networks, on neural networks (especially the cascade correlation algorithm), on the programming languages Dylan, and Common Lisp (especially CMU Common Lisp), and he was one of the founders of Lucid Inc. During the period when it was standardized, he was recognized as ""the leader of Common Lisp."" From 2006 to 2015, Fahlman was engaged in developing a knowledge base named Scone, based in part on his thesis work on the NETL Semantic Network. He also is credited with coining the use of the emoticon.",8826,"2004-03-05T21:42:56Z",2004,56,10319,10,15
"Q92778","J. C. R. Licklider","male","American psychologist and computer scientist (1915–1990)",1915,30,"pre-1950","male","Joseph Carl Robnett Licklider (; March 11, 1915 – June 26, 1990), known simply as J. C. R. or ""Lick"", was an American psychologist and computer scientist who is considered to be among the most prominent figures in computer science development and general computing history.
He is particularly remembered for being one of the first to foresee modern-style interactive computing and its application to all manner of activities; and also as an Internet pioneer with an early vision of a worldwide computer network long before it was built. He did much to initiate this by funding research that led to significant advances in computing technology, including today's canonical graphical user interface, and the ARPANET, which is the direct predecessor of the Internet.
Robert Taylor, founder of Xerox PARC's Computer Science Laboratory and Digital Equipment Corporation's Systems Research Center, noted that ""most of the significant advances in computer technology—including the work that my group did at Xerox PARC—were simply extrapolations of Lick's vision. They were not really new visions of their own. So he was really the father of it all"".

",30989,"2003-06-28T01:00:19Z",2003,88,38426,3,0
"Q92798","David E. Goldberg","male","American computer scientist",1953,7,"1950-69","male","David Edward Goldberg (born September 26, 1953) is an American engineer, educator, and author, known for his contributions to genetic algorithms, engineering education, and the philosophy of engineering. He is a registered professional engineer in Pennsylvania and has held faculty positions at the University of Michigan, University of Alabama, University of Illinois at Urbana-Champaign, and served as a visiting professor at the National University of Singapore. Goldberg is recognized for his research in evolutionary computation, engineering education reform, and interdisciplinary approaches connecting philosophy and engineering.

",24556,"2006-07-25T20:55:45Z",2006,53,4733,2,2
"Q18631847","Jeremy England","male","American physicist and rabbi",1982,5,"1970-89","male","Jeremy England is an American physicist and Orthodox rabbi. He is noted for his argument that the spontaneous emergence of life may be explained by the better heat dissipation of more organized arrangement of molecules compared to that of groups of less organized molecules. England terms his interpretation ""dissipation-driven adaptation"". 

",14438,"2014-12-12T05:36:46Z",2014,32,18620,0,0
"Q18631934","Marylyn D. Ritchie","female","Professor of Genetics",1977,1,"1970-89","female","Marylyn D. Ritchie is a Professor of Genetics, the Director of the Center for Translational Bioinformatics, the Associate Director for Bioinformatics in the Institute for Biomedical Informatics, and the Associate Director of the Center for Precision Medicine, at the University of Pennsylvania's Perelman School of Medicine. She is also a founding co-director of the Penn Medicine BioBank.",3757,"2014-11-08T22:25:17Z",2014,37,797,0,0
"Q18632706","Aapo Hyvärinen","male","Finnish professor of computer science (University of Helsinki; University College London)",1970,3,"1970-89","male","Aapo Johannes Hyvärinen (born 1970 in Helsinki) is a Finnish professor of computer science at the University of Helsinki and known for his research in independent component analysis.",3995,"2022-12-21T15:44:42Z",2022,52,1382,1,1
"Q18686107","Fei-Fei Li","female","American computer scientist",1976,36,"1970-89","female","Fei-Fei Li (Chinese: 李飞飞; pinyin: Lǐ Fēifēi; born July 3, 1976) is a Chinese-born American computer scientist best known for establishing ImageNet, the dataset that enabled rapid advances in computer vision in the 2010s. She is a professor of computer science at Stanford University, with research expertise in artificial intelligence, machine learning, deep learning, computer vision, and cognitive neuroscience. Li has earned the title of ""The Godmother of AI"".
Li is a co-director of the Stanford Institute for Human-Centered Artificial Intelligence and a co-director of the Stanford Vision and Learning Lab, and served as Chief Scientist of AI/ML at Google Cloud and the director of the Stanford Artificial Intelligence Laboratory from 2013 to 2018. In 2017, she co-founded AI4ALL, a nonprofit organization working to increase diversity in the field of artificial intelligence. In 2023, Li was named one of the Time 100 AI Most Influential People. 
Li received the Intel Lifetime Achievements Innovation Award in 2017 for her contributions to artificial intelligence, and was elected member of the National Academy of Engineering, the National Academy of Medicine in 2020 and the American Academy of Arts and Sciences in 2021. In 2025, she was named as one of the ""Architects of AI"" for Time's Person of the Year. On August 3, 2023, Li was appointed to the United Nations Scientific Advisory Board, established by Secretary-General Antonio Guterres. In 2024, Li was included on the Gold House's most influential Asian A100 list.
In 2024, she raised $230 million for World Labs, a startup which she and three colleagues founded to develop a ""spatial intelligence"" AI technology that can understand how the three-dimensional physical world works. In early 2026, World Labs raised an additional $1 billion; In September 2026 it was announced that AMD would be acquiring World Labs for $8.2 billion.",60134,"2014-11-10T20:02:53Z",2014,38,369195,39,37
"Q18686489","Shelia Guberman","male","Ukrainian-American scientist",1930,2,"pre-1950","male","Shelia Guberman (born 25 February 1930, Ukraine, USSR) is a scientist in computer science, nuclear physics, geology, geophysics, medicine, artificial intelligence and perception.  He proposed the D-waves theory of Earth seismicity, algorithms of Gestalt-perception (1980) and Image segmentation, and programs for the technology of oil and gas fields exploration (1985).

",27347,"2014-11-27T03:29:34Z",2014,84,1113,0,0
"Q18719196","John D. Lafferty","male","American artificial intelligence researcher",1950,1,"1950-69","male","John D. Lafferty is an American scientist, Professor at Yale University and leading researcher in machine learning. He is best known for proposing the Conditional Random Fields with Andrew McCallum and Fernando C.N. Pereira.

",9230,"2014-12-15T07:05:22Z",2014,64,2768,1,4
"Q2550769","Claes de Vreese","male","Danish communication scholar",1974,4,"1970-89","male","Claes Holger de Vreese (born 25 September 1974, Copenhagen) is a Distinguished University Professor of Artificial Intelligence and Society with a special focus on media and democracy at the University of Amsterdam (UvA).
He is the co-director of AlgoSoc: Public Values in the Algorithmic Society and the AI, Media & Democracy Lab. He founded the Center for Politics and Communication, the Digital Communication Methods Lab, and he served as President of the International Communication Association in 2020-2021.
De Vreese is founding Scientific Director of the Digital Democracy Centre at the University of Southern Denmark (SDU).
Between 2005 and 2013, de Vreese was the Director of ASCoR and the Director of the Netherlands School of Communication Research (NeSCoR).",11387,"2017-06-20T09:37:19Z",2017,43,1751,0,0
"Q2651957","Oliver Selfridge","male","British computer scientist (1926–2008)",1926,13,"pre-1950","male","Oliver Gordon Selfridge (10 May 1926 – 3 December 2008) was a British-American mathematician and computer scientist who pioneered the early foundations of modern artificial intelligence. He is mostly known for his 1959 paper, Pandemonium: A Paradigm For Learning describing what's now known as the Pandemonium Architecture. He has been called the ""Father of Machine Perception.""

",8506,"2005-03-21T16:54:00Z",2005,79,11574,32,31
"Q2846695","Andrew Ng","male","American artificial intelligence researcher",1976,35,"1970-89","male","Andrew Yan-Tak Ng (Chinese: 吳恩達; born April 18, 1976) is a British-American computer scientist and technology entrepreneur focusing on machine learning and artificial intelligence (AI). Ng was a cofounder and head of Google Brain and was the former Chief Scientist at Baidu.
Ng is an adjunct professor at Stanford University (formerly associate professor and Director of its Stanford AI Lab or SAIL). Ng has also worked in online education, cofounding Coursera and DeepLearning.AI. He has spearheaded many efforts to ""democratize deep learning"" teaching over 8 million students through his online courses. Ng is renowned globally in computer science, recognized in Time magazine's 100 Most Influential People in 2012 and Fast Company's Most Creative People in 2014. His influence extends to being named in the Time100 AI Most Influential People in 2023.
In 2018, he launched and currently heads the AI Fund, initially a $175-million investment fund for backing artificial intelligence startups. He has founded LandingAI, which provides AI-powered SaaS products. On April 11, 2024, Amazon announced Ng's appointment to its board of directors.",51590,"2009-12-02T11:22:39Z",2009,33,280522,40,40
"Q2939411","Carlos Moreno (urbanist)","male","Colombian-French researcher, scientist, professor",1959,10,"1950-69","male","Carlos Moreno (born April 16, 1959) is a Franco-Colombian researcher, scientist, and professor at IAE – Paris 1 Sorbonne University. He co-founded the ETI chair ""Entrepreneurship – Territory – Innovation"" and has conducted research on smart and sustainable cities. He is mainly known for his contribution to the 15-minute city ""Ville du quart d’heure"" concept.
His work has been recognized by local governments and urban transformation programs both in France and internationally. In 2010, he was awarded the Chevalier of the Legion of Honor by the French Republic, and in 2019, he received the Medal of Prospective from the French Academy of Architecture.",14403,"2015-03-21T15:58:40Z",2015,56,10576,0,0
"Q3017519","David Blei","male","American artificial intelligence researcher",1970,6,"1970-89","male","David Meir Blei is a professor in the Statistics and Computer Science departments at Columbia University. Prior to fall 2014 he was an associate professor in the Department of Computer Science at Princeton University. His work is primarily in machine learning.",3550,"2011-02-03T17:37:59Z",2011,41,4368,6,2
"Q7346644","Robert L. Simpson Jr.","male","Chief Scientist at Applied Systems Intelligence, Inc.",NA,1,"unknown","male","Robert L. Simpson Jr. (July 28, 1946 – December 26, 2020) was an American computer scientist specializing in applied artificial intelligence. He served as chief scientist at Applied Systems Intelligence, Inc. (ASI), where he led the development of the company's core technology, PreAct. ASI later rebranded as Veloxiti Inc.

",7473,"2010-03-10T20:23:00Z",2010,NA,635,0,1
"Q7347121","Robert M. French","male","cognitive scientist",1951,1,"1950-69","male","Robert M. French is a research director at the French National Centre for Scientific Research.  He is currently at the University of Burgundy in Dijon.  He holds a Ph.D. from the University of Michigan, where he worked with Douglas Hofstadter on the Tabletop computational cognitive model. He specializes in cognitive science and has made an extensive study of the process of analogy-making.
French is the inventor of Tabletop, a computer program that forms analogies in a microdomain consisting of everyday objects placed on a table.
He has done extensive research in artificial intelligence and written several articles about the Turing test, which was proposed by Alan Turing in 1950 as a means of determining whether an advanced computer can be said to be intelligent. French was for a long time an outspoken critic of the test, which, he suggested, no computer might ever be able to meet. French now believes that the way forward in AI does not lie in an attempt to flawlessly simulate human cognition (i.e., pass a Turing Test) but, rather, in trying to design computers capable of developing their own abilities to understand the world and in interacting with these machines in a meaningful manner.
He has published work on catastrophic forgetting in neural networks, the Turing test and foundations of cognitive science, the evolution of sex, and categorization and learning in infants, among other topics.",15984,"2009-12-13T20:41:47Z",2009,58,1534,0,0
"Q7351848","Roberto Pieraccini","male","American computer scientist",1955,3,"1950-69","male","Roberto Pieraccini (born 15 November 1955 in Genoa, Italy) is an Italian-American electrical engineer, scientist, and author whose work has shaped the fields of speech recognition, natural language understanding, and spoken dialogue systems over more than four decades. He has been an active contributor to speech and language research and technology since 1981, with formative roles at CSELT in Italy, Bell Laboratories, and IBM Research, and leadership positions at SpeechWorks, SpeechCycle, the International Computer Science Institute (ICSI), Jibo, Google Zurich, and Uniphore, where he served as VP and Chief Scientist. He is the author of two books published by MIT Press: The Voice in the Machine (2012) and AI Assistants (2021). and holds an honorary Doctor of Science degree from Heriot-Watt University.",7469,"2010-06-08T18:09:19Z",2010,55,3443,1,0
"Q7356572","Roderic Grupen","male","American computer scientist",NA,1,"unknown","male","Rod Grupen (born May 10, 1957) is an American roboticist and professor emeritus of Computer science and director of the Laboratory for Perceptual Robotics at the University of Massachusetts Amherst, Amherst. Grupen is a researcher that applies machine learning techniques and insight from theories of infant development to create autonomous robot control systems. 
Grupen's research integrates signal processing, control, dynamical systems, learning, and development as a means of constructing intelligent systems. He has published over 100 peer-reviewed journal, conference, and workshop papers. Grupen was the co-editor-in-chief of the Robotics and Autonomous Systems Journal from  2007 to 2016 and serves on the editorial board of the Journal of Artificial Intelligence for Engineering Design, Analysis and Manufacturing (AI EDAM) from 1991 to present. In 2010, Grupen received the Chancellor's Medal, the highest honor bestowed on individuals for exemplary and extraordinary service to the University of Massachusetts.
Grupen received both a B.S. in mechanical engineering from Washington University in St. Louis and a B.A. in physics from Franklin and Marshall College in 1980, an M.S. in mechanical engineering from Pennsylvania State University in 1984, and a Ph.D. in computer science from University of Utah in 1988. Grupen is most recently the author of the book ""The Developmental Organization of Robot Behavior"" published by MIT Press in 2023.",2649,"2011-02-11T16:31:46Z",2011,NA,375,0,0
"Q7360779","Rolf Pfeifer","male","artificial intelligence researcher",1947,6,"pre-1950","male","Rolf Pfeifer (born 24 February 1947) is a Swiss artificial-intelligence researcher. He was a professor of computer science at the Department of Informatics at the University of Zurich, and director of the Artificial Intelligence Laboratory, where he retired in 2014. Currently he is a specially appointed professor at Osaka University, and a visiting professor at Shanghai Jiao Tong University.
He has a master's degree in physics and mathematics and a Ph.D. in computer science from the Swiss Federal Institute of Technology (ETH) in Zürich, Switzerland. He spent three years as a post-doctoral fellow at Carnegie Mellon University and Yale University in the U.S.
Having worked as a visiting professor and research fellow at the Free University of Brussels, the MIT Artificial Intelligence Laboratory, the Neurosciences Institute (NSI) in San Diego, and the Sony Computer Science Laboratory in Paris, he was elected ""21st Century COE Professor, Information Science and Technology"" at the University of Tokyo for 2003/2004, from where he held the first global, fully interactive, videoconferencing-based lecture series ""The AI Lectures from Tokyo"" (including Tokyo, Beijing, Jeddah, Warsaw, Munich, and Zürich). These lectures were renamed the ShanghAI Lectures and since 2009 they have been broadcast all over the world.
He is the author of the books Understanding Intelligence (co-author: C. Scheier), How the Body Shapes the Way We Think: A New View of Intelligence MIT Press, 2006 (with Josh Bongard), and ""Designing Intelligence"" (with Josh Bongard and Don Berry). He has published over 100 scientific articles.   
His research interests include Embodied cognition, Biorobotics, Autonomous agents/mobile robots, Artificial life, Morphology/morpho-functional machines, Situated Design, Emotion.",4418,"2005-09-20T20:49:46Z",2005,58,1624,1,1
"Q7362250","Roman Yampolskiy","male","Latvian computer scientist (born 1979)",1979,11,"1970-89","male","Roman Vladimirovich Yampolskiy (Russian: Роман Владимирович Ямпольский; born 13 August, 1979) is a computer scientist at the University of Louisville, mostly known for his work on AI safety and cybersecurity.  He founded the Cybersecurity Lab in the department of Computer Engineering and Computer Science at the Speed School of Engineering of the University of Louisville.
He opposes the development of artificial superintelligence, arguing that it cannot be controlled. He said in 2024 that he believed AI to be 99.9% likely to eliminate humanity within a century.",13402,"2012-09-25T21:00:21Z",2012,33,212398,13,14
"Q7364451","Ron Sun","male","American computer scientist",1960,3,"1950-69","male","Ron Sun is a cognitive scientist who has made significant contributions to computational psychology and other areas of cognitive science and artificial intelligence. He is currently professor of cognitive sciences at Rensselaer Polytechnic Institute, and formerly the James C. Dowell Professor of Engineering and Professor of Computer Science at University of Missouri. He received his Ph.D. in 1992 from Brandeis University.",8569,"2008-05-28T10:31:19Z",2008,48,1266,1,0
"Q7364966","Ronald J. Brachman","male","American artificial intelligence researcher",1949,5,"pre-1950","male","Ronald Jay ""Ron"" Brachman (born 1949) is the director of the Jacobs Technion-Cornell Institute at Cornell Tech. Previously, he was the Chief Scientist of Yahoo! and head of Yahoo! Labs (Now Yahoo! Research).  Prior to that, he was the Associate Head of Yahoo! Labs and Head of Worldwide Labs and Research Operations.",5792,"2004-07-24T05:28:57Z",2004,55,1743,0,1
"Q7365183","Ronald R. Yager","male","American computer scientist",1941,2,"pre-1950","male","Ronald Robert Yager (born New York City) is an American researcher in computational intelligence, decision making under uncertainty and fuzzy logic.  He is currently Director of the Machine Intelligence Institute and Professor of Information Systems at Iona College.
Ronald Yager has been an active IEEE Fellow since 1997 for his contributions to the development of the theory of fuzzy logic. He is the Editor and Chief of the International Journal of Intelligent Systems. He has also been invited to serve on the Editorial Boards and Executive Advisory Boards in a number of international journals, which include the following: IEEE Intelligent Systems, IEEE Transactions on Fuzzy Systems, and Fuzzy Sets and Systems.

",6790,"2011-11-15T00:04:01Z",2011,70,1209,0,0
"Q7369266","Ross D. King","male","British computer scientist",NA,2,"unknown","male","Ross Donald King is a Professor of Machine Intelligence at Chalmers University of Technology.",20504,"2013-03-05T14:56:42Z",2013,NA,2499,1,2
"Q7378734","Rui de Figueiredo","male","Goa-born American artificial intelligence engineer (1929–2013)",1929,4,"pre-1950","male","Rui José Pacheco de Figueiredo (19 April 1929 – 22 July 2013) was an electrical engineer, mathematician, computer scientist, and a professor of electrical engineering, computer engineering, and applied mathematics at Rice University and at the University of California, Irvine.",9760,"2010-12-24T23:21:24Z",2010,81,950,0,0
"Q92894","Geoffrey Hinton","male","British-Canadian computer scientist and psychologist",1947,70,"pre-1950","male","Geoffrey Everest Hinton (born 6 December 1947) is a British-Canadian computer scientist, cognitive scientist, cognitive psychologist and Nobel Prize laureate known for his work on artificial neural networks, which earned him the title ""the Godfather of AI"". He is University Professor Emeritus at the University of Toronto.
From 2013 to 2023, he divided his time working for Google Brain and the University of Toronto before publicly announcing his departure from Google in May 2023, citing concerns about the many risks of artificial intelligence (AI) technology. In 2017, he co-founded and became the chief scientific advisor of the Vector Institute in Toronto. He is also a strategic advisor to the Schwartz Reisman Institute for Technology and Society.
With David Rumelhart and Ronald J. Williams, Hinton co-authored a highly cited paper published in 1986 that popularised the backpropagation algorithm for training multi-layer neural networks, although they were not the first to propose the approach. Hinton is viewed as a leading figure in the deep learning community. The image-recognition neural network AlexNet, designed in collaboration with his students Alex Krizhevsky and Ilya Sutskever, won the ImageNet challenge in 2012 and was a breakthrough in computer vision.
Hinton received the 2018 Turing Award, together with Yoshua Bengio and Yann LeCun, for their work on deep learning. They are sometimes referred to as the ""Godfathers of Deep Learning"". He was also awarded, along with John Hopfield, the 2024 Nobel Prize in Physics for ""foundational discoveries and inventions that enable machine learning with artificial neural networks"".
In May 2023, Hinton announced his resignation from Google to be able to ""freely speak out about the risks of AI"". He has voiced concerns about deliberate misuse by malicious actors, technological unemployment, and existential risk from artificial general intelligence. He noted that establishing safety guidelines will require cooperation among those competing in use of AI in order to avoid the worst outcomes. After receiving the Nobel Prize, he called for urgent research into AI safety to figure out how to control AI systems smarter than humans.",74038,"2004-03-05T21:45:00Z",2004,57,846609,61,52
"Q92892","Chris McKinstry","male","Canadian artificial intelligence researcher (1967-2006)",1967,5,"1950-69","male","Kenneth Christopher McKinstry (February 12, 1967 – January 23, 2006) was a Canadian researcher in artificial intelligence. He led the development of the MISTIC project which was launched in May 1996.  He founded the Mindpixel project in July 2000, and closed it in December 2005. McKinstry's AI work and similar early death dovetailed with another contemporary AI researcher, Push Singh and his MIT Open Mind Common Sense Project.",12387,"2004-02-11T21:35:20Z",2004,37,6940,0,0
"Q22095352","Kim Binsted","female","American computer scientist",NA,3,"unknown","female","Kim Binsted (born in New Jersey, US) is a professor in the Information and Computer Sciences Department at the University of Hawaiʻi at Mānoa. Binsted's work explores artificial intelligence, human-computer interfaces, and long-duration human space exploration.",7063,"2015-10-13T15:56:07Z",2015,NA,678,0,0
"Q22277536","Debasish Ghose","male","Indian professor",1960,2,"1950-69","male","Debasish Ghose (born 16 May 1960) is a professor at Department of Aerospace Engineering, Indian Institute of Science. He is believed to have initiated work on cooperative control in India, having pioneered research on Intelligent control and multi-agents.  He founded the first mobile robotics lab in India i.e. Mobile Robotics Laboratory at IISc in 2002. He is known for his early work in swarm intelligence, distributed computing and game theory. His primary research is in Guidance and control of autonomous vehicles,  although, current interest is in Computational intelligence i.e. Machine Learning for Aerial Robotics.
Formerly, he has served as chair of the Department of Aerospace, IISc (2012–15) and convener of the Space Technology Cell (STC), ISRO-IISc. 
He was a visiting professor at the University of California, Los Angeles for nearly 4 years.",5882,"2015-10-17T06:31:06Z",2015,55,1566,0,0
"Q22278023","Russell Greiner","male","researcher ORCID ID = 0000-0001-8327-934X",NA,2,"unknown","male","Russell Greiner is a Canadian computer scientist and professor of computing science at the University of Alberta. He is also an adjunct professor in psychiatry at the University of Alberta, a fellow of the Association for the Advancement of Artificial Intelligence, and a Canada CIFAR AI Chair.
After earning a PhD from Stanford University, Greiner worked in both academic and industrial research before joining the University of Alberta, where he became professor of computing science and adjunct professor in psychiatry. He was also a founding scientific director of the Alberta Machine Intelligence Institute.
Greiner served as program chair of the International Conference on Machine Learning in 2004 and conference chair in 2006.
He was elected a fellow of the AAAI in 2007. He received a McCalla Professorship and a Killam Annual Professorship at the University of Alberta. In 2021, he received the CAIAC Lifetime Achievement Award and was named a Canada CIFAR AI Chair. In 2022, he received the University of Alberta Precision Health Innovator Award. In 2023, he received the CS-Can / Info-Can Lifetime Achievement Award. In 2024, Greiner shared the Brockhouse Prize with David Wishart for work on machine learning for metabolomics.
For his mentoring, Greiner received the University of Alberta Great Supervisor Award in 2020 and the Killam Award for Excellence in Mentoring in 2023.
His research has focused on machine learning, bioinformatics, medical informatics, survival prediction, and the formal foundations of learnability.",7323,"2015-12-03T06:50:07Z",2015,NA,1183,0,0
"Q22278829","Shane Legg","male","machine learning researcher",1973,8,"1970-89","male","Shane Legg  (born 1973 or 1974) is a machine learning researcher and entrepreneur. With Demis Hassabis and Mustafa Suleyman, he cofounded DeepMind Technologies (later bought by Google and now called Google DeepMind), and works there as the chief AGI scientist. He is also known for his academic work on artificial general intelligence, including his thesis supervised by Marcus Hutter.

",14517,"2016-01-09T18:39:47Z",2016,43,93011,15,17
"Q22279523","Nobuyuki Otsu","male","department of Mathematical Engineering",1947,1,"pre-1950","male","Nobuyuki Otsu (大津 展之) graduated from the Department of Mathematical Engineering at the Faculty of Engineering of the University of Tokyo in 1969.  He finished the master’s course in mathematics at the Department of Mathematical Engineering and Information Physics of the University of Tokyo in 1971. Obtained Doctor of Engineering from University of Tokyo in 1981.
He joined the Electrotechnical Laboratory (ETL) in 1971. He has been engaged in the research of pattern recognition theory and its application.  Had been Visiting Researcher at Canada National Research Council, Director of Mathematical Information Laboratory at Software Division, and Director of Information Science Laboratory at Information Science Division. Became Chief Senior Researcher in 1990 and Director of Machine Understanding Division in 1991.
Also he hold adjunct professorships in two universities. He became professor at Cooperative Graduate School, the University of Tsukuba in 1992 (to 2010), and Professor at the Graduate School of Information Science and Technology, the University of Tokyo in 2001 (to 2007). He retired from National Institute of Advanced Industrial Science and Technology in 2012 and awarded the title of Emeritus Researcher.
He has engaged in mathematical fundamental research and its application concerning pattern recognition, image processing, multivariate analysis, artificial intelligence, and neurocomputing. Otsu's method, an image binarization technique, is still a standard technique widely used both in Japan and abroad.
He has made significant contributions to elementary research on principles of human soft intelligence (information processing) such as recognition, understanding, reasoning, and learning, and ""soft information processing (intelligent information processing) method"" as applications.  In the Real World Computing (RWC) Project (MITI's 10 years national project during 1992-2001), he promoted the research and development of ""real world intelligence,"" and established fundamentals to exploit new application fields of intelligent information processing and multimedia information processing.",4887,"2015-10-18T16:47:13Z",2015,68,2906,0,0
"Q22826132","Christopher D. Manning","male","computer scientist",1965,3,"1950-69","male","Christopher David Manning is an Australian-American computer scientist and applied linguist specialising in the areas of natural language processing, artificial intelligence, and machine learning. Manning is known for co-developing GloVe word vectors; the bilinear or multiplicative form of attention, now widely used in artificial neural networks including the transformer; tree-structured recursive neural networks; and approaches to and systems for textual entailment.
Manning is the inaugural Thomas M. Siebel Professor in Machine Learning, and a professor of linguistics and computer science at Stanford University. He has been the director of the Stanford Artificial Intelligence Laboratory since 2018.",9847,"2022-02-22T11:30:38Z",2022,57,11840,34,33
"Q22954280","Robert Tienwen Chien","male","scientist",1931,1,"pre-1950","male","Robert Tienwen Chien (Chinese: 錢天問; November 20, 1931 – December 8, 1983) was an American computer scientist who was the director of the Coordinated Science Laboratory at the University of Illinois Urbana-Champaign. Chein was known for his invention of the Chien search.",5667,"2016-11-12T22:06:23Z",2016,85,864,0,0
"Q22955714","Sandra Blakeslee","female","American science writer",1943,3,"pre-1950","female","Sandra Blakeslee (born 1943) is an American science correspondent of over four decades for The New York Times and science writer, specializing in neuroscience. Together with neuroscientist V. S. Ramachandran, she authored the 1998 popular science book Phantoms in the Brain: Probing the Mysteries of the Human Mind.",6979,"2016-02-29T16:20:26Z",2016,73,1962,1,1
"Q23021276","Hannu Toivonen (professor)","male","Finnish computer scientist and professor",1967,2,"1950-69","male","Hannu Tauno Tapani Toivonen (born 1967 in Helsinki) is a Finnish computer scientist and professor at the University of Helsinki.",9340,"2016-03-10T12:34:08Z",2016,49,477,0,0
"Q23038082","Leon van der Torre","male","Dutch logician and computer scientist",1968,13,"1950-69","male","Leendert (Leon) van der Torre is a professor of computer science at the University of Luxembourg and head of the Individual and Collective Reasoning (ICR) group, part of the Computer Science and Communication (CSC) Research Unit. Leon van der Torre is a prolific researcher in deontic logic and multi-agent systems, a member of the Ethics Advisory Committee of the University of Luxembourg and founder of the CSC Robotic research laboratory. Since March 2016 he is the head of the Computer Science and Communication (CSC) Research Unit.",8286,"2016-03-16T13:33:20Z",2016,48,731,0,0
"Q23302826","Chih-Jen Lin","male","researcher",NA,1,"unknown","male","Chih-Jen Lin (Chinese: 林智仁; pinyin: Lín Zhìrén) is a Taiwanese computer scientist who is a distinguished professor of computer science at National Taiwan University, and a leading researcher in machine learning, optimization, and data mining. He is best known for the open-source library LIBSVM, an implementation of support vector machines. With his students he also developed LIBLINEAR, a widely used library for large-scale linear classification.",8393,"2016-02-02T15:00:19Z",2016,NA,932,0,0
"Q23542891","Gloria Townsend","female","American computer scientist",NA,1,"unknown","female","Gloria Townsend is an American computer scientist and professor in the department of Computer Science at DePauw University in Indiana. She is recognized for her work in evolutionary computation and her dedication to promoting women in computing. she is one of only four educators recognized for educational contributions to computing. She has served on the executive committee of the Association for Computing Machinery (ACM) Council on Women in Computing. She is the author of One Hundred One Ideas for Small Regional Celebrations of Women in Computing. In 2013, she received the Mr. and Mrs. Fred C. Tucker Jr. Distinguished Career Award for her notable contributions to DePauw, including her commitments to students, teaching excellence, her chosen discipline, and service to the university.
In 2006, she organized several new regional celebrations of Women in Computing (WiC) to coincide with the international Grace Hopper Celebration of Women in Computing conference. In 2010, the United States National Science Foundation awarded funding to expand the celebrations to cover 12 regions as a joint effort by ACM-W, ABI, and NCWIT., Gloria was recognized as a distinguished member of the ACM in 2020.

",5460,"2016-03-19T18:16:02Z",2016,NA,342,0,0
"Q3571662","Yann LeCun","male","American-French computer scientist (born 1960)",1959,40,"1950-69","male","Yann André Le Cun ( lə-KUN; French: [ləkœ̃]; usually spelled LeCun; born 8 July 1960) is a French-American computer scientist working in the fields of artificial intelligence, machine learning, computer vision, robotics and image compression. He is the Jacob T. Schwartz Professor of Computer Science at the Courant Institute of Mathematical Sciences at New York University (NYU). He served as Chief AI Scientist at Meta Platforms before co-founding Advanced Machine Intelligence Labs in December 2025.
LeCun completed a computer science PhD at the Université Pierre et Marie Curie in 1987, and was briefly a postdoctoral researcher under Geoffrey Hinton at the University of Toronto. From 1988, LeCun led the development of the LeNet convolutional neural networks for optical character recognition at Bell Labs. He is one of the main creators of the DjVu image compression technology, alongside Léon Bottou and Patrick Haffner. In 2003, LeCun joined NYU, where he worked on energy-based models, computer vision, and DARPA autonomous navigation projects.
In 2013, LeCun joined Facebook Artificial Intelligence Research. In 2018, LeCun, Yoshua Bengio, and Geoffrey Hinton received the Turing Award from the Association for Computing Machinery for their work on deep learning. LeCun, Bengio, and Hinton are sometimes referred to as the ""Godfathers of AI"" and ""Godfathers of Deep Learning"".",27875,"2009-07-08T10:06:12Z",2009,50,477758,46,38
"Q3572699","Yoshua Bengio","male","Canadian computer scientist (born 1964)",1964,35,"1950-69","male","Yoshua Bengio  (born March 5, 1964) is a Canadian computer scientist, and a pioneer of artificial neural networks and deep learning. 
Bengio received the 2018 ACM A.M. Turing Award, often referred to as the ""Nobel Prize of Computing"", with Geoffrey Hinton and Yann LeCun for their foundational work on deep learning. Bengio, Hinton, and LeCun are sometimes referred to as the ""Godfathers of AI"". 
Bengio is the most-cited computer scientist globally (by both total citations and by h-index), and the most-cited living scientist across all fields (by total citations). In November 2025, Bengio became the first AI researcher with more than a million Google Scholar citations. In 2024, Time magazine included Bengio in its yearly list of the world's 100 most influential people.
Bengio is a professor at the Université de Montréal and co-president and scientific director of the nonprofit LawZero. He founded Mila, the Quebec Artificial Intelligence (AI) Institute, and was its scientific director until 2025.

",41421,"2015-09-07T19:18:36Z",2015,51,283338,55,49
"Q3596070","Ivan M. Havel","male","Czech scientist (1938-2021)",1938,10,"pre-1950","male","Ivan Miloš Havel  (11 October 1938 – 25 April 2021) was a Czech scientist and philosopher. He was the brother of President Václav Havel, with whom he was one of the founders of the Civic Forum.
In years 1990–2019, he was the editor-in-chief of Vesmír.
In a joint award for 2019/2020 commemorating the 30th Anniversary of the fall of Communism, Havel was awarded the Hanno R. Ellenbogen Citizenship Award with Ivan Chvatik (19th) and Hans-Dietrich Genscher and Markus Meckel (20th) by the Prague Society and Global Panel Foundation.",3391,"2021-04-25T19:55:12Z",2021,83,918,0,0
"Q3635280","Bart Kosko","male","American academic",1960,9,"1950-69","male","Bart Andrew Kosko (born February 7, 1960) is an American writer and professor of electrical engineering and law at the University of Southern California (USC). He is a researcher and popularizer of fuzzy logic, neural networks, and noise, and the author of several trade books and textbooks on these and related subjects of machine intelligence. He was awarded the 2022 Donald O. Hebb Award for neural learning by the International Neural Network Society.",10823,"2005-03-14T13:34:08Z",2005,45,3155,0,0
"Q3656334","Stuart J. Russell","male","British computer scientist (1962-)",1962,27,"1950-69","male","Stuart Jonathan Russell  (born 1962) is a British computer scientist known for his contributions to artificial intelligence (AI). He is a professor of computer science at the University of California, Berkeley and was from 2008 to 2011 an adjunct professor of neurological surgery at the University of California, San Francisco. Russell is the co-author with Peter Norvig of the authoritative textbook of the field of AI: Artificial Intelligence: A Modern Approach used in more than 1,500 universities in 135 countries.",20041,"2004-03-31T13:57:08Z",2004,42,59265,27,25
"Q344775","David Levy (chess player)","male","British chess player (1945-)",1945,8,"pre-1950","male","David Neil Laurence Levy (born 14 March 1945) is an International Master of chess who plays for Scotland, and a businessman. He is noted for his involvement with computer chess and artificial intelligence, and as the founder of the Computer Olympiads and the Mind Sports Olympiads. He has written more than 40 books on chess and computers.

",28447,"2004-04-12T01:08:51Z",2004,59,6623,3,2
"Q380459","Kevin Warwick","male","British robotics and cybernetics researcher",1954,25,"1950-69","male","Kevin Warwick (born 9 February 1954) is an English engineer and was Deputy Vice-Chancellor (Research) at Coventry University. He is known for his studies on direct interfaces between computer systems and the human nervous system, and has also done research concerning robotics.

",68744,"2002-01-13T09:48:03Z",2002,48,23098,11,13
"Q391237","John Hopfield","male","American scientist (born 1933)",1933,58,"pre-1950","male","John Joseph Hopfield (born July 15, 1933) is an American physicist and emeritus professor of Princeton University, most widely known for his study of associative neural networks in 1982. He is known for the development of the Hopfield network. Before its invention, research in artificial intelligence (AI) was in a decay period or AI winter, Hopfield's work revitalized large-scale interest in this field.
In 2024 Hopfield, along with Geoffrey Hinton, was awarded the Nobel Prize in Physics for ""foundational discoveries and inventions that enable machine learning with artificial neural networks."" He has been awarded various major physics awards for his work in multidisciplinary fields including condensed matter physics, statistical physics and biophysics.",38653,"2004-05-12T07:42:18Z",2004,71,65611,33,33
"Q4730802","Allan M. Ramsay","male","British linguist (1953-)",1953,2,"1950-69","male","Allan M. Ramsay is a Professor of Formal Linguistics in the Department of Computer Science at the University of Manchester.",6830,"2012-06-10T20:54:53Z",2012,59,370,0,0
"Q4734303","Alok R. Chaturvedi","male","American computer scientist",NA,2,"unknown","male","Alok R. Chaturvedi is a professor of information systems and the founder and the director of SEAS Laboratory at the Krannert School of Management, Purdue University. His research is focused on using artificial intelligence, computational ecology, and enterprise integration for wargaming enterprise situations. He received a Ph.D. (1989) and M.S (1985) in Management Information Systems from the University of Wisconsin–Milwaukee and a B.Sc. (1980) in Mechanical Engineering from B.I.T Ranchi (India).
Alok R. Chaturvedi is also:

the director of Purdue Homeland Security Institute, United States;
the founder, chairman, and the CEO of Simulex Inc.;
the technical lead for the Sentient World Simulation project initiated by US Joint Forces Command;
the principal investigator and the project director for several major grants from National Science Foundation, Indiana 21st Century Research and Technology Fund, Office of Naval Research and others.
In 2005, he was awarded the Sagamore of the Wabash by the Governor of Indiana, the highest civilian honor which the Governor of Indiana bestows for his service to the state. He has also served as an adjunct research staff member at the Institute for Defense Analyses.

",3067,"2007-06-30T05:56:02Z",2007,NA,1606,0,0
"Q4750428","Ana María Cetto","female","Mexican physicist",1946,6,"pre-1950","female","Ana María Cetto Kramis (born 1946) is a Mexican physicist and professor. Her work specializes in quantum mechanics, stochastic theory, electrodynamics, and biophysics of light. She is also known for her work as a pacifist and activist for women in science. From 2003 to 2010 she was deputy director general of the International Atomic Energy Agency (IAEA). She was also professor and director at the Faculty of Sciences at the National Autonomous University of Mexico (UNAM), from 1979 to 1982. Cetto Kramis is responsible for several scientific literature programs in Latin America and for several international programs on the promotion and participation of women in physics.",24219,"2007-06-18T22:47:18Z",2007,61,5815,0,0
"Q4756294","Andrew Barto","male","Professor of computer science",1948,18,"pre-1950","male","Andrew Gehret Barto (born 1948) is an American computer scientist who is professor emeritus of computer science at the University of Massachusetts Amherst. Barto is best known for his foundational contributions to the field of modern computational reinforcement learning.",10066,"2006-07-28T03:35:23Z",2006,58,42941,9,9
"Q4756371","Andrew Blake (computer scientist)","male","British researcher in computer vision",1956,6,"1950-69","male","Andrew Blake (born 12 March 1956) is a British scientist, former laboratory director of Microsoft Research Cambridge and Microsoft Distinguished Scientist, former director of the Alan Turing Institute, Chair of the Samsung AI Centre in Cambridge, honorary professor at the University of Cambridge, Fellow of Clare Hall, Cambridge, and a leading researcher in computer vision.",11902,"2007-01-05T00:26:23Z",2007,51,1774,1,2
"Q4757923","Andrew McCallum","male","American computer scientist",NA,2,"unknown","male","Andrew McCallum is an American  professor in the computer science department at University of Massachusetts Amherst. His primary specialties are in machine learning, natural language processing, information extraction, information integration, and social network analysis.

",7202,"2011-03-20T17:25:48Z",2011,NA,3039,1,4
"Q4760523","Andy Clark","male","British philosopher",1957,12,"1950-69","male","Andy Clark (born 1957) is a British philosopher. He is professor of cognitive philosophy at the University of Sussex. Prior to this, he was a professor of philosophy and chair in logic and metaphysics at the University of Edinburgh, director of the cognitive science program at Indiana University Bloomington, and rhetorical director of the philosophy-psychology-neuroscience program at Washington University in St. Louis. 
Clark is one of the founding members of the CONTACT collaborative research project, whose aim is to investigate the role environment plays in shaping the nature of conscious experience. Clark's papers and books deal with the philosophy of mind and he is considered a leading scholar on the subject of mind extension. He has also written extensively on connectionism, robotics and the role and nature of mental representation.",7403,"2004-05-28T12:29:28Z",2004,47,20031,2,0
"Q4765228","Anindya Ghose","male","American academic",1974,2,"1970-89","male","Anindya Ghose (born c. 1974) is an Indian-born American academic, and the Heinz Riehl Chair Professor of Business at New York University's Stern School of Business and the director of the Masters of Business Analytics & AI program at NYU Stern.

",1694,"2012-05-23T17:22:16Z",2012,38,1469,0,0
"Q4794554","Arne Eigenfeldt","male","Canadian modern composer",1962,4,"1950-69","male","Arne Eigenfeldt (born 1962) is a Canadian composer and creator of interactive and generative music systems based in Vancouver, British Columbia. Both his music and his research into intelligent systems have been presented internationally. He is currently a professor of music at Simon Fraser University. He also produces electronica under the pseudonyms Raemus and loadbang.
Eigenfeldt has composed extensively for contemporary dance, especially in collaboration with choreographer Serge Bennathan. His electroacoustic music is predominantly live, generated or performed in software he has written in Max/MSP. His recent research focusses on encoding knowledge into intelligent performance systems. Eigenfeldt is also known for his goalkeeping skills in the local old-timers league, playing for virtually every team in the Fraser Valley.",4119,"2010-02-19T00:05:23Z",2010,48,649,0,0
"Q6525804","Leonard Uhr","male","American computer scientist",1927,1,"pre-1950","male","Leonard Uhr (1927 – October 5, 2000) was an American computer scientist and a pioneer in computer vision, pattern recognition, machine learning and cognitive science. He was an expert in many aspects of human neurophysiology and perception, and a central theme of his research was to design artificial intelligence systems based on his understanding of how the human brain works. He was one of the early proponents of incorporation into artificial intelligence algorithms of methods for dealing with uncertainty.
Uhr published eight books (as author and/or editor) and nearly 150 journal and conference papers. His seminal work was an article written in 1963 with Charles Vossler, ""A Pattern Recognition Program That Generates, Evaluates, and Adjusts Its Own Operators"", reprinted in Computers and Thought — edited by Edward Feigenbaum and J. Feldman — which showcases the work of the scientists who defined the field of artificial intelligence. He was a Ph.D. major professor for 20 students, many of whom have gone on to become in their own right important contributors to artificial intelligence.
Uhr graduated from Princeton University in 1949 with a B.A. in psychology. He received master's degrees in philosophy from the University of Brussels and Johns Hopkins University in 1951 before obtaining  his Ph.D. in psychology in 1957 from the University of Michigan. As a child, Uhr attended Oak Lane Country Day School outside Philadelphia.
Uhr was a professor of computer science and of neuroscience at the University of Wisconsin–Madison. Prior to that, he was also on the faculty of psychology at the University of Michigan.

",5723,"2005-12-21T04:04:33Z",2005,78,596,1,2
"Q6526440","Leonid Perlovsky","male","American scientist",NA,2,"unknown","male","Leonid Perlovsky is an Affiliated Research Professor at Northeastern University. His research involves cognitive algorithms and modeling of evolution of languages and cultures.
He served as professor at Novosibirsk State University and New York University, and participated as a principal in commercial startups developing tools for text understanding, biotechnology, and financial predictions. He has published more than 320 papers and 10 book chapters and authored three books, including Neural Networks and Intellect, Oxford University Press, 2000 (currently in the 3rd printing)  and two books with Springer in 2007. He serves as associate editor for IEEE Transactions on Neural Networks, Editor-at-Large for New Mathematics and Natural Computation and Editor-in-Chief for Physics of Life Reviews. In 2016, Perlovsky was appointed as a Professor at St. Petersburg Peter the Great Polytechnic University.He has received national and international awards including the IEEE Distinguished Member of Boston Section Award 2005; the US AFRL Charles Ryan Memorial Award for Basic Research, 2007; the 2007 Gabor Award, the top engineering award from the International Neural Network Society; and the 2007 John McLucas Award, the highest US Air Force award for science.
His current research interests include modeling mechanisms of the mind: neural modeling fields, knowledge instinct, aesthetic emotions, cognitive dissonance, emotions of beautiful and sublime, language, language evolution, emotionality of languages, language and cognition, evolution of languages and cultures, symbols as psychological processes, evolution of consciousness, languages, and cultures, mathematical intelligence and art, role of music in evolution of consciousness and cultures, science and religion, including scientific explanations for the role of sacred values in the workings of the mind, and why religious teleology is equivalent to scientific causality.

",4858,"2008-08-07T02:32:34Z",2008,NA,987,0,0
"Q6531057","Leslie P. Kaelbling","female","American roboticist",1961,4,"1950-69","female","Leslie Pack Kaelbling is an American roboticist and the Panasonic Professor of Computer Science and Engineering at the Massachusetts Institute of Technology. She is widely recognized for adapting partially observable Markov decision processes from operations research for application in artificial intelligence and robotics. Kaelbling received the IJCAI Computers and Thought Award in 1997 for applying reinforcement learning to embedded control systems and developing programming tools for robot navigation. In 2000, she was elected as a Fellow of the Association for the Advancement of Artificial Intelligence.",8845,"2008-07-09T16:07:46Z",2008,47,4488,4,3
"Q6686513","Louis-Philippe Morency","male","French-Canadian researcher",1977,1,"1970-89","male","Louis-Philippe Morency is a French Canadian researcher interested in human communication and machine learning applied to a better understanding of human behavior.

",4181,"2008-08-02T03:30:06Z",2008,31,1135,0,0
"Q6687391","Louis Hodes","male","American mathematician and computer scientist (1934-2008)",1934,4,"pre-1950","male","Louis Hodes (June 19, 1934 – June 30, 2008) was an American mathematician, computer scientist, and cancer researcher.

",8983,"2010-05-10T10:17:00Z",2010,76,544,10,13
"Q6709728","Arnon Avron","male","Israeli mathematician",1952,3,"1950-69","male","Arnon Avron (Hebrew: ארנון אברון; born 1952) is an Israeli mathematician and Professor at the School of Computer Science at Tel Aviv University. His research focuses on applications of mathematical logic to computer science and artificial intelligence.",7129,"2019-02-19T14:45:10Z",2019,67,672,0,0
"Q6711047","Léon Bottou","male","French mathematician and computer scientist",1965,3,"1950-69","male","Léon-Yves Bottou (French pronunciation: [leɔ̃ bɔtu]; born 1965) is a researcher best known for his work in machine learning and data compression. His work presents stochastic gradient descent as a fundamental learning algorithm. He is also one of the main creators of the DjVu image compression technology (together with Yann LeCun and Patrick Haffner), and the maintainer of DjVuLibre, the open source implementation of DjVu. He is the original developer of the Lush programming language.",9996,"2009-06-30T06:16:57Z",2009,44,5522,3,2
"Q6758241","Marcus Hutter","male","German AI researcher and computer scientist",1967,6,"1950-69","male","Marcus Hutter (born 14 April 1967 in Munich) is a German computer scientist, professor and artificial intelligence researcher. As a senior researcher at DeepMind, he studies the mathematical foundations of artificial general intelligence.
Hutter studied physics and computer science at the Technical University of Munich. In 2000, he joined Jürgen Schmidhuber's group at the Dalle Molle Institute for Artificial Intelligence Research in Manno, Switzerland. He developed a mathematical formalism of artificial general intelligence named AIXI. He has served as a professor at the College of Engineering, Computing and Cybernetics of the Australian National University in Canberra, Australia.",12025,"2006-03-17T09:58:04Z",2006,39,18740,5,4
"Q6759197","Margaret Boden","female","British academic (1936–2025)",1936,18,"pre-1950","female","Margaret Ann Boden  (26 November 1936 – 18 July 2025) was a British academic. She was a research professor of cognitive science in the department of informatics at the University of Sussex, where her work embraced the fields of artificial intelligence, psychology, philosophy, and cognitive and computer science.",16152,"2005-10-27T14:09:54Z",2005,69,10788,6,9
"Q433561","Marietje Schaake","female","Dutch politician and non-profit CEO",1978,14,"1970-89","female","Maria Renske ""Marietje"" Schaake (Dutch pronunciation: [maːˈritɕə ˈsxaːkə]; born 28 October 1978) is a Dutch politician who served as Member of the European Parliament (MEP) from the Netherlands between 2009 and 2019. She is a member of Democrats 66, part of the Alliance of Liberals and Democrats for Europe Party.
Schaake has been named international director of policy at Stanford's Cyber Policy Center, as well as an International Policy Fellow at the University’s Institute for Human-Centered Artificial Intelligence.
The Wall Street Journal called her ""Europe's most wired politician"", while CNN called her a ""rising Dutch star"" who makes an increasingly rare ""passionate and public case for liberalism and globalization"". She was selected as one of the ""Politico 28"" in 2017. During her last months in office in 2019, Politico also called her one of the 40 MEP's who mattered in 2014–2019. According to Politico, Schaake is the ""ultimate digital MEP"" whose name has been floated as a potential candidate for the foreign ministry"". The magazine also called her a ""lead MEP on cybersecurity"". In 2017 she was invited as a 'civic leader' to address the Obama Foundation summit. She publishes op-eds in the Financial Times, The Guardian and Bloomberg. She writes a column for the Financial Times and the Dutch NRC newspaper’s economic section twice a month.",27962,"2009-07-21T15:41:07Z",2009,31,8949,0,1
"Q103984","Andreas Kaplan","male","German economist, dean, university rector; higher education expert; edtech; social media; artificial intelligence",1977,57,"1970-89","male","Andreas Marcus Kaplan (born October 5, 1977) is a professor of digital transformation and university administrator. He is president of Kühne Logistics University in Hamburg. Previously, he held academic leadership positions at ESCP, including as rector and dean of its business schools in Berlin and Paris. His research has addressed social media, artificial intelligence, digital transformation, and higher education.

",18270,"2012-08-03T07:47:01Z",2012,35,3908,0,0
"Q108175","Thomas Wiegand","male","German electrical engineer (*1970)",1970,5,"1970-89","male","Thomas Wiegand (born 6 May 1970 in Wismar) is a German electrical engineer who substantially contributed to the creation of the H.264/AVC, H.265/HEVC, and H.266/VVC  video coding standards. He has been elected to the German National Academy of Engineering (Acatech) and the National Academy of Science (Leopoldina).  For H.264/AVC, Wiegand was one of the chairmen of the Joint Video Team (JVT) standardization committee that created the standard and was the chief editor of the standard itself. He was also a very active technical contributor to the H.264/AVC, H.265/HEVC, and H.266/VVC video coding standards. Wiegand also holds a chairmanship position in the ITU-T VCEG of ITU-T Study Group 16 and previously in ISO/IEC MPEG standardization organizations. In July 2006, video coding work of the ITU-T was jointly led by Gary J. Sullivan and Wiegand for the preceding six years. It was voted as the most influential area of the standardization work of the CCITT and ITU-T in their 50-year history. Since 2018, Wiegand has served as chair of the ITU/WHO Focus Group on Artificial Intelligence for Health (FG-AI4H). Since 2014, Thomson Reuters named Wiegand in their list of “The World’s Most Influential Scientific Minds” as one of the most cited researchers in his field.",12069,"2006-12-31T13:46:09Z",2006,36,1581,0,1
"Q204815","Marvin Minsky","male","American cognitive scientist (1927-2016)",1927,66,"pre-1950","male","Marvin Lee Minsky (August 9, 1927 – January 24, 2016) was an American mathematician who conducted research in the cognitive and computer science aspects of artificial intelligence (AI). After three years as a Junior Fellow of the Harvard Society of Fellows, Minsky joined the faculty at the Massachusetts Institute of Technology (MIT) in 1958 and spent the rest of his career at that institution. There, he co-founded MIT's AI laboratory, among other initiatives, and wrote extensively about AI and philosophy. Minsky, Claude Shannon, Nathaniel Rochester, and John McCarthy have been called the ""fathers of AI"" due to their participation in the Dartmouth workshop. At the time he was made emeritus, Minsky was the Toshiba Professor of Media Art & Sciences at MIT.
Minsky received many accolades and honors for his work, including the ACM Turing Award in 1969, the Golden Plate Award of the American Academy of Achievement in 1982, the Japan Prize in 1990, the Benjamin Franklin Medal in 2001, and of the past-present-future trio of Dan David Prizes in 2014, the ""Future""-oriented prize for ""Artificial Intelligence, the Digital Mind"". He was elected to the U.S. National Academy of Sciences in 1973 and the U.S. National Academy of Engineering in 1989, and was inducted into IEEE Intelligent Systems' AI Hall of Fame for contributions to AI and intelligent systems in 2011.",42669,"2001-11-04T10:03:06Z",2001,74,346988,56,48
"Q7839361","Trevor Paglen","male","American contemporary artist (born 1974)",1974,10,"1970-89","male","Trevor Paglen (born 1974) is an American artist, geographer, and author whose work covers mass surveillance and data collection.
In 2016, Paglen won the Deutsche Börse Photography Foundation Prize and he has also won The Cultural Award from the German Society for Photography. In 2017, he was a recipient of a MacArthur Fellowship.  On March 17, 2026, Paglen was awarded the 2026 LG Guggenheim Award (a collaboration between LG and Guggenheim New York).",28061,"2008-04-02T12:26:42Z",2008,34,27182,1,1
"Q7879911","Ulrike Sattler","female","Computer Scientist",1966,5,"1950-69","female","Ulrike M. Sattler  is a professor of computer science in the information management group of the Department of Computer Science at the University of Manchester and a visiting professor at the University of Oslo.",10251,"2012-06-09T17:29:33Z",2012,46,686,2,2
"Q7916327","Vasant Honavar","male","Indian-American computer scientist",1960,3,"1950-69","male","Vasant G. Honavar is an Indian-American computer scientist, and artificial intelligence, machine learning, big data, data science, causal inference, knowledge representation, bioinformatics and health informatics researcher and professor.",17035,"2005-12-21T03:36:16Z",2005,45,1467,1,1
"Q7916324","Vasant Dhar","male","Indian academic",NA,1,"unknown","male","Vasant Dhar is a professor at the Stern School of Business and the Center for Data Science at New York University, former editor-in-chief of the journal Big Data and the founder of SCT Capital, a machine-learning-based hedge fund established in 1998 . His research focuses on building scalable decision-making systems from large sources of data using techniques and principles from the disciplines of artificial intelligence and machine learning.",7065,"2012-03-29T17:08:57Z",2012,NA,4996,0,0
"Q7925676","Victor Allis","male","Dutch computer scientist",1965,2,"1950-69","male","Louis Victor Allis (born 19 May 1965) is a Dutch computer scientist and co-founder of the election information technology firm Activote. In his graduate work, he revealed AI solutions for Connect Four, Qubic, and Gomoku. His dissertation introduced two new game search techniques: proof-number search and dependency-based search. Proof-number search has seen further successful application in computer Go tactical search and many other games.

",7600,"2003-12-30T16:53:06Z",2003,38,3477,1,1
"Q7935571","Visakan Kadirkamanathan","male","systems engineer",1962,1,"1950-69","male","Visakan Kadirkamanathan (born 1962) is a professor of Signal and Information Processing at the Department of Automatic Control and Systems Engineering at the University of Sheffield, United Kingdom. He is director of the Rolls-Royce supported University Technology Centre in Control, Monitoring and Systems Engineering and is a founding member of the University Centre for Signal Processing and Complex Systems. From April 2009 to August 2014, he was Head of the Department of Automatic Control and Systems Engineering. He is known for his contribution to the field of statistical signal processing applied to system identification, signal estimation, and fault detection. Kadirkamanathan is the Co-editor of International Journal of Systems Science.",3887,"2012-06-05T10:21:36Z",2012,50,614,0,0
"Q7959877","Wai-Chi Fang","male","Taiwanese engineer",1956,2,"1950-69","male","Wai-Chi Fang (Chinese: 方偉騏) is a Taiwanese engineer.",9354,"2008-03-04T13:17:34Z",2008,52,410,0,0
"Q8009533","William G. Harless","male","artificial intelligence researcher",1933,1,"pre-1950","male","William G. Harless (November 20, 1933 – May 7, 2014) was an educational theorist. He held a Ph.D. degree in psychology and learning theory and was co-founder, President and CEO of Interactive Drama Inc. (IDI).
He held a faculty position at the Union for Experimenting Colleges and Universities, where accredited doctorate degrees are awarded from a multidisciplinary, experientially based curriculum.
In the early 1960s, while a professor at the University of Illinois School of Medicine in Chicago, he developed the first natural language computer patient simulation model.
He created the first voice-activated interactive videodisc patient simulation model at the National Library of Medicine of the National Institutes of Health (NIH) in the mid-1980s.  While a professor at Georgetown University School of Medicine, he integrated these patient simulations into the medical school curriculum.
In 1991, he was awarded a patent for his voice-controlled video simulation model (Conversim).  He founded IDI in 1986 and left academia in 1992 to focus on further research and development and expanded applications (Virtual Conversations programs) of the virtual dialogue method.  His work was funded through competitive grants and contracts awarded by NIH and the Defense Advanced Research Projects Agency of the Department of Defense.
Harless was awarded a second patent in 1998 for his dynamic prompting system used in the virtual dialogue programs. He published over fifty articles on natural language interactive simulation as a learning strategy, the most recent being the results of a study of the effectiveness of the Virtual Conversations Arabic Language Series.

",3679,"2006-11-01T15:47:25Z",2006,73,252,0,0
"Q8054210","Yoav Shoham","male","Israeli-American computer scientist",1956,6,"1950-69","male","Yoav Shoham (Hebrew: יואב שוהם; born 22 January 1956) is a computer scientist and a professor emeritus at Stanford University. His research spans artificial intelligence, logic and game theory. He has also founded and sold several AI companies.
Shoham received his B.Sc. from Technion – Israel Institute of Technology, and his Ph.D. at Yale University in 1987.
Shoham is a Fellow of the Association for the Advancement of Artificial Intelligence (AAAI), of the Association for Computing Machinery (ACM), and of the Game Theory Society (GTS). Among his awards are the 2008 ACM/SIGART Autonomous Agents Research Award, the 2012 ACM - AAAI Allen Newell Award, and the 2019 IJCAI Research Excellence Award.
Shoham co-teaches two popular game theory courses on Coursera.org, along with Matthew O. Jackson and Kevin Leyton-Brown, viewed by over half a million people.
Shoham initiated the AI Index, a project to track activity and progress in AI, which was launched publicly at the end of 2017.
A serial entrepreneur, in 1999 Shoham founded TradingDynamics which was sold to Ariba in 2000. In 2011 he co-founded Katango which was sold to Google in 2013. In 2014 he co-founded Timeful which was sold to Google in 2015. Following that acquisition, Shoham joined Google as principal scientist where he worked until August 2017. He later that year co-founded AI21 Labs, an AI platform company.",4987,"2013-02-18T20:58:16Z",2013,57,4690,2,2
"Q8063973","Zachary Lipton","male","American researcher",1985,3,"1970-89","male","Zachary Chase Lipton (born August 19, 1985) is a machine learning researcher and jazz saxophonist from New Rochelle, New York. He is currently Chief Technology Officer and Chief Scientific Officer at Abridge. He is also an associate professor of Machine Learning at Carnegie Mellon University, where he runs the Approximately Correct Machine Intelligence (ACMI) lab. Previously, he completed his undergraduate studies at Columbia University and a PhD in Computer Science at University of California, San Diego. He is the grandson of Issachar Miron, the composer of the popular song Tzena, Tzena, Tzena.",3836,"2011-07-27T09:41:36Z",2011,26,3370,0,0
"Q8074621","Zoubin Ghahramani","male","British intelligence researcher",1970,7,"1970-89","male","Zoubin Ghahramani FRS (Persian: زوبین قهرمانی; born 8 February 1970) is a British-Iranian machine learning and AI researcher, Vice President of Research at Google DeepMind and Professor of Information Engineering at the University of Cambridge. He has been a Fellow of St John's College, Cambridge since 2009. He held appointments at University College London from 1998 to 2005 and was Associate Research Professor in the Machine Learning Department at Carnegie Mellon University from 2003 to 2012.  He was the Chief Scientist of Uber from 2016 until 2020. He joined Google Brain in 2020 as Senior Research Director, becoming a VP of Research in 2021, and heading Google Brain until its merger with DeepMind to form Google DeepMind. He was a founding Cambridge Liaison Director of the Alan Turing Institute and also founding Deputy Director of the Leverhulme Centre for the Future of Intelligence.
Ghahramani contributed to the Royal Society's Machine Learning Report in 2017 and led the UK's Future of Compute Review, in 2023.",11410,"2006-09-11T00:17:21Z",2006,36,13062,7,3
"Q92809","Rodney Brooks","male","Australian roboticist",1954,20,"1950-69","male","Rodney Allen Brooks (born 30 December 1954) is an Australian roboticist and Fellow of the Australian Academy of Science who popularized the actionist approach to robotics. He was a Panasonic Professor of Robotics at the Massachusetts Institute of Technology and former director of the MIT Computer Science and Artificial Intelligence Laboratory.
He is a founder and former chief technical officer of iRobot and co-founder, chairman and chief technical officer of Rethink Robotics (formerly Heartland Robotics) and is the co-founder and chief technical officer of Robust.AI (founded in 2019).",16517,"2004-05-03T10:28:43Z",2004,50,33622,8,3
"Q92823","Edward Feigenbaum","male","American computer scientist (born 1936)",1936,30,"pre-1950","male","Edward Albert Feigenbaum (born January 20, 1936) is an American computer scientist working in the field of artificial intelligence, and with Raj Reddy he won the 1994 ACM Turing Award. He is often called the ""father of expert systems"".",17629,"2003-08-30T00:52:08Z",2003,67,12705,14,11
"Q92820","Raj Reddy","male","Indian-American computer scientist",1937,34,"pre-1950","male","Dabbala Rajagopal ""Raj"" Reddy (born 13 June 1937) is an Indian-born American computer scientist. He is one of the early pioneers of artificial intelligence and has served on the faculty of Stanford and Carnegie Mellon for over 50 years. He was the founding director of the Robotics Institute at Carnegie Mellon University. He was instrumental in helping to create Rajiv Gandhi University of Knowledge Technologies in India, to cater to the educational needs of the low-income, gifted, rural youth. He was the founding chairman of International Institute of Information Technology, Hyderabad. He and Edward Feigenbaum won the 1994 ACM Turing Award, sometimes known as the Nobel Prize of computer science, for their work in the field of artificial intelligence. Reddy was the first person of Asian origin to receive the Turing Award.",32744,"2003-08-30T06:44:38Z",2003,66,41087,14,13
"Q92826","Terry Winograd","male","American professor",1946,19,"pre-1950","male","Terry Allen Winograd (born February 24, 1946) is an American computer scientist. He is a professor at Stanford University, and co-director of the Stanford Human–Computer Interaction Group. He is known within the philosophy of mind and artificial intelligence fields for his work on natural language using the SHRDLU program.

",10874,"2003-03-07T02:13:29Z",2003,57,45755,4,3
"Q92824","Judea Pearl","male","Israeli-American computer scientist (born 1936)",1936,35,"pre-1950","male","Judea Pearl (Hebrew: יהודה פרל; born September 4, 1936) is an Israeli-American electrical engineer, computer scientist and philosopher, best known for championing the probabilistic approach to artificial intelligence and the development of Bayesian networks (see the article on belief propagation). He is also credited for developing a theory of causal and counterfactual inference based on structural models (see article on causality). In 2011, the Association for Computing Machinery (ACM) awarded Pearl with the Turing Award, the highest distinction in computer science, ""for fundamental contributions to artificial intelligence through the development of a calculus for probabilistic and causal reasoning"". He is the author of several books, including the technical Causality: Models, Reasoning and Inference, and The Book of Why, a book on causality aimed at the general public.
Judea Pearl is the father of journalist Daniel Pearl, who was kidnapped and murdered by terrorists in Pakistan connected with Al-Qaeda and the International Islamic Front in 2002.",29658,"2004-06-03T00:46:54Z",2004,68,88151,12,14
"Q92832","Peter Norvig","male","American computer scientist",1956,24,"1950-69","male","Peter Norvig (born 14 December 1956) is an American computer scientist and Distinguished Education Fellow at the Stanford Institute for Human-Centered AI. He previously served as a director of research and search quality at Google. Norvig is the co-author with Stuart J. Russell of the most popular textbook in the field of AI: Artificial Intelligence: A Modern Approach used in more than 1,500 universities in 135 countries.

",15457,"2004-03-31T13:37:22Z",2004,48,29160,7,3
"Q92896","Wolfram Burgard","male","German roboticist",1961,5,"1950-69","male","Wolfram Burgard (born 1961 in Gelsenkirchen, Germany) is a German roboticist. He is a full professor at the University of Technology Nuremberg where he heads the Laboratory for Robotics and Artificial Intelligence. He is known for his substantial contributions to the simultaneous localization and mapping (SLAM) problem as well as diverse other contributions to robotics.",7596,"2007-06-10T21:21:54Z",2007,46,2927,4,4
"Q92897","Wolfgang Bibel","male","computer scientist",1938,9,"pre-1950","male","Leonhard Wolfgang Bibel (born on 28 October 1938 in Nuremberg) is a German computer scientist, mathematician and Professor emeritus at the Department of Computer Science of the Technische Universität Darmstadt. He was one of the founders of the research area of artificial intelligence in Germany and Europe and has been named as one of the ten most important researchers in German artificial intelligence history by the Gesellschaft für Informatik. Bibel established the necessary institutions, conferences and scientific journals and promoted the necessary research programs to establish the field of artificial intelligence.
Bibel has worked in the fields of automated deduction, knowledge representation, architecture of deductive systems and inference, planning, learning, program synthesis, as well as on topics concerning the implications of AI technology for society. His most outstanding scientific contribution was his connection method, which allows logical conclusions to be drawn automatically in a very compact way. Bibel received the 2006 Herbrand Award for Distinguished Contributions to Automated Reasoning.

",22705,"2009-01-15T19:33:36Z",2009,71,864,1,3
"Q92916","Corinna Cortes","female","Danish-American computer scientist",1961,10,"1950-69","female","Corinna Cortes (born 31 March 1961) is a Danish computer scientist known for her contributions to machine learning. She is a Vice President at Google Research in New York City. Cortes is an ACM Fellow and a recipient of the Paris Kanellakis Award for her work on theoretical foundations of support vector machines.",6183,"2011-11-13T18:30:36Z",2011,50,3198,3,2
"Q92924","Mihai Nadin","male","Romanian computer scientist",1938,7,"pre-1950","male","Mihai Nadin (born February 2, 1938, in Brașov, Romania) is a scholar and researcher in electrical engineering, computer science, aesthetics, semiotics, human-computer interaction (HCI), computational design, post-industrial society, and anticipatory systems. His publications on these topics number over 200, and he has lectured throughout the world.
Currently Mihai Nadin is Professor Emeritus of Computer Science and Interactive Media and Former Ashbel Smith Professor in Interactive Arts, Technology, and Computer Science at the University of Texas at Dallas. He was director of the Institute for Research in Anticipatory Systems.",7844,"2004-06-25T19:15:42Z",2004,66,2415,0,0
"Q92965","Aravind Joshi","male","American computer scientist (1929–2017)",1929,7,"pre-1950","male","Aravind Krishna Joshi (August 5, 1929 – December 31, 2017) was the Henry Salvatori Professor of Computer and Cognitive Science in the computer science department of the University of Pennsylvania. Joshi defined the tree-adjoining grammar formalism which is often used in computational linguistics and natural language processing.
Joshi studied at Pune University and the Indian Institute of Science, where he was awarded a BE in electrical engineering and a DIISc in communication engineering respectively. Joshi's graduate work was done in the electrical engineering department at the University of Pennsylvania, and he was awarded his PhD in 1960. He became a professor at Penn and was the co-founder and co-director of the Institute for Research in Cognitive Science.

",8373,"2005-04-13T00:05:23Z",2005,76,4610,4,1
"Q33122366","Emily M. Bender","female","American linguist",1973,10,"1970-89","female","Emily Menon Bender (born 1973) is an American linguist and professor at the University of Washington where she directs its Computational Linguistics Laboratory. She specializes in computational linguistics and natural language processing.
She has published several papers on the risks of large language models and on ethics in natural language processing and co-authored the 2025 book The AI Con: How to Fight Big Tech's Hype and Create the Future We Want.",16997,"2017-07-19T19:09:51Z",2017,44,30157,2,2
"Q33125489","Michael Wooldridge (computer scientist)","male","British computer scientist",1966,5,"1950-69","male","Michael John Wooldridge  (born 26 August 1966) is a professor of computer science at the University of Oxford. His main research interests are in multi-agent systems, and in particular, in the computational theory aspects of rational action in systems composed of multiple self-interested agents. His work is characterised by the use of techniques from computational logic, game theory, and social choice theory.",14753,"2017-07-10T14:18:13Z",2017,51,13545,0,1
"Q33372235","Gregory Grefenstette","male","French-American computer scientist",1956,1,"1950-69","male","Gregory Grefenstette (born April 25, 1956) is a French-American researcher and professor of computer science, in particular of artificial intelligence and natural language processing. As of 2020, he is the chief scientific officer at Biggerpan, a company developing a predictive contextual engine for the mobile web. Grefenstette is also a senior associate researcher at the Florida Institute for Human and Machine Cognition (IHMC).

",10209,"2017-07-26T05:50:08Z",2017,61,2155,0,0
"Q33374357","Pieter Abbeel","male","machine learning researcher at UC Berkeley",1977,7,"1970-89","male","Pieter Abbeel (born 1977) is a professor of electrical engineering and computer sciences, Director of the Berkeley Robot Learning Lab, and co-director of the Berkeley AI Research (BAIR) Lab at the University of California, Berkeley. He is also the co-founder of Covariant, a venture-funded start-up that aims to teach robots new, complex skills, and co-founder of Gradescope, an online grading system that has been implemented in over 500 universities across the United States. He is best known for his cutting-edge research in robotics and machine learning, particularly in deep reinforcement learning. In 2021, he joined AIX Ventures as an Investment Partner. AIX Ventures is a venture capital fund that invests in artificial intelligence startups.",11436,"2018-09-03T20:13:07Z",2018,41,28248,4,2
"Q35853235","Bonnie Webber","female","computational linguist",1946,3,"pre-1950","female","Bonnie Lynn Nash-Webber (born August 30, 1946) is a computational linguist. She is an honorary professor of intelligent systems in the Institute for Language, Cognition and Computation (ILCC) at the University of Edinburgh.",8283,"2020-03-12T21:24:18Z",2020,74,3001,1,5
"Q36486151","Roberto Navigli","male","Italian researcher and computer scientist",1978,4,"1970-89","male","Roberto Navigli (born 1978) is an Italian computer scientist and professor in the Department of Computer, Control and Management Engineering ""Antonio Ruberti"" at the Sapienza University of Rome, where he is also the director of the Sapienza NLP Group.",16920,"2024-11-03T13:16:49Z",2024,46,1844,0,0
"Q36972358","Lillian Lee (computer scientist)","female","American computer scientist",NA,1,"unknown","female","Lillian Lee is a computer scientist whose research involves natural language processing, sentiment analysis, and computational social science. She is a professor of computer science and information science at Cornell University, and co-editor-in-chief of the journal Transactions of the Association for Computational Linguistics.",3771,"2018-12-06T01:44:26Z",2018,NA,1015,0,0
"Q56037405","Andrej Karpathy","male","Slovakian-Canadian AI researcher (born 1986)",1986,25,"1970-89","male","Andrej Karpathy (born 23 October 1986) is a Slovak-Canadian AI researcher, who co-founded and formerly worked at OpenAI, where he specialized in deep learning and computer vision. He also worked as the director of artificial intelligence and Autopilot Vision at Tesla, and in 2024 he founded Eureka Labs, an AI education platform. In 2026 he joined Anthropic as part of the pretraining team.",21181,"2018-08-10T00:31:31Z",2018,32,679068,32,31
"Q56043556","Julia Silge","female","American data scientist, software engineer and researcher",1978,2,"1970-89","female","Julia Silge (born June 10, 1978) is an American data scientist and software engineer. She has developed tools for statistical modelling in the R programming language, including the text mining package tidytext. Silge currently works for Posit PBC, formerly known as RStudio PBC.

",6563,"2018-02-06T03:45:42Z",2018,40,1298,1,1
"Q56290263","Aimee Van Wynsberghe","female","AI ethics researcher",NA,3,"unknown","female","Aimee van Wynsberghe is the Alexander von Humboldt professor for ""Applied Ethics of Artificial Intelligence"" at the University of Bonn, Germany. She is director of the Institute for Science and Ethics (IWE), founder of the Bonn Sustainable AI Lab and president of the Foundation for Responsible Robotics. Van Wynsberghe hosts the Sustainable AI Conference in Bonn, Germany, every other year.

",14083,"2018-08-14T09:09:38Z",2018,NA,1657,0,1
"Q56435628","Klaus Peter Jantke","male","German mathematician, computer scientist, university teacher and academic researcher focusing on Artificial intelligence, Educational technology, Game studies and gamification",1951,5,"1950-69","male","Klaus Peter Jantke (born 1951 in East Berlin) is a German mathematician, computer scientist, university teacher and academic researcher focusing on Artificial intelligence, Educational technology, Game studies and gamification.

",13579,"2019-03-18T18:32:39Z",2019,68,316,0,0
"Q56486599","Matias del Campo","male","Chilean-born Austrian architect, designer and educator",1970,1,"1970-89","male","Matias del Campo is a Chilean-born Austrian architect, designer, and theorist, and the co-founder of the architectural practice SPAN. He is at the forefront of integrating architecture with artificial intelligence, and his research and publications have paved the way for this emerging field.

",14091,"2018-09-04T07:53:15Z",2018,48,1567,0,0
"Q56525300","Dipti Srinivasan","female","researcher",NA,1,"unknown","female","Dipti Srinivasan is a Singaporean electrical engineer whose research involves renewable energy and smart grids. She is a professor in the Department of Electrical & Computer Engineering and director of the Centre for Green Energy Management & Smart Grid at the National University of Singapore.",2923,"2023-05-22T00:56:13Z",2023,NA,651,0,0
"Q56580712","Kristen Grauman","female","American computer vision and machine learning researcher",1979,4,"1970-89","female","Kristen Lorraine Grauman is a professor of computer science at the University of Texas at Austin on leave as a research scientist at Facebook AI Research (FAIR). She works on computer vision and machine learning.",12298,"2018-09-17T20:44:49Z",2018,39,2447,2,1
"Q56605600","Joscha Bach","male","cognitive scientist",1973,6,"1970-89","male","Joscha Bach (born 21 December 1973) is a German cognitive scientist, AI researcher, and philosopher known for his work on cognitive architectures, artificial intelligence, mental representation, emotion, social modeling, multi-agent systems, and philosophy of mind. His research aims to bridge cognitive science and AI by studying how human intelligence and consciousness can be modeled computationally. He has faced recent controversy for his email correspondences with convicted sex offender Jeffrey Epstein.",22208,"2020-06-20T11:25:45Z",2020,47,108161,0,1
"Q56648680","Aleksandra Przegalińska","female","Polish futurist",1982,6,"1970-89","female","Aleksandra Katarzyna Przegalińska (born 18 January 1982) is a Polish philosopher, AI researcher, academic administrator and futurist, specializing in artificial intelligence (AI), human-machine interaction, and digital society. She is a vice-rector for Innovation and AI at Kozminski University in Warsaw, where she also serves as  Professor in the Department of Management in Digital and Networked Societies. Since April 2026, she has been a Fellow at the Center for Labor and a Just Economy (CLJE) at Harvard University, having previously served as Senior Research Associate at the same center since March 2022. She is Principal Coordinator and Leader of the EUonAIR European University Alliance (Erasmus+, 2024-2028), a consortium of 16 institutions across Europe focused on integrating AI into higher education. Since February 2026, she is a member of the Council for the Future (in Polish, Rada ds. Przyszłości), an advisory body to the Prime Minister of Poland, Donald Tusk.",10284,"2021-11-13T09:11:04Z",2021,39,2671,0,0
"Q56678928","Trevor Darrell","male","American computer scientist",NA,1,"unknown","male","Trevor Jackson Darrell is an American computer scientist and professor in the Computer Science Division of the University of California, Berkeley. His research interests include computer vision, machine learning, computer graphics, and perception-based human–computer interaction.
Darrell's research has included visual recognition, object and activity recognition, multimodal interaction, and machine learning methods for visual perception.",10890,"2019-04-12T17:44:25Z",2019,NA,3629,3,2
"Q16082736","Bae Kyung-hoon","male","South Korean AI researcher",1976,5,"1970-89","male","Bae Kyung-hoon (Korean: 배경훈; born 1976) is a South Korean artificial intelligence (AI) researcher and executive serving as the minister of science and ICT and deputy prime minister since 2025.",5052,"2025-06-28T07:43:13Z",2025,49,6190,0,0
"Q16132585","Amnon Shashua","male","Israeli computer scientist",1960,6,"1950-69","male","Amnon Shashua (Hebrew: אמנון שעשוע; born May 26, 1960) is an Israeli computer scientist, businessman and philanthropist. He is the Sachs Professor of Computer Science at the Hebrew University of Jerusalem, president and chief executive officer (CEO) of the physical AI company Mobileye, Co-founder of the artificial vision devices company OrCam, Founder and owner of ONE ZERO digital bank, chairman of artificial intelligence company AI21 Labs, and co-founder of Mentee Robotics and AAI Technologies.",19102,"2014-12-08T08:46:17Z",2014,54,16583,0,1
"Q16151794","Jerry Kaplan","male","American computer scientist",1952,10,"1950-69","male","Samuel Jerrold ""Jerry"" Kaplan (born March 25, 1952) is an American computer scientist, author, futurist, and entrepreneur. He is best known for his work on pen computing and tablet computers. He is the founder of numerous companies, including GO Corporation, whose technology was used to develop the first smartphone and tablet PC. Kaplan is the co-founder of OnSale, the first B2C online auction site launched in 1994, five months prior to eBay. He is a recipient of the 1998 Ernst & Young Emerging Entrepreneur of the Year Award and author of the book Startup: A Silicon Valley Adventure. Kaplan is also the author of the 2015 book Humans Need Not Apply: A Guide to Wealth and Work in the Age of Artificial Intelligence. Additional companies he has co-founded include artificial intelligence company Teknowledge, Inc. and social game website Winster.com.  Kaplan was briefly a Fellow at the Stanford Center for Legal Informatics.",18920,"2014-03-21T18:00:40Z",2014,62,7990,1,1
"Q16152008","John Tsotsos","male","Canadian computer scientist",1952,2,"1950-69","male","John Tsotsos (born September 3, 1952) is a Canadian Computer Scientist whose research spans the fields of Computer Vision, Human Vision, Robotics, and Artificial Intelligence. He is best known for his work in visual attention, specifically for establishing the need for visual attention in both biological and computational systems through an argument based on the computational complexity of visual information processing and subsequently developing a computational framework for visual attention known as the Selective Tuning model. He is also acknowledged as a pioneer in the area of Active Vision, his students and he being first to propose strategies for active object recognition and object visual search by a robot. He has made many contributions to machine vision (particularly motion interpretation, colour processing,  binocular vision, active robotic head design, shape analysis as well as to human vision, robotics and applied areas such as cardiology or dentistry and assistive robotics.",17943,"2013-12-13T17:43:23Z",2013,61,814,0,0
"Q16192619","Selmer Bringsjord","male","American computer scientist",1958,3,"1950-69","male","Selmer Bringsjord (born November 24, 1958) is a professor of computer science and cognitive science and a former chair of the Department of Cognitive Science at Rensselaer Polytechnic Institute. He also holds an appointment in the Lally School of Management & Technology and teaches artificial Intelligence (AI), formal logic, human and machine reasoning, and philosophy of AI.",6133,"2005-03-03T02:31:12Z",2005,47,2056,0,0
"Q16192896","Emmanuel Rayner","male","British chess player (1958-)",1958,2,"1950-69","male","Emmanuel Rayner (born 11 June 1958) is a British chess player and FIDE Master. He won the Welsh Chess Championship in 1976.
Dr Rayner studied mathematics at Trinity College, Cambridge and obtained a PhD in computer science from Stockholm University. He is currently working on Regulus-based projects at Geneva University in Switzerland.
He has stated on Goodreads that his favourite novels are Anthony Powell's saga A Dance to the Music of Time.
He has also published two humour books entitled What Pooh Might Have Said to Dante (2012) and If Research Were Romance and other Implausible Conjectures (2013), compiling book reviews originally written by him for the Goodreads.com social website. He has also written the humorous books The New Adventures of Socrates: An Extravagance and Everything You Need to Know to Write a Work of Satire in Trump's America. In addition to these, he has written two books on the Regulus Grammar Compiler, called Putting Linguistics into Speech Recognition: The Regulus Grammar Compiler (Studies in Computational Linguistics) and The Spoken Language Translator.",2272,"2013-10-01T06:28:43Z",2013,55,1390,1,0
"Q16216565","Rayid Ghani","male","Data scientist",1977,3,"1970-89","male","Rayid Ghani (born 1977) is a Distinguished Career Professor in the Machine Learning Department (in the School of Computer Science) and the Heinz College of Information Systems and Public Policy at Carnegie Mellon University and leads the Data Science for Social Good Lab. Previously, he was the director of the Center for Data Science and Public Policy, research associate professor in the department of computer science, and a senior fellow at the Harris School of Public Policy at the  University of Chicago. He was also the co-founder of Edgeflip, an analytics startup that grew out of the Obama 2012 Campaign, focused on social media products for non-profits, advocacy groups, and charities. Rayid is also the co-founder of Coleridge Initiative, a non-profit that works with government agencies to help them develop better evidence-based policies. In September 2019, he left the University of Chicago and joined Carnegie Mellon University's School of Computer Science and Heinz College of Information Systems and Public Policy. Prior to that, Rayid was the Chief Scientist of the Obama 2012 Election Campaign and focused on using data science, machine learning, and technology to improve fundraising, volunteer mobilization, voter registration, persuasion, and turnout.
Ghani started and runs the Eric & Wendy Schmidt Data Science for Social Good Summer Fellowship. He's also the co-founder of Coleridge Initiative, a nonprofit organization working with governments to ensure that data and evidence is used more effectively for policymaking.

",15157,"2013-03-31T01:11:48Z",2013,36,1557,0,1
"Q16234277","John Urschel","male","Canadian mathematician and gridiron football player (born 1991)",1991,6,"1990+","male","John Cameron Urschel Jr. (born June 24, 1991) is a Canadian mathematician and former professional football guard. He played college football at Penn State and was drafted by the Baltimore Ravens in the fifth round of the 2014 NFL draft. Urschel played his entire NFL career with Baltimore before announcing his retirement on July 27, 2017, at 26 years old.
Urschel has bachelor's and master's degrees (both from Penn State) and a PhD (from the Massachusetts Institute of Technology), all in mathematics. Urschel is also an advanced statistics columnist for The Players' Tribune. He served a three-year term on the College Football Playoff selection committee which began in the spring of 2020, and is an assistant professor at the Department of Mathematics of the Massachusetts Institute of Technology.",24056,"2013-12-11T05:28:37Z",2013,22,87179,0,0
"Q23664234","Barney Pell","male","American computer scientist",1968,1,"1950-69","male","Barney Pell (born March 18, 1968) is an American entrepreneur, angel investor and computer scientist. He was co-founder and CEO of Powerset, a pioneering natural language search startup, search strategist and architect for Microsoft's Bing search engine, a pioneer in the field of general game playing in artificial intelligence, and the architect of the first intelligent agent to fly onboard and control a spacecraft. He was co-founder, Vice Chairman and Chief Strategy Officer of Moon Express; co-founder and chairman of LocoMobi; and Associate Founder of Singularity University.",14110,"2008-02-17T06:00:40Z",2008,40,1694,0,1
"Q23770411","Murray Shanahan","male","artificial intelligence researcher",2000,2,"1990+","male","Murray Patrick Shanahan is a professor of Cognitive Robotics at Imperial College London, in the Department of Computing, and a senior scientist at DeepMind. He researches artificial intelligence, robotics, and cognitive science.",12640,"2016-03-08T02:33:01Z",2016,16,5983,0,0
"Q23771300","Mohamed Fayad","male","Egyptian computer scientist",1950,3,"1950-69","male","Mohamed Fayad was an Egyptian-American professor of Computer Engineering at San Jose State University, and author of many publications in the area of software engineering.",11985,"2016-03-15T19:09:34Z",2016,66,911,0,0
"Q23881777","Vincent C. Müller","male","Professor of Philosophy",2000,2,"1990+","male","Vincent C. Müller is a German philosopher. His research focuses on the nature and future of computational systems, mainly on the philosophy and ethics of AI.",4822,"2016-04-07T04:07:16Z",2016,16,1756,1,0
"Q23908866","Longbing Cao","male","researcher, computer scientist",1969,1,"1950-69","male","Longbing Cao (Chinese: 操龙兵; born in 1969) is an AI and data science researcher at the University of Technology Sydney, Australia. His broad research interest involves artificial intelligence, data science, behavior informatics, and their enterprise applications.",10585,"2016-04-23T14:53:26Z",2016,47,736,0,0
"Q23915227","Svante Wold","male","Swedish chemist; professor emeritus in chemometrics at Umeå University",1941,3,"pre-1950","male","Svante Bjarne Wold (14 March 1941 – 4 January 2022) was a Norwegian-born chemist and applied statistician who developed the field of ""chemometrics"", coining the word in 1971. He was the son of the statistician Hermann Wold.
Wold was born in Stockholm, the son of statistician Hermann and his wife Anna-Lisa Arrhenius, daughter of the physicist Svante Arrhenius. After military training, he joined the University of Uppsala, and then Umeå University where he received a doctorate in chemistry. He joined the department of organic chemistry, later becoming a professor. In 1971, he coined the term kemometri which was translated into English as ""chemometrics"" and founded the International Chemometrics Society along with Bruce Kowalski. In later years he would joke that chemometricians were people who drank beer and stole ideas from statisticians. His postdoctoral work was at the University of Wisconsin, Madison. He founded the multivariate statistical software company Umetrics along with his wife Nouna Kettaneh. He was involved in the development of the multivariate classification method known as Soft Independent Modelling of Class Analogy and the software called SIMCA.",2532,"2024-08-04T14:33:46Z",2024,83,1267,0,0
"Q24004971","Francesca Rossi","female","Italian computer scientist",1962,11,"1950-69","female","Francesca Rossi (born December 7, 1962) is an Italian computer scientist, currently working at the IBM Thomas J. Watson Research Center (New York, USA) as an IBM Fellow and the IBM AI Ethics Global Leader.",8071,"2015-04-14T15:15:38Z",2015,53,3857,1,0
"Q24141782","Ashutosh Saxena","male","professor",NA,1,"unknown","male","Ashutosh Saxena is an Indian-American computer scientist, researcher, and entrepreneur known for his contributions to the field of artificial intelligence and large-scale robot learning. His interests include building enterprise AI agents and embodied AI. He is the founder and CEO of TorqueAGI, a company developing foundation models (physical AI) for robots. Saxena co-founded and was CEO of Caspar.AI, where generative AI parses data from ambient 3D radar sensors to predict 20+ health & wellness markers for pro-active patient care. Prior to Caspar.AI, Ashutosh co-founded Cognical Katapult (NASDAQ: KPLT), which provides a no credit required alternative to traditional financing for online and omni-channel retail. Before Katapult, Saxena was an assistant professor in the Computer Science Department and faculty director of the RoboBrain Project (a large-scale AI model for robotics) at Cornell University.",10666,"2018-06-04T09:13:25Z",2018,NA,6342,1,1
"Q24698362","Regina Barzilay","female","Israeli-American computer scientist and university teacher (born 1970)",1970,11,"1970-89","female","Regina Barzilay (Hebrew: רגינה ברזילי; born 1970) is an Israeli-American computer scientist. She is a professor at the Massachusetts Institute of Technology and a faculty lead for artificial intelligence at the MIT Jameel Clinic. Her research interests are in natural language processing and applications of deep learning to chemistry and oncology.

",14006,"2017-11-30T20:09:37Z",2017,47,10345,0,0
"Q4470008","Yorick Wilks","male","British computer scientist (1939-2023)",1939,4,"pre-1950","male","Yorick Alexander Wilks FBCS (27 October 1939 – 14 April 2023) was a British computer scientist. He was an emeritus professor of artificial intelligence at the University of Sheffield, visiting professor of artificial intelligence at Gresham College (a post created especially for him), senior research fellow at the Oxford Internet Institute, senior scientist at the Florida Institute for Human and Machine Cognition, and  a member of the Epiphany Philosophers.
In February 2023, Wilks joined WiredVibe as Director of AI and a Board Member, with the goal of commercializing his previous research and ideas. He remained in this role until his death, which occurred shortly before WiredVibe was acquired by AKY X, a company that continues to build on his legacy and contributions.",18717,"2007-09-08T12:19:12Z",2007,68,2513,4,3
"Q4662445","Aaron Sloman","male","philosopher and researcher on artificial intelligence and cognitive science",1936,5,"pre-1950","male","Aaron Sloman (born 1936) is a philosopher and researcher on artificial intelligence and cognitive science. He held the Chair in Artificial Intelligence and Cognitive Science at the School of Computer Science at the University of Birmingham, and before that a chair with the same title at the University of Sussex. Since retiring he is Honorary Professor of Artificial Intelligence and Cognitive Science at Birmingham. He has published widely on philosophy of mathematics, epistemology, cognitive science, and artificial intelligence; he also collaborated widely, e.g. with biologist Jackie Chappell on the evolution of intelligence.",14891,"2006-09-21T14:39:10Z",2006,70,2736,1,3
"Q4678847","Adam Cheyer","male","American computer scientist",2000,4,"1990+","male","Adam Cheyer (born c. 1966) is an American computer scientist. He is a co-founder of Siri Inc. and formerly a director of engineering in the iPhone group at Apple.",9192,"2011-12-09T02:45:21Z",2011,11,11991,1,0
"Q4706277","Alan Bundy","male","British artificial intelligence researcher",1947,4,"pre-1950","male","Alan Richard Bundy (born 18 May 1947) is a professor at the School of Informatics at the University of Edinburgh, known for his contributions to automated reasoning, especially to proof planning, the use of meta-level reasoning to guide proof search.

",9523,"2006-08-07T22:31:54Z",2006,59,1863,4,3
"Q4707143","Alan Lesgold","male","b. Nov. 20, 1945; professor and dean of the School of Education at the University of Pittsburgh and professor of psychology and intelligent systems; chair of the National Research Council committee on adolescent and adult literacy",1945,1,"pre-1950","male","Alan M. Lesgold, an educational psychologist, is professor of psychology and Dean of the University of Pittsburgh School of Education.  He received a PhD in psychology from Stanford University, where his doctoral advisor was Gordon Bower (1971) and holds an honorary doctorate from the Open University of the Netherlands. The psychologist has made notable contributions to the cognitive science of learning and its application to instructional technology.
Lesgold received the award for Distinguished Contributions to Applications of Psychology of Education and Training from the American Psychological Association in 2001.",1807,"2006-05-06T03:46:15Z",2006,61,579,0,0
"Q4707215","Alan Mackworth","male","Canadian artificial intelligence researcher",1945,2,"pre-1950","male","Alan Mackworth is a professor emeritus in the Department of Computer Science at the University of British Columbia. He is known as ""The Founding Father"" of RoboCup. He is a former president of the Association for the Advancement of Artificial Intelligence (AAAI) and former Canada Research Chair in Artificial Intelligence from 2001 to 2014.

",4563,"2006-07-10T15:39:31Z",2006,61,1177,0,0
"Q4707964","Alan W. Black","male","British computer scientist",1937,4,"pre-1950","male","Alan W Black is a Scottish computer scientist, known for his research on speech synthesis. He is a professor in the Language Technologies Institute at Carnegie Mellon University in Pittsburgh, Pennsylvania.
Black did his undergraduate studies at Coventry University, graduating in 1984. He earned a master's degree from the University of Edinburgh in 1986 and a Ph.D. from the same university in 1993. After working at the Advanced Telecommunications Research Institute International in Kansai Science City, Japan and at the University of Edinburgh, he took a research faculty position at Carnegie Mellon in 1999. In 2008 he became a regular faculty member with tenure at CMU.
Black wrote the Festival Speech Synthesis System at Edinburgh, and continues to develop it at Carnegie Mellon. He has also worked on machine translation of speech at CMU, and is the co-founder and was chief scientist at Cepstral, a Pittsburgh-based speech translation technology company.",3818,"2007-09-12T18:54:14Z",2007,70,1047,1,0
"Q4711956","Alberto Broggi","male","Italian computer scientist",1966,3,"1950-69","male","Alberto Broggi is General Manager at VisLab srl (spinoff of the University of Parma acquired by Silicon-Valley company Ambarella Inc. in June 2015) and  a professor of Computer Engineering at the University of Parma in Italy.
Broggi's research has focused on vision-based perception systems for vehicles, including autonomous navigation, advanced driver assistance systems, and intelligent vehicles. His work contributed to several milestones in autonomous vehicle development, from early road experiments in the 1990s to participation in international autonomous driving competitions and large-scale real-world demonstrations.",10448,"2009-08-17T22:15:15Z",2009,43,1559,1,1
"Q4720205","Alexander Y. Tetelbaum","male","Ukrainian-American scientist, inventor, and author, and founding president of International Solomon University",1948,3,"pre-1950","male","Alexander Y. Tetelbaum (born August 16, 1948) is a Ukrainian American computer scientist, inventor, and academic who has contributed to electronic design automation (EDA) and artificial intelligence (AI) since the late 1960s; and holds 46 U.S. patents in EDA and related fields. Tetelbaum is the founding president of International Solomon University, the first Jewish university in Ukraine, established during a period of renewed efforts to address antisemitism in Ukraine.",22020,"2026-01-18T22:29:41Z",2026,78,948,0,0
"Q4730800","Allan M. Collins","male","American psychologist and cognitive scientist",1937,4,"pre-1950","male","Allan M. Collins (August 7, 1936 – April 20, 2026) was an American cognitive scientist, Professor Emeritus of Learning Sciences at Northwestern University's School of Education and Social Policy. His research is recognized as having broad impact on the fields of cognitive psychology, artificial intelligence, and education.

",11306,"2009-04-28T01:44:43Z",2009,72,1937,0,0
"Q27733815","Wojciech Zaremba","male","Polish mathematician and computer scientist",1988,15,"1970-89","male","Wojciech Zaremba (born 30 November 1988) is a Polish computer scientist and co-founder of OpenAI (2016–present). He initially led OpenAI's work on robotics, notably creating a robotic arm capable of solving a Rubik's Cube. When the team was dissolved in 2020, he began leading teams working on OpenAI's GPT models, GitHub Copilot, and Codex.",9184,"2016-08-03T15:01:30Z",2016,28,79606,0,1
"Q27831155","Lior Ron (business executive)","male","Israeli-born businessman",1977,3,"1970-89","male","Lior Ron (born March 16, 1977) is an Israeli businessman. He is the founder, chairman and former CEO of logistics technology company Uber Freight, co-founder of self-driving truck company Otto, and COO of self-driving technology company Waabi. 

",10755,"2016-10-14T04:16:15Z",2016,39,3703,0,1
"Q27902595","Thomas Bolander","male","researcher",1972,2,"1970-89","male","Thomas Bolander is a Danish professor at DTU Compute, Technical University of Denmark, where he studies logic and artificial intelligence. Most of his studies focus on the social aspect of artificial intelligence, and how we can make future AI able to navigate in social interactions. Thomas Bolander also sits in different commissions, expert panels and boards, among these he is a member of the Siri Commission, the TeckDK Commission, a member of the editorial board of the journal Studia Logica and co-organizer of Science and Cocktails.
Bolander is known for his dissemination of science. In 2019 he was awarded the H. C. Ørsted Medal. Which he was the first to achieve after a break of three years.",2723,"2020-03-31T20:14:07Z",2020,48,375,0,0
"Q27910398","Jens Lehmann (scientist)","male","German artificial intelligence researcher",1980,2,"1970-89","male","Jens Lehmann (born 29 March 1982) is a German computer scientist, principal scientist at Amazon, honorary professor at TU Dresden, and European Laboratory for Learning and Intelligent Systems fellow. 

",7041,"2020-07-12T18:46:51Z",2020,40,706,0,0
"Q27916192","R. David Edelman","male","American academic and policymaker (b. 1985)",1985,2,"1970-89","male","R. David Edelman is an American policymaker, author and academic who currently directs the Project on Technology, the Economy, and National Security (TENS) at the Massachusetts Institute of Technology.  Previously, he served as Special Assistant to President Barack Obama on issues of the digital economy and national security. In that role, he led policy development around technology, artificial intelligence and related issues for the National Economic Council.  He also served in the Office of Science & Technology Policy, and as the first Director for International Cyber Policy on the National Security Council.",14552,"2016-11-11T15:55:23Z",2016,31,3016,0,0
"Q28008591","Gary B. Fogel","male","researcher",1968,1,"1950-69","male","Gary Bryce Fogel (born 1968) is an American biologist and computer scientist. He is the Chief Executive Officer of Natural Selection, Inc. He is most known for his applications of computational intelligence and machine learning to bioinformatics, computational biology, and industrial optimization.

",19992,"2017-04-17T18:07:11Z",2017,49,775,1,0
"Q28016131","Ruslan Salakhutdinov","male","computer scientist",2000,6,"1990+","male","Ruslan Salakhutdinov (Russian: Руслан Салахутдинов; born c. 1980) is an Uzbek researcher working in the field of artificial intelligence.
He specializes in deep learning, probabilistic graphical models, and large-scale optimization.

",5948,"2016-12-11T13:20:44Z",2016,16,22605,1,1
"Q11463588","Hiroko Konishi","female","Japanese voice actress, singer-songwriter, musician, researcher",1975,9,"1970-89","female","Hiroko Konishi (小西 寛子, Konishi Hiroko; born October 26, 1975) is a Japanese voice actress, musician and AI researcher. She is known for her roles as Jiyuu Nanohana in Jubei-chan, Sae Sawanoguchi in Magic User's Club, Nene Romanova in Bubblegum Crisis Tokyo 2040, and the title character Ojarumaru. In video games she voiced Shiori Misaka in the original Kanon visual novel, Lilith Aensland in Darkstalkers, and Bridget in Guilty Gear X2.

",31952,"2004-08-28T04:19:59Z",2004,29,6799,0,0
"Q11529703","Yutaka Matsuo","male","engineer in Japan",1975,2,"1970-89","male","Yutaka Matsuo is a professor in the Department of Technology Management for Innovation at the University of Tokyo. He specialises in artificial intelligence and web engineering. He also focuses on real-world applications of technology and encourages his students to start their own businesses, which has led to the foundation of multiple listed companies.",4183,"2024-10-30T11:54:40Z",2024,49,3639,0,0
"Q12247943","Nabil Ali","male","Egyptian engineer",1938,6,"pre-1950","male","Nabil Ali Mohammed Abd AL Azeez (Arabic:نبيل علي) (3 January 1938 – 27 January 2016) was an Egyptian scientist, writer, and intellectual who worked in the field of natural language processing and computational linguistics. Ali is considered a pioneer of Arabic language computing, making significant innovations in early computational linguistics.",7564,"2021-03-02T11:29:58Z",2021,83,932,0,0
"Q12406466","Hod Lipson","male","American roboticist",1967,4,"1950-69","male","Hod Lipson (born 1967) is an American Professor and robotics engineer. He is the director of Columbia University's Creative Machines Lab. Lipson's work focuses on evolutionary robotics, digital manufacturing, artificial life, and creating machines that can demonstrate some aspects of human creativity and Self Awareness. His publications have been cited more than 60,000 times, and he has an h-index of 95, as of 1 July 2026. Lipson is interviewed in the 2018 documentary on artificial intelligence Do You Trust This Computer?

",12269,"2008-12-25T06:56:41Z",2008,41,4934,2,3
"Q13522502","Hermann Moisl","male","linguist",1949,1,"pre-1950","male","Hermann Moisl is a retired academic. He was a senior lecturer and visiting fellow in linguistics at Newcastle University.

",1474,"2005-07-29T02:39:32Z",2005,56,191,0,0
"Q13541959","Herbert Gelernter","male","American computer scientist",1929,2,"pre-1950","male","Herbert Leo Gelernter (December 17, 1929 – May 28, 2015) was a professor in the Computer Science Department of Stony Brook University.",7284,"2011-10-26T17:11:56Z",2011,82,3379,0,1
"Q14918223","Alex Waibel","male","computer scientist",1956,4,"1950-69","male","Alexander Waibel (born 2 May 1956) is a professor of Computer Science at Carnegie Mellon University and Karlsruhe Institute of Technology (KIT). Waibel's research focuses on automatic speech recognition, translation and human-machine interaction. His work has introduced cross-lingual communication systems, such as consecutive and simultaneous interpreting systems on a variety of platforms. In fundamental research on machine learning, he is known for the Time Delay Neural Network (TDNN), the first Convolutional Neural Network (CNN) trained by gradient descent, using backpropagation. Alex Waibel introduced the TDNN in 1987 at ATR in Japan.",19319,"2011-04-22T22:51:14Z",2011,55,4477,4,2
"Q14947510","Walter Daelemans","male","Belgian computational linguist",1960,2,"1950-69","male","Walter Daelemans (born June 3, 1960) is professor in computational linguistics at the University of Antwerp. He is also a research director of the Computational Linguistics and Psycholinguistics Research Center (CLiPS).",5081,"2013-09-18T11:47:43Z",2013,53,440,0,1
"Q14948899","Justine Cassell","female","American linguist, professor and human-computer interaction researcher",1960,8,"1950-69","female","Justine M. Cassell is an American-born French professor and researcher  interested in the nature of collaboration and conversation, between people, and between people and artificial intelligence agents. Since August 2010, she has been on the faculty of the Carnegie Mellon Human Computer Interaction Institute (HCII) and the Language Technologies Institute, with courtesy appointments in Psychology, linguistics and the Center for Neural Bases of Cognition. Cassell has served as the director of the HCII, as associate vice-provost, and as Associate Dean of Technology Strategy and Impact for the School of Computer Science. Since 2019, Cassell has divided her time between Carnegie Mellon, where she now holds the Dean's Professorship in Language Technologies, and PRAIRIE, the Paris Institute on Interdisciplinary Research in AI, where she also holds the position of senior researcher at Inria.",20031,"2007-11-27T23:14:06Z",2007,47,1788,1,1
"Q4913685","Bimal Kumar Bose","male","Indian American power electronics professor",1932,4,"pre-1950","male","Bimal Kumar Bose (Bengali: বিমল কুমার বসু; born 1932), also known as B. K. Bose, is an electrical engineer, artificial intelligence researcher, scientist, educator, and currently a professor emeritus of power electronics in the Department of Electrical Engineering and Computer Science at the University of Tennessee, Knoxville.
In 2017, Bose was elected as a member of the National Academy of Engineering for contributions to advancing power electronics technology and power conversion and education. He was elected a fellow of the International Core Academy of Sciences and Humanities in 2024.",17056,"2012-03-28T18:48:07Z",2012,80,2298,0,0
"Q4925572","Blay Whitby","male","British philosopher",1953,4,"1950-69","male","Blay Whitby is a philosopher and technology ethicist, specialising in computer science, artificial intelligence and robotics. He is based at the University of Sussex, England.
Blay Whitby graduated with first class honours from New College, Oxford University in 1974 and completed his PhD on ""The Social Implications of Artificial Intelligence"" at Middlesex University in 2003. His publications are predominantly in the area of the philosophy and ethical implications of artificial intelligence. His views place particular stress on the moral responsibilities of scientific and technical professionals, having some features in common with techno-progressivism. Widening engagement in science and increasing levels of debate in ethical issues is also an important concern.
Whitby is an ethics expert for the European Commission, a member of the Ethics Strategic Panel of BCS, the Chartered Institute for IT. He also participates in art/science collaborations.",6270,"2009-05-10T13:55:27Z",2009,56,1086,0,0
"Q4966250","Margaret Masterman","female","British linguist and philosopher (1910-1986)",1910,10,"pre-1950","female","Margaret Mary Masterman (married name Braithwaite; 4 May 1910 – 1 April 1986) was a British linguist and philosopher, most known for her pioneering work in the field of computational linguistics and especially machine translation. She founded the Cambridge Language Research Unit.",23350,"2010-01-18T13:39:41Z",2010,100,6125,2,3
"Q4978459","Bruce Wilcox","male","Artificial Intelligence researcher",1951,2,"1950-69","male","Bruce Wilcox  is an artificial intelligence programmer.",7994,"2009-04-18T02:33:46Z",2009,58,1503,0,0
"Q5006808","C. Raymond Perrault","male","Director of Artificial Intelligence Center",1950,2,"1950-69","male","Charles Raymond Perrault is an artificial intelligence researcher and a Distinguished Computer Scientist at SRI International. He was a co-principal investigator of the CALO project, which is the predecessor for several AI technologies including Siri.",6305,"2012-01-14T03:23:51Z",2012,62,1323,3,3
"Q5082169","Charles Rosen (scientist)","male","artificial intelligence researcher",1917,5,"pre-1950","male","Charles Rosen (December 7, 1917 – December 8, 2002) was a pioneer in artificial intelligence and founder of SRI International's Artificial Intelligence Center. He led the project that led to the development of Shakey the Robot, ""who"" now resides in a glass case at the Computer History Museum, in Mountain View, California.

",4944,"2006-03-02T01:29:56Z",2006,89,1741,1,0
"Q5111954","Christopher Bishop","male","scientist at Microsoft Research Cambridge and Professor of Computer Science at the University of Edinburgh",1959,12,"1950-69","male","Christopher Michael Bishop (born 7 April 1959) is a British computer scientist. He is a Microsoft technical fellow and director of Microsoft Research AI4Science. He is also honorary professor of computer science at the University of Edinburgh, and a fellow of Darwin College, Cambridge. Bishop was a founding member of the UK AI Council, and in 2019 he was appointed to the prime minister's Council for Science and Technology.",8654,"2007-01-04T23:23:32Z",2007,48,12392,2,2
"Q5112374","Christopher G. Atkeson","male","American roboticist",1959,4,"1950-69","male","Christopher Granger Atkeson (born 28 May 1959) is an American roboticist and a professor at the Robotics Institute and Human-Computer Interaction Institute at Carnegie Mellon University (CMU). Atkeson is known for his work in humanoid robots, soft robotics, and machine learning, most notably on locally weighted learning.",6200,"2011-02-07T19:35:20Z",2011,52,1554,1,0
"Q5112376","Christopher G. Chute","male","American medical researcher",1955,1,"1950-69","male","Christopher G. Chute is a Bloomberg Distinguished Professor at Johns Hopkins University, with primary appointments in the Division of General Internal Medicine in the School of Medicine, the School of Nursing, and the Department of Health Policy and Management in the Bloomberg School of Public Health. He is a physician-scientist and biomedical informatician known for standardizing biomedical terminologies  and health information technology (IT) standards. Chute's work aims to ensure that clinical data is represented in a comparable and consistent manner in order to improve medical practice. He chaired the World Health Organization Revision Steering Group for the revision of the International Classification of Diseases (ICD-11). He has led many large-scale national repositories of electronic health record data to advance outcomes research, including the National COVID Cohort Collaborative (N3C).

",34556,"2013-02-07T02:39:25Z",2013,58,823,0,0
"Q5127247","Clark Glymour","male","American logician",1942,3,"pre-1950","male","Clark N. Glymour (born 1942) is an American philosopher who is the Alumni University Professor Emeritus in the Department of Philosophy at Carnegie Mellon University. He is also a senior research scientist at the Florida Institute for Human and Machine Cognition.",12036,"2010-06-23T22:34:14Z",2010,68,2084,0,0
"Q5144983","Colin Cherry","male","British scientist (1914-1979)",1914,6,"pre-1950","male","Edward Colin Cherry (23 June 1914 – 23 November 1979) was a British cognitive scientist whose main contributions were in focused auditory attention, specifically  the cocktail party problem regarding the capacity to follow one conversation while many other conversations are going on in a noisy room. Cherry used shadowing tasks to study this problem, which involve playing two different auditory messages to a participant's left and right ears and instructing them to attend to only one. The participant must then shadow this attended message.
Cherry found that very little information about the unattended message was obtained by his participants: physical characteristics were detected but semantic characteristics were not. Cherry therefore concluded that unattended auditory information receives very little processing and that we use physical differences between messages to select which one we attend.
He was born in St Albans in 1914 and educated at St Albans School and Northampton Polytechnic (now City University) gaining his B.Sc. in 1936.  After the war, during which he worked on radar research with the British Ministry of Aircraft Production, he taught at the Manchester College of Technology and then Imperial College London.  He was awarded the D.Sc. in 1956 and presented the Bernard Price Memorial Lecture in 1958. From 1957 until 1966, he served as one of three founding editors of Information and Control. He was appointed to the Chair of Telecommunications at Imperial College in 1958.   In 1978 he was elected to a Marconi International Fellowship.  His writings include On Human Communication (1957) and World Communication: Threat or Promise (1971).

",5293,"2005-10-19T00:22:59Z",2005,91,3313,1,0
"Q56853109","Zachary McDowell","male","researcher",NA,2,"unknown","male","Zachary ""Zach"" McDowell is an associate professor of communication, information, and media theory at University of Illinois Chicago. A major focus of McDowell's research has been Wikipedia.
McDowell obtained his PhD from University of Massachusetts Amherst and worked for the Wiki Education Foundation before going to teach at University of Illinois Chicago.",6544,"2024-10-05T18:59:00Z",2024,NA,666,0,0
"Q57052952","Mariarosaria Taddeo","female","Italian AI researcher",1980,2,"1970-89","female","Mariarosaria Taddeo is an Italian philosopher working on the ethics of digital technologies. She is Professor of Digital Ethics and Defence Technologies at the Oxford Internet Institute, University of Oxford. Between 2021 and 2025 she was Dstl (Defence science and technology lab) Ethics Fellow at the Alan Turing Institute, London. She is the author of 'The Ethics of Artificial Intelligence in Defence' (Oxford University Press, 2024).The book has also been translated to Italian as 'Codice di Guerra' (Raffaello Cortina Editore). She has a column in the Corriere della Sera.",6818,"2020-05-14T21:50:48Z",2020,40,14795,0,0
"Q57067781","Soroush Saghafian","male","Ph.D. University of Michigan 2012",NA,1,"unknown","male","Soroush Saghafian is an Iranian-American operations researcher and an associate professor of Public Policy at the John F. Kennedy School of Government at Harvard University. He is best known for developing and applying artificial intelligence and operations research methods to improve healthcare systems.

",10266,"2020-08-29T15:33:09Z",2020,NA,2042,0,0
"Q57208203","Preslav Nakov","male","Bulgarian computer scientist",NA,1,"unknown","male","Preslav Nakov (born on 26 January 1977 in Veliko Turnovo, Bulgaria) is a computer scientist who works on natural language processing. He is particularly known for his research on fake news detection, automatic detection of offensive language, and biomedical text mining. Nakov obtained a PhD in computer science under the supervision of Marti Hearst from the University of California, Berkeley. He was the first person to receive the prestigious John Atanasov Presidential Award for achievements in the development of the information society by the President of Bulgaria.

",9898,"2021-02-21T20:41:36Z",2021,NA,2782,0,0
"Q57242868","Doina Precup","female","Romanian researcher of artificial intelligence",1971,2,"1970-89","female","Doina Precup is a Romanian researcher currently living in Montreal, Canada. She specializes in artificial intelligence (AI). Precup is associate dean of research at the faculty of science at McGill University, Canada research chair in machine learning and a senior fellow at the Canadian Institute for Advanced Research. She also heads the Montreal office of Google DeepMind.",9604,"2018-10-11T10:40:17Z",2018,47,5032,1,3
"Q57414806","Biswajeet Pradhan","male","Indian-Malaysian spatial scientist",1975,2,"1970-89","male","Biswajeet Pradhan (born 1975) is a spatial scientist, modeller and author. He is now working as a Distinguished Professor and the founding Director of the Centre for Advanced Modelling and Geo-spatial Information Systems (CAMGIS), Faculty of Engineering and IT at the University of Technology Sydney, Australia. He is working primarily in the fields of remote sensing, geographic information systems (GIS), complex modelling, machine learning and Artificial intelligence (AI) based algorithms and their application to natural hazards, natural resources and environmental problems.  Many of his research outputs were put into practice. His research platform is mainly Asia and Australia, and he has been sharing his findings worldwide. He is also a permanent resident of Australia and Malaysia.",18221,"2021-03-19T11:12:59Z",2021,46,1340,0,0
"Q57417946","Vera Demberg","female","Professor of Computer Science and Computational Linguistics",1981,5,"1970-89","female","Vera Demberg (born 1981) is a German computational linguist and professor of computer science and computational linguistics at Saarland University.
Her research interests include cognitive models of human language comprehension, natural language generation, experimental psycholinguistics, multimodal language processing in a dual-task setting, and experimental and computational discourse research and pragmatics.",6658,"2022-11-24T10:15:09Z",2022,41,648,0,0
"Q57418054","Samuel Wamba Fosso","male","Canadian teacher and researcher of Cameroonian origin",NA,1,"unknown","male","Samuel Wamba Fosso is a Cameroonian researcher, author, and academic. He is a professor at TBS Education in France and a Distinguished Visiting professor at The University of Johannesburg, South Africa. He was a visiting professor of Artificial Intelligence at Bradford University from September 2020 to September 2021
Fosso's research focuses on various aspects of artificial intelligence in business, including business analytics, big data, social media, and open data. Additionally, he has explored the business value of information technology, inter-organizational system adoption and its impacts, supply chain management, electronic commerce, and blockchain. He has authored 5 books, including Enterprise and Organizational Modeling and Simulation, and Transformation de la supply chain grâce aux systèmes d'information : Apport de l'Internet des Objets and has written book chapters and journal articles.
Fosso is an academic founder of RFID Academia. He is most known for his contributions to big data analytics and enterprise, which is attributed to the high number of published articles and citations. He ranks among the 1% most cited scholars in the world for the years 2020, 2021, and 2022 based on Clarivate Analytics' Highly Cited Researchers List.

",29836,"2023-04-17T09:57:51Z",2023,NA,1379,0,0
"Q5199899","Cynbe ru Taren","male","American computer scientist",1956,1,"1950-69","male","Jeffrey Prothero (March 15, 1956 – November 16, 2016 )  , also known as Cynbe ru Taren, was a Canadian-born American computer programmer. He was the author of Citadel, one of the first virtual world systems and also one of the longest-running open source projects; the Digital Anatomist software, better known as the Visible Human Project; the original Pascal strek.pas Star Trek game program; the first Loglan parsers; and Mythryl, a production-grade port of SML/NJ. Prothero used the screenname ""Cynbe ru Taren"" online. Cynbe ru Taren is the name of a fictional alien in Poul Anderson's 1964 science fiction novel The Star Fox. In the novel, Cynbe ru Taren is an ""Aleriona Intellect Master of the Garden of War, fleet admiral, and military strategist of the Grand Commission of Negotiators."" He died on November 16, 2016, aged 60, from colorectal cancer.

",5923,"2008-01-22T08:35:33Z",2008,52,3026,0,0
"Q5213816","Dan Klein","male","American computer scientist",1976,2,"1970-89","male","Daniel Klein (born c. 1976) is an American computer scientist and professor of computer science at the University of California, Berkeley. His research focuses on natural language processing and artificial intelligence.
He was educated at Mt. Lebanon High School in Mt. Lebanon Township, Pennsylvania and earned a B.A. in mathematics, computer science, and linguistics from Cornell University (1998), a MSt in linguistics by Oxford University (1999) and a Ph.D. from Stanford University (2004), under Christopher D. Manning. He attended Oxford on a Marshall Scholarship. In addition to the Marshall scholarship, he has been awarded the ACM's Grace Murray Hopper Award, the Sloan Research Fellowship, the NSF CAREER Award, and the Microsoft New Faculty Fellowship.",3556,"2008-02-22T05:55:01Z",2008,32,3763,2,2
"Q5214735","Dana H. Ballard","male","American computer and cognitive Scientist",1946,3,"pre-1950","male","Dana Harry Ballard (October 15, 1946– November 3, 2022) was a professor of computer science at the University of Texas at Austin and formerly with the University of Rochester.
Ballard attended MIT and graduated in 1967 with his bachelor's degree in aeronautics and astronautics. He then attended the University of Michigan for his masters in information and control engineering in 1970. He received his Ph.D. from the University of California, Irvine in information engineering in 1974.  He did research in artificial intelligence and human cognition  and perception with a focus on the human visual system.  In 1982, with Christopher M. Brown he authored a pioneering textbook in the field of computer vision, titled Computer Vision. He also popularized the use of the generalised hough transform in computer vision in his paper ""Generalizing the Hough Transform to Detect Arbitrary Shapes."" He is also known as a proponent of active vision techniques for computer vision systems  as well as approaches to understanding human vision.
Written with Rajesh Rao, his paper ""Predictive coding in the visual cortex: a functional interpretation of some extra-classical receptive-field effects"" helped spark the rise of predictive coding as an influential framework for thinking about the brain and vision.
Ballard's textbook titled ""An Introduction to Natural Computation"" (1997) combines introductory material on varied subjects relevant to computing in the brain, such as neural networks, reinforcement learning, and genetic learning. His last book, ""Brain Computation as Hierarchical Abstraction,"" describes a multilevel approach to understanding neural computation.",5033,"2011-02-22T09:25:33Z",2011,65,1654,1,0
"Q5214819","Dana S. Nau","male","American computer scientist",1951,2,"1950-69","male","Dana S. Nau is a professor of computer science and systems research at the University of Maryland Department of Computer Science in College Park, where he has done research in automated planning and scheduling, game theory, cognitive science, and computer-aided engineering.  He has many PHD students, including Qiang Yang who graduated in 1989. He has more than 300 publications and several best-paper awards. Some of his accomplishments include the discovery of game tree pathology, the development of the SHOP and SHOP2 HTN planning systems, and the book Automated Planning: Theory and Practice (ISBN 1-55860-856-7). He is a Fellow of the AAAI and in 2022 he was elected as a Fellow of the AAAS.

",3902,"2009-03-24T18:37:47Z",2009,58,628,0,0
"Q5217738","Dan Jurafsky","male","American linguist",1962,5,"1950-69","male","Daniel Jurafsky is a professor of linguistics and computer science at Stanford University, and also an author. With Daniel Gildea, he is known for developing the first automatic system for semantic role labeling (SRL). He is the author of The Language of Food: A Linguist Reads the Menu (2014) and a textbook on speech and language processing (2000). For the former, Jurafsky was named a finalist for the James Beard Award. Jurafsky was given a MacArthur Fellowship in 2002.

",6254,"2006-06-15T19:12:03Z",2006,44,5483,3,0
"Q5220527","Danny Kopec","male","American-Canadian chess player",1954,4,"1950-69","male","Daniel Kopec (February 28, 1954 – June 12, 2016) was an American chess International Master, author, and computer science professor at Brooklyn College.",5054,"2004-11-05T02:58:47Z",2004,50,1124,0,1
"Q5230499","David A. McAllester","male","American academic",1956,4,"1950-69","male","David A. McAllester (born May 30, 1956) is an American computer scientist who is professor and former chief academic officer at the Toyota Technological Institute at Chicago. He received his B.S., M.S. and PhD degrees from the Massachusetts Institute of Technology in 1978, 1979 and 1987 respectively. His PhD was supervised by Gerald Sussman. He was on the faculty of Cornell University for the academic year 1987–1988 and on the faculty of MIT from 1988 to 1995. He was a member of technical staff at AT&T Labs-Research from 1995 to 2002. He has been a fellow of the American Association of Artificial Intelligence since 1997.
McAllester's research areas include machine learning theory, the theory of programming languages, automated reasoning, AI planning, computer game playing (computer chess) and computational linguistics. A 1991 paper on AI planning proved to be one of the most influential papers of the decade in that area. A 1993 paper on computer game algorithms influenced the design of the algorithms used in the Deep Blue chess system that defeated Garry Kasparov.

",8928,"2007-02-10T07:26:40Z",2007,51,1271,1,1
"Q5230969","David B. Fogel","male","American evolutionary computation researcher",1964,5,"1950-69","male","David B. Fogel (born February 2, 1964) is a pioneer in evolutionary computation.
Fogel received his Ph.D. in engineering from the University of California, San Diego in 1992. He is currently Chief Scientist at Trials.ai, and holds other founding positions at Natural Selection, Inc., Color Butler, Inc., and Effect Technologies, Inc., the maker of the patented EffectCheck sentiment analysis software tool. He has advised several AI companies in the areas of B2B lead generation, logistics, and employee retention, as well as other areas.
He received an honorary doctorate for his artificial intelligence research project, Blondie24, in which a deep learning adversarial neural network evolved itself into an expert checkers player. In further research, Fogel's Blondie25 evolutionary chess playing program earned wins over Fritz 8 (the fifth-ranked computer chess program in the world at the time) and was the first machine learning chess program to defeat a nationally ranked human master (James Quon).
Fogel co-founded Natural Selection, Inc. in 1993, and has worked on numerous successful applications of artificial intelligence. He served as Natural Selection, Inc.'s lead consultant for Agouron Pharmaceuticals' AGDOCK (formerly EPDOCK) protein-ligand docking software (1993-1998), was principal investigator on evolutionary neural networks for breast cancer detection (1995-2000), cybersecurity for a federal agency (early 2000s), and lead program manager for Natural Selection, Inc.'s machine learning system for screening food imports for the Food and Drug Administration (FDA) (2003-2008). The latter development was fielded nationwide as part of the FDA's PREDICT screening system and Natural Selection, Inc. received an honor award from the FDA in 2010 for its efforts.  The IEEE Computational Intelligence Society recognized Natural Selection, Inc. with its inaugural Outstanding Organization Award in 2011. Fogel also led the development of evolutionary systematic market trading algorithms that were the foundation of Natural Selection Financial, Inc. (NSFIN), a registered investment advisor company, formed in 2006. NSFIN's intellectual property was acquired in 2008 by a hedge fund group.
Fogel's publications have been cited over 30,000 times. His h-index of 63 places him in the top 250 of computer scientists all time by that metric.
Fogel founded the Evolutionary Programming Society in 1991 and served as the founding chairman of the Evolutionary Programming Conference in 1992. He served as chairman again in 1993. The conference ran through 1998, with proceedings published by World Scientific, MIT Press, and Springer, whereupon it merged with the IEEE Conference on Evolutionary Computation and the IEE GALESIA conference to become the Congress on Evolutionary Computation, first held in 1999. (This later became the IEEE Congress on Evolutionary Computation.) In 1996, he was appointed the founding editor-in-chief of the IEEE Transactions on Evolutionary Computation, Following the passing of Prof. Michael Conrad, Fogel became the editor-in-chief of BioSystems in 2000. He also served as general chairman for the 2002 IEEE World Congress on Computational Intelligence. and founded the IEEE Computational Intelligence Society's Symposium Series on Computational Intelligence in 2007.  He is the author of 9 books and over 200 publications in evolutionary computing and neural networks. Fogel was president of the IEEE Computational Intelligence Society in 2008–2009. Fogel has given hundreds of public lectures at conferences, museums, and for corporate events regarding diverse aspects of AI, including the prospects of how it will be used to benefit humanity in the future.
In 2017, David Fogel began curating AI, science, and technology news on his website.",17931,"2006-11-28T22:57:52Z",2006,42,1897,1,0
"Q5232553","David Cope","male","American composer and scientist",1941,9,"pre-1950","male","David Howell Cope (May 17, 1941 – May 4, 2025) was an American author, composer, scientist and Dickerson Professor of Music at UC Santa Cruz. His primary area of research involved artificial intelligence and music; he wrote programs and algorithms that can analyze existing music and create new compositions in the style of the original input music. He taught the groundbreaking summer workshop in Workshop in Algorithmic Computer Music (WACM) that was open to the public as well as a general education course entitled Artificial Intelligence and Music for enrolled UCSC students. Cope was also co-founder and CTO Emeritus of Recombinant Inc., a music technology company. He died of congestive heart failure on May 4, 2025, at the age of 83.

",18954,"2004-06-18T07:16:24Z",2004,63,8981,0,1
"Q15300562","Bernd J. Kröger","male","German physicist",1959,2,"1950-69","male","Bernd J. Kröger (German: [ˈbɛʁnt jɔt ˈkʁøːɡɐ]; born 1959 in Osnabrück, Germany) is a German phonetician and professor at RWTH Aachen University. He is known for his contributions in the field of neurocomputational speech processing, in particular the ACT model.
Kröger received his master's degree in physics from the University of Münster in 1985, his PhD degree in phonetics from the University of Cologne under the supervision of Georg Heike in 1989, and his habilitation in phonetics from the same university in 1997.
In 1987 Kröger started his academic career as research associate at Cologne's Department of Phonetics, which was then headed by Georg Heike. He became assistant professor in Cologne in 1990, and was guest professor at Berlin's Humboldt University in 1999. Since 2001 he has been professor and senior researcher at the Department of Phoniatrics, Pedaudiology and Communication Disorders, Medical School, RWTH Aachen University. He has been guest professor at Tianjin University, China since 2011.",5447,"2013-05-22T17:12:45Z",2013,54,334,0,0
"Q15429043","Stephanie Forrest","female","American computer scientist",1958,5,"1950-69","female","Stephanie Forrest (born circa 1958) is an American computer scientist and director of the Biodesign Center for Biocomputing, Security and Society at the Biodesign Institute at Arizona State University. She was previously Distinguished Professor of Computer Science at the University of New Mexico in Albuquerque.  She is best known for her work in adaptive systems, including genetic algorithms, computational immunology, biological modeling, automated software repair, and computer security.

",8421,"2013-11-11T21:46:04Z",2013,55,1369,6,0
"Q15429177","Michael Uschold","male","American computer scientist",1955,2,"1950-69","male","Michael F. Uschold (born 1955) is an American computer scientist, Artificial Intelligence researcher, and consultant known for his work on knowledge representation and ontology.

",4746,"2013-10-21T21:42:34Z",2013,58,531,0,0
"Q15429393","Robert de Hoog (scientist)","male","Dutch social scientist (born 1944)",1944,2,"pre-1950","male","Robert de Hoog (born 3 October 1944) is a Dutch social scientist and Emeritus Professor Information and knowledge management at the University of Twente, known for his contributions in the field of scientific modelling.",4573,"2013-09-27T01:58:38Z",2013,69,377,0,1
"Q15439659","Marco Iansiti","male","American business academic",1961,1,"1950-69","male","Marco Iansiti is a professor at the Harvard Business School, whose primary research interest is technology and operations strategy and the management of innovation.  He is the David Sarnoff Professor of Business Administration, heads the Technology and Operations Management Unit, and chairs the Digital Initiative.  He is also the Chairman of the Board of Keystone Strategy, a consultancy focused on strategy, data sciences and economics for technology clients.

",4878,"2009-11-23T22:24:42Z",2009,48,1987,0,0
"Q15456345","John E. Laird","male","American computer scientist",1954,3,"1950-69","male","John Edwin Laird (born March 16, 1954) is a computer scientist who created the Soar cognitive architecture at Carnegie Mellon University with Paul Rosenbloom and Allen Newell.  Laird is a professor in the Computer Science and Engineering Division of the Electrical Engineering and Computer Science Department of the University of Michigan.",3778,"2007-07-18T22:01:36Z",2007,53,1653,0,0
"Q15480023","Robert Wilensky","male","American computer scientist (1951-2013)",1951,4,"1950-69","male","Robert Wilensky (26 March 1951 – 15 March 2013) was an American computer scientist and professor at the UC Berkeley School of Information, with his main focus of research in artificial intelligence.

",7477,"2016-09-06T13:42:29Z",2016,65,1628,2,3
"Q15499749","Michael Deering","male","American computer scientist",1956,2,"1950-69","male","Michael Frank Deering (born 1956) is a computer scientist, a former chief engineer for Sun Microsystems in Mountain View, California, and a widely recognized expert on artificial intelligence, computer vision, 3D graphics hardware/software, very-large-scale integration (VLSI) design and virtual reality. Deering oversaw Sun's 3D graphics technical strategy as the chief hardware graphics architect and is a co-architect of the Java 3D API, developing Java platform software. He is the inventor of deferred shading, inventor of Geometry compression, co-inventor of 3D-RAM, and the chief architect for a number of Sun's 3D graphics hardware accelerators. Many of his inventions have been patented. 
Deering's research endeavors have included development of correct perspective viewing equations, correcting for the optics of both human eyeballs and glass cathode-ray tubes, predictive head trackers and other virtual reality interface hardware.
Deering has published articles on computer graphics architectures, virtual reality systems, and 3D interface technologies.

",5643,"2005-11-19T05:01:47Z",2005,49,838,0,1
"Q15517506","Oussama Khatib","male","American roboticist and academic",1950,7,"1950-69","male","Oussama Khatib (Arabic: أسامة الخطيب) is a roboticist and a professor of computer science at Stanford University, and a Fellow of the IEEE. He is credited with seminal work in areas ranging from robot motion planning and control, human-friendly robot design, to haptic interaction and human motion synthesis. His work's emphasis has been to develop theories, algorithms, and technologies, that control robot systems by using models of their physical dynamics. These dynamic models are used to derive optimal controllers for complex robots that interact with the environment in real-time.",14248,"2013-12-30T08:45:55Z",2013,63,5864,0,0
"Q15783490","Anil K. Jain (computer scientist, born 1948)","male","Indian computer scientist",1948,6,"pre-1950","male","Anil Kumar Jain (born 1948) is an Indian-American computer scientist and University Distinguished Professor and the Douglas E. Zongker Endowed Professor in the Department of Computer Science and Engineering at Michigan State University. He is one of the most highly cited researchers in computer science, and is internationally recognized for his foundational contributions to pattern recognition, computer vision, and biometric recognition, particularly in fingerprint recognition and face recognition.
Jain is a member of the United States National Academy of Engineering, a Foreign Member of the Chinese Academy of Sciences, and a Foreign Fellow of the Indian National Academy of Engineering. He is a Fellow of the ACM, IEEE, AAAS, IAPR, and SPIE. His research has shaped the field of biometrics and has been applied in systems used worldwide for identity verification, law enforcement, and border security. In 2024, he was awarded the BBVA Foundation Frontiers of Knowledge Award in the category of Information and Communication Technologies.",29405,"2013-09-03T10:45:14Z",2013,65,4164,0,1
"Q6761495","Maria Petrou","female","AI researcher",1953,8,"1950-69","female","Maria Petrou FREng (Greek: Μαρία Πέτρου; 17 May 1953 – 15 October 2012) was a Greek-born British scientist who specialised in the fields of artificial intelligence and machine vision. She developed a number of novel image recognition techniques, taught at Surrey University and Imperial College London, and was a prolific author of scientific articles.",6136,"2012-11-12T12:13:09Z",2012,59,659,0,0
"Q6766466","Mark A. O'Neill","male","British entomologist and computer scientist",1959,1,"1950-69","male","Mark A. O'Neill is an English computational biologist with interests in artificial intelligence, systems biology, complex systems and image analysis. He is the creator and lead programmer on a number of computational projects including the Digital Automated Identification SYstem (DAISY) for automated species identification and PUPS P3, an organic computing environment for Linux.",8392,"2008-03-11T17:35:13Z",2008,49,728,0,0
"Q6769839","Mark Stephen Meadows","male","Artist, Author, Inventor",1968,2,"1950-69","male","Mark Stephen Meadows 
(born September 28, 1968) is an American author, inventor, artist and researcher at NASA Convergent Aeronautics Solutions.
He is the author of over five books and inventor of patents relating to artificial intelligence, blockchain and avatars. He lectures internationally on this work as well as the intersection of art, technology and culture.
In addition to inventing software, writing books and developing artwork, Meadows is also known for his worldly adventures, specifically for hitchhiking to Baghdad in 2003, interviewing terrorists and sailing voyages. He holds a USCG captain's license and has lived aboard his sailboat since 2006.

",8784,"2007-05-01T19:40:24Z",2007,39,909,0,0
"Q6770502","Mark d'Inverno","male","British computer scientist",1965,1,"1950-69","male","Mark d'Inverno (born 29 August 1965) is a British computer scientist, currently a professor of Computer Science at Goldsmiths, University of London, in east London, England.",8639,"2010-06-02T00:05:20Z",2010,45,1096,0,0
"Q6784701","Massimiliano Versace","male","Italian-American artificial intelligence researcher and entrepreneur",1972,2,"1970-89","male","Massimiliano Versace (born 21 December 1972) is an Italian-American artificial intelligence researcher and entrepreneur. He co-founded Neurala, a Boston-based artificial intelligence software company, and later became Global Head of Emergent AI at Analog Devices.. He previously directed Boston University's Neuromorphics Laboratory.

",17368,"2011-01-15T15:29:16Z",2011,39,1931,0,0
"Q6791297","Matthew T. Mason","male","American roboticist",1952,1,"1950-69","male","Matthew Thomas Mason (born August 24, 1952 in Oklahoma City, Oklahoma) is an American roboticist and the former Director of the Robotics Institute at Carnegie Mellon University. Mason is a researcher in the area of robotic manipulation, and is the author of a highly cited textbook in the field.
In 2004, Mason received widespread media attention for developing the first origami folding robot, demonstrating advances in difficult manipulation tasks.

",5620,"2008-09-30T16:44:23Z",2008,56,1180,0,0
"Q6809801","Mehran Sahami","male","Iranian computer scientist",NA,5,"unknown","male","Mehran Sahami is an Iranian-American computer scientist, engineer, and professor. He is the James and Ellenor Chesebrough Professor in the School of Engineering, and Professor (Teaching) and Chair of the Computer Science department at Stanford University. He is also the Robert and Ruth Halperin University Fellow in Undergraduate Education.",6727,"2009-11-05T02:20:29Z",2009,NA,5976,1,1
"Q6829382","Michael Collins (computational linguist)","male","researcher in the field of computational linguistics",1970,3,"1970-89","male","Michael J. Collins (born 4 March 1970) is a researcher in the field of computational linguistics. He is the Vikram S. Pandit Professor of Computer Science at Columbia University.
His research interests are in natural language processing as well as machine learning and he has made important contributions in statistical parsing and in statistical machine learning. In his studies Collins covers a wide range of topics such as parse re-ranking, tree kernels, semi-supervised learning, machine translation and exponentiated gradient algorithms with a general focus on discriminative models and structured prediction. One notable contribution is a state-of-the-art parser for the Penn Wall Street Journal corpus. As of 11 November 2015, his works have been cited 16,020 times, and he has an h-index of 47.
Collins worked as a researcher at AT&T Labs between January 1999 and November 2002, and later held the positions of assistant and associate professor at M.I.T. Since January 2011, he has been a professor at Columbia University. In 2011, he was named a fellow of the Association for Computational Linguistics.",3576,"2007-05-11T15:45:23Z",2007,37,1058,0,0
"Q6832031","Michael L. Littman","male","American computer scientist",1966,3,"1950-69","male","Michael Lederman Littman (born August 30, 1966) is a computer scientist, researcher, educator, and author. His research interests focus on reinforcement learning. He is currently a University Professor of Computer Science at Brown University, where he has taught since 2012. As of July 2025, he is also the university’s inaugural Associate Provost for Artificial Intelligence.",10824,"2008-02-29T20:36:26Z",2008,42,4374,1,3
"Q6833839","Mike Lynch (businessman)","male","British-Irish businessman and software engineer (1965-2024)",1965,21,"1950-69","male","Michael Richard Lynch (16 June 1965 – 19 August 2024) was a British technology entrepreneur who co-founded Autonomy Corporation, Invoke Capital and Darktrace. He had various other roles, including in an advisory capacity.
Following an undergraduate degree, a PhD and postdoctoral research at the University of Cambridge, Lynch applied his research in machine learning to set up software companies and become a major figure in Silicon Fen. He was described in the press as the British equivalent of the American businessman Bill Gates, with an estimated worth of £852 million in 2023.
The sale of Autonomy to Hewlett-Packard in 2011 led to accusations of fraud and resulted in civil litigation in the UK in 2019. The case was decided largely in favour of Hewlett-Packard. In 2023, Lynch was extradited to the United States to face criminal charges. He went on trial in San Francisco in March 2024 and in June was found not guilty on all counts.
Lynch was celebrating his acquittal with a cruise on his family's superyacht, Bayesian, when it sank in a storm off the coast of Sicily on 19 August 2024. Lynch, his daughter and five others died.",34831,"2005-10-03T11:02:28Z",2005,40,112074,1,1
"Q6835415","Michael Witbrock","male","New Zealand artificial intelligence researcher",1962,2,"1950-69","male","Michael John Witbrock is a computer scientist in the field of artificial intelligence. Witbrock is a native of New Zealand and is the former vice president of Research at Cycorp, which is carrying out the Cyc project in an effort to produce a genuine artificial intelligence.

",7033,"2004-02-28T06:15:54Z",2004,42,1356,1,0
"Q57423034","Francisco Herrera Triguero","male","researcher, Universidad de Granada",1966,3,"1950-69","male","Francisco Herrera Triguero (born 1966) is a Spanish computer scientist and professor whose research focuses on artificial intelligence, particularly soft computing techniques such as evolutionary algorithms and fuzzy logic, with applications in data mining and decision-making.
He is a full professor in the Department of Computer Science and Artificial Intelligence at the University of Granada and has held senior leadership roles at the Andalusian inter-university institute DaSCI (Data Science and Computational Intelligence).

",3740,"2026-02-22T14:30:42Z",2026,60,165,0,0
"Q57756441","Lyndon Smith (academic)","male","researcher ORCID ID = 0000-0001-5821-0586",1964,2,"1950-69","male","Lyndon Neal Smith (born 26 December 1964) is an English academic who is Professor in Computer Simulation and Machine Vision at the School of Engineering at the University of the West of England. He is also Director of the Centre for Machine Vision at the Bristol Robotics Laboratory.",12823,"2020-08-05T20:01:14Z",2020,56,893,0,0
"Q57866707","Alex James (professor)","male","Indian machine learning researcher",NA,3,"unknown","male","Alex James is an Indian scientist who is a professor of AI hardware at School of Electronic Systems and Automation, and Dean at Digital University Kerala (IIITM-K). He is the professor in charge of Maker Village, Kochi, Chief Investigator of the centre for Intelligent IoT Sensors, and India Innovation Centre for Graphene. James features in top 1% scientists list published by Elsevier BV in the world in the field of Electrical and Electronics Engineering. He appeared in the list for the third consecutive time. He specializes in the scientific field of Memristive Systems, AI hardware, Neuromorphic VLSI (very-large-scale integration) system, Intelligent Imaging and Machine learning, and Analogue electronics.",18106,"2022-09-14T04:25:58Z",2022,NA,1372,0,0
"Q57909401","Octavia Dobre","female","researcher, Memorial University of Newfoundlandm ORCID id # 0000-0001-8528-0512",NA,2,"unknown","female","Octavia Adina Dobre is a Romanian-Canadian engineer. She is a professor and Tier 1 Canada Research Chair in ubiquitous connectivity at Memorial University of Newfoundland. After serving as interim dean of the Faculty of Engineering and Applied Science since May 2022, Dobre was named the permanent dean of the faculty in 2024.
As of 2024, she is a fellow of the Engineering Institute of Canada, Institute of Electrical and Electronics Engineers, Canadian Academy of Engineering, and Royal Society of Canada. Outside of Memorial University of Newfoundland, Dobre is also the editor-in-chief of the IEEE Open Journal of the Communications Society and former editor-in-chief of IEEE Communications Letters. She is also a member of the board of governors of the IEEE Communications Society.

",5561,"2020-08-08T15:58:00Z",2020,NA,681,0,0
"Q57959275","Karina Gibert","female","researcher",1967,4,"1950-69","female","Karina Gibert is a data scientist and researcher at the Technical University of Catalonia. She co-founded the Intelligent Data Science and Artificial Intelligence Research Center (IDEAI) in 2018 and was made director in 2021.",4026,"2024-06-21T15:11:36Z",2024,57,1138,0,0
"Q58007807","Shlomo Argamon","male","computer scientist and forensic linguist",1967,2,"1950-69","male","Shlomo Argamon (born 1967) is an American/Israeli computer scientist and forensic linguist. He is the associate provost for artificial intelligence, dean of the Graduate School of Technology, and professor of computer science at Touro University.",12390,"2018-10-03T07:31:50Z",2018,51,1247,0,2
"Q58030770","Sylvia Weir","female","Scotland researcher",1925,1,"pre-1950","female","Sylvia Weir (1925–2018) was a paediatrician who worked on artificial intelligence. She pioneered the use of robotics in autism therapy.

",5384,"2018-10-31T20:34:13Z",2018,93,310,0,2
"Q58140790","Alicia Troncoso Lora","female","Artificial Intelligence researcher (born 1974)",1974,3,"1970-89","female","Alicia Troncoso Lora (born 1974 in Carmona, Spain) is a Spanish computer scientist and professor specializing in artificial intelligence. She is a professor of computer science at the Universidad Pablo de Olavide (UPO) in Seville, Spain, and director of the master's program in computer science at UPO. Troncoso is the president of the Spanish Association for Artificial Intelligence (AEPIA) and a member of the advisory board of the Andalusian Digital Agency.",11473,"2025-03-18T14:54:59Z",2025,51,348,0,0
"Q58156953","Elaine Rich","female","American Doctor in Computer Science",NA,1,"unknown","female","Elaine Alice Rich is an American computer scientist, known for her textbooks on artificial intelligence and automata theory and for her research on user modeling. She is retired as a distinguished senior lecturer from the University of Texas at Austin.",3230,"2022-06-14T18:55:50Z",2022,NA,2838,0,0
"Q58173859","Roy Rada","male","American Professor emeritus of information systems (b. 1951)",1951,1,"1950-69","male","Roy F Rada (born June 13, 1951) is a professor emeritus whose research in computer science and information systems 
appeared in journal articles from 1979  
till 2025.",14224,"2018-06-14T18:38:17Z",2018,67,601,0,1
"Q58220468","Francesco Petruccione","male","researcher, ORCID id # 0000-0002-8604-0913",1961,4,"1950-69","male","Francesco Petruccione is an Italian born South African physicist serving as a professor of Physics at Stellenbosch University and the director of the National Institute for Theoretical and Computational Sciences (NITheCS). With a wealth of experience in his field, he previously held the position of professor and Pro Vice-Chancellor of Big Data and Informatics at the University of KwaZulu-Natal (UKZN). Petruccione is also a member of the Academy of Science of South Africa and a Fellow of the Royal Society of South Africa.

",12741,"2022-12-29T00:11:16Z",2022,61,1378,0,0
"Q58329731","Bin Yang","male","researcher, ORCID id # 0000-0002-1658-1079",NA,2,"unknown","male","Bin Yang (Chinese: 杨彬; Pinyin: Yáng Bīn) is a professor of computer science the department of computer science, Aalborg University. His research interests include data management and machine learning.",7262,"2021-05-12T09:40:20Z",2021,NA,477,0,0
"Q470518","Stanley Osher","male","American mathematician",1942,12,"pre-1950","male","Stanley Osher (born April 24, 1942) is an American mathematician, known for his many contributions in shock capturing, level-set methods, and PDE-based methods in computer vision and image processing. Osher is a professor at the University of California, Los Angeles (UCLA), Director of Special Projects in the Institute for Pure and Applied Mathematics (IPAM) and member of the California NanoSystems Institute (CNSI) at UCLA.",8662,"2005-10-27T01:53:33Z",2005,63,4576,0,0
"Q557102","David Usher","male","Canadian musician, author, entrepreneur, and keynote speaker on AI and creativity",1966,11,"1950-69","male","David Usher (born April 24, 1966) is a Canadian musician, best-selling author, and activist best known as the frontman for the band Moist. He has also released a number of solo albums. He is the founder of Reimagine AI, an artificial intelligence creative studio.",18076,"2003-08-30T07:10:14Z",2003,37,31658,0,0
"Q559334","Douglas Lenat","male","American entrepreneur and researcher in artificial intelligence",1950,16,"1950-69","male","Douglas Bruce Lenat (September 13, 1950 – August 31, 2023) was an American computer scientist and researcher in artificial intelligence who was the founder and CEO of Cycorp, Inc. in Austin, Texas.
Lenat was awarded the biannual IJCAI Computers and Thought Award in 1976 for creating the machine-learning program AM.  He has worked on (symbolic, not statistical) machine learning (with his AM and Eurisko programs),  knowledge representation, ""cognitive economy"", blackboard systems, and what he dubbed in 1984 ""ontological engineering"" (with his Cyc program at MCC and, since 1994, at Cycorp).  He has also worked in military simulations, and numerous projects for the US government, military, intelligence, and scientific organizations.  In 1980, he published a critique of conventional random-mutation Darwinism.  He authored a series of articles in the Journal of Artificial Intelligence exploring the nature of heuristic rules.
Lenat was one of the original Fellows of the AAAI, and is the only individual to have served on the Scientific Advisory Boards of both Microsoft and Apple.  He was a Fellow of the AAAS, AAAI, and Cognitive Science Society, and an editor of the J. Automated Reasoning, J. Learning Sciences, and J. Applied Ontology. He was one of the founders of TTI/Vanguard in 1991 and member of its advisory board.  He was named one of the Wired 25.

",28433,"2002-06-10T22:02:41Z",2002,52,9141,2,1
"Q577146","Daniel Goossens","male","cartoonist",1954,7,"1950-69","male","Daniel Goossens (born 16 May 1954 in Salon-de-Provence) is a French comics artist.",2630,"2007-06-13T22:35:52Z",2007,53,798,0,0
"Q611080","Roger Schank","male","American scientist (1946–2023)",1946,14,"pre-1950","male","Roger Carl Schank (March 12, 1946 – January 29, 2023) was an American artificial intelligence theorist, cognitive psychologist, learning scientist, educational reformer, and entrepreneur. Beginning in the late 1960s, he pioneered conceptual dependency theory (within the context of natural language understanding) and case-based reasoning, both of which challenged cognitivist views of memory and reasoning. He began his career teaching at Yale University and Stanford University. In 1989, Schank was granted $30 million in a ten-year commitment to his research and development by Andersen Consulting, through which he founded the Institute for the Learning Sciences (ILS) at Northwestern University in Chicago.

",20274,"2004-10-17T15:58:48Z",2004,58,41046,5,3
"Q971585","Hubert Dreyfus","male","American philosopher (1929–2017)",1929,24,"pre-1950","male","Hubert Lederer Dreyfus ( DRY-fəs; October 15, 1929 – April 22, 2017) was an American philosopher and a professor of philosophy at the University of California, Berkeley. His main interests included phenomenology, existentialism and the philosophy of both psychology and literature, as well as the philosophical implications of artificial intelligence. He was widely known for his exegesis of Martin Heidegger, which critics labeled ""Dreydegger"".
Dreyfus was featured in Tao Ruspoli's film Being in the World (2010), and was among the philosophers interviewed by Bryan Magee for the BBC Television series The Great Philosophers (1987).
The Futurama character Professor Hubert Farnsworth is partly named after him, writer Eric Kaplan having been a former student.",30057,"2004-09-02T21:43:17Z",2004,75,36597,3,2
"Q983367","Vladimir Vapnik","male","Russian-American mathematician (born 1936)",1936,17,"pre-1950","male","Vladimir Naumovich Vapnik (Russian: Владимир Наумович Вапник; born 6 December 1936) is a statistician, researcher, and academic. He is one of the main developers of the Vapnik–Chervonenkis theory of statistical learning and the co-inventor of the support-vector machine method and support-vector clustering algorithms.",11532,"2003-04-13T02:45:29Z",2003,67,19698,7,5
"Q1176469","David S. Touretzky","male","American computer scientist",2000,6,"1990+","male","David S. Touretzky is a research professor in the Computer Science Department and the Center for the Neural Basis of Cognition at Carnegie Mellon University. He received a BA in Computer Science at Rutgers University in 1978, and earned a master's degree and a Ph.D. (1984) in Computer Science at Carnegie Mellon University. Touretzky has worked as an Internet activist in favor of freedom of speech, especially what he perceives as abuse of the legal system by government and private authorities. He is a notable critic of Scientology.",14672,"2005-06-13T22:34:11Z",2005,5,2525,1,0
"Q1366729","Ronald C. Arkin","male","American roboticist and Regents' Professor at Georgia Tech, known for developing the ""ethical governor"" concept for autonomous weapons systems",1949,6,"pre-1950","male","Ronald Craig Arkin (born 1949) is an American roboticist and roboethicist, and a Regents' Professor in the School of Interactive Computing, College of Computing at the Georgia Institute of Technology. He is known for the motor schema technique in robot navigation and for his book Behavior-Based Robotics.",7788,"2008-04-01T16:55:49Z",2008,59,1421,0,0
"Q1406499","Fernand Gobet","male","Swiss chess player and psychologist",1962,5,"1950-69","male","Fernand Gobet (born February 12, 1962, in Switzerland) is a cognitive scientist and a cognitive psychologist, currently Professorial Research Fellow at the London School of Economics and Professor of Cognitive Psychology at the University of Roehampton. His research interests focus on the study of cognition, especially in the areas of cognitive architectures, perception, intuition, problem solving, learning and decision making. He has developed the CHREST cognitive architecture, an acronym for Chunk Hierarchy and REtrieval STructures, which is a complete architecture for the processes of learning and perception used by humans.
Gobet is also a chess International Master, and played numerous times for the Swiss national team. He was co-editor of the Swiss Chess Review from 1981 to 1989. His Elo rating reached a high of 2401, but he has been inactive in competitive chess since 2012.

",4055,"2011-11-30T16:17:52Z",2011,49,1797,0,0
"Q9108257","Zygmunt Vetulani (computer scientist)","male","Polish computational linguist",1950,6,"1950-69","male","Zygmunt Władysław Vetulani (born 12 September 1950) is a Polish mathematician and computer scientist who specializes in language engineering and artificial intelligence, professor of technical sciences and professor at the Adam Mickiewicz University where he is also Head of the Department of Information Linguistics and Artificial Intelligence.",10521,"2013-03-31T09:13:52Z",2013,63,472,0,0
"Q9324841","Ryszard S. Michalski","male","Polish - American computer scientist (1937-2007)",1937,3,"pre-1950","male","Ryszard Stanisław Michalski (May 7, 1937 – September 20, 2007) was a Polish-American computer scientist. Michalski was Professor at George Mason University and a pioneer in the field of machine learning.

",8341,"2014-12-22T08:43:41Z",2014,77,1277,1,2
"Q10887850","Yu Ruqin","male","Chinese chemist",1935,2,"pre-1950","male","Yu Ruqin (Chinese: 俞汝勤; pinyin: Yú Rǔqín; born 21 November 1935) is a Chinese chemist. He served as president of Hunan University from 1993 to 1999 and is an academician of the Chinese Academy of Sciences.",3152,"2015-05-05T13:41:21Z",2015,80,173,0,0
"Q10920533","Zhou Zhi-Hua","male","Chinese computer scientist",1973,4,"1970-89","male","Zhou Zhihua (周志华; born November 20, 1973) is a Chinese computer scientist and Professor of Computer Science at Nanjing University. He is the Standing Deputy Director of the National Key Laboratory for Novel Software Technology, and Founding Director of the LAMDA Group. His research interests include artificial intelligence, machine learning and data mining.

",6039,"2016-12-17T16:12:23Z",2016,43,1843,1,0
"Q11070659","Yangsheng Xu","male","Founding President of CUHK-Shenzhen",1958,4,"1950-69","male","Xu Yangsheng (simplified Chinese: 徐扬生; traditional Chinese: 徐揚生; pinyin: Xú Yáng Shēng; born April 7, 1958) is a Chinese roboticist, aerospace engineer, and academic administrator. His research fields involve robotics, artificial intelligence (AI), and space technology, and a member of the Chinese Academy of Engineering (CAE). Xu has served as the founding president of The Chinese University of Hong Kong, Shenzhen (CUHK-Shenzhen) since 2013.",10360,"2025-06-23T10:30:35Z",2025,67,1216,0,0
"Q11337430","Petr Knoth","male","Czech data scientist & figure skater (1983-)",1983,2,"1970-89","male","Petr Knoth (born 6 November 1983) is Professor of Data Science at the Knowledge Media institute, The Open University. He leads the Big Scientific Data and Text Analytics Group (BSDTAG) which conducts research and develops new technologies powered by AI in the area of the machine processing of scientific information. He is the Founder and Head of CORE (COnnecting REpositories), a large not-for-profit full text indexing system for open access papers with millions of monthly active users. CORE makes research papers available for people to freely discover and access, and for machines to text-mine.
In this capacity, he has been involved in numerous knowledge exchange cooperations with enterprises, funders and not-for-profit organisations, supporting a wide variety of use cases requiring scalable access to research content.
Petr has a deep interest in the use of AI to improve research workflows. He has been involved as a researcher and as a principle investigator in over 25 European Commission, national and international funded research projects in the areas of NLP, AI, Open Science and Technology Enhanced Learning and has over 100 peer-reviewed publications based on this work. 
Until 2005, he was also a Czech ice dancer. With Petra Pachlová, he competed in the final segment at five ISU Championships – the 2004 European Championships and four World Junior Championships.",9717,"2019-09-08T03:03:33Z",2019,36,464,0,0
"Q5234466","David J. Gunkel","male","American writer",1962,2,"1950-69","male","David J. Gunkel (born September 9, 1962) is an American academic and Presidential Teaching Professor of Communication Studies at Northern Illinois University. He teaches courses in web design and programming, information and communication technology (ICT), and cyberculture. His research and publications examine the philosophical assumptions and ethical consequences of ICT.
He has served as the managing editor  of the International Journal of Žižek Studies. Gunkel has published research and provided media commentary on the topics of machine ethics, the digital divide, telematic technologies, new media, Slavoj Žižek, as well as various aspects of internet culture and cyberculture.
He is the author over a dozen books. His first book, Hacking Cyberspace (2001),  examines the metaphors applied to new technologies, and how those metaphors inform, shape, and drive the implementation of the technology in question. His second book, Thinking Otherwise: Philosophy, Communication, Technology (2007), investigates the unique quandaries, complications, and possibilities introduced by a form of 'otherness' that veils, through technology, the identity of the 'Other.' The Machine Question: Critical Perspectives on AI, Robots and Ethics (2012) which examines whether and to what extent intelligent and autonomous machines of our own making can be considered to have legitimate moral responsibilities and any legitimate claim to moral consideration. This book won ""best book of the year"" from the National Communication Association's (NCA) Communication Ethics Division.
Another piece on print culture and the transition to an electronic medium and culture titled What's the Matter with Books? has been cited in numerous articles on print culture and the digital revolution. In an article on remix titled Rethinking the Digital Remix: Mash-ups and the Metaphysics of Sound Recording  has been subsequently referenced in books and articles on remix culture and mashups.
Gunkel published his fourth book, Heidegger and Media, which he wrote in collaboration with Paul A. Taylor of the University of Leeds (UK).
He has a PhD in philosophy from DePaul University (1996), where he wrote a dissertation on G.W.F. Hegel and an MA from Loyola University, Chicago. His BA was completed at the University of Wisconsin, Madison, where he earned a double major in philosophy and communication. He is married with one son.
Formed a rock group with Abe Glazer named 'Too Much Education', first album with same name released 1988. Recorded and mixed at Saw Mill studios Chicago, IL.

",8309,"2010-12-10T04:16:37Z",2010,48,2970,0,0
"Q5234696","David Hand (statistician)","male","British statistician",1950,6,"1950-69","male","David John Hand  (born 30 June 1950 in Peterborough) is a British statistician. His research interests include multivariate statistics, classification methods, pattern recognition, computational statistics and the foundations of statistics. He has written technical books on statistics, data mining, finance, classification methods, and measuring wellbeing, as well as science popularisation books including The Improbability Principle: Why Coincidences, Miracles, and Rare Events Happen Every Day; Dark Data: Why What You Don't Know Matters; and Statistics: A Very Short Introduction. In 1991 he launched the journal Statistics and Computing.",11812,"2011-01-28T15:13:30Z",2011,61,3065,2,3
"Q5240638","David Vernon (professor)","male","artificial intelligence researcher",1958,2,"1950-69","male","David Vernon (born 8 March 1958) is the Coordinator of the European Network for the Advancement of Artificial Cognitive Systems and a research professor at the Institute for Artificial Intelligence, University of Bremen. He is also a member of the management team of the RobotCub integrated working on the development of open-source cognitive humanoid robot. He previously worked in a range of institutions in Ireland and elsewhere, and has published books on computer vision and more than 80 research papers.",5837,"2007-01-22T10:38:04Z",2007,49,990,0,0
"Q5248328","Deborah McGuinness","female","American computer scientist, professor",1960,6,"1950-69","female","Deborah Louise McGuinness (born ca. 1960) is an American computer scientist and researcher at Rensselaer Polytechnic Institute (RPI).  She is a professor of Computer, Cognitive and Web Sciences, Industrial and Systems Engineering, and an endowed chair in the Tetherless World Constellation, a multidisciplinary research institution within RPI that focuses on the study of theories, methods and applications of the World Wide Web. Her fields of expertise include interdisciplinary data integration, artificial intelligence, specifically in knowledge representation and reasoning, description logics, the semantic web, explanation, and trust.",18750,"2005-09-21T02:27:40Z",2005,45,25004,2,1
"Q5278094","Dinesh Manocha","male","Professor of computer science",NA,2,"unknown","male","Dinesh Manocha is an Indian-American computer scientist and the Paul Chrisman Iribe Professor of Computer Science at University of Maryland College Park, formerly at University of North Carolina at Chapel Hill. His research interests are in scientific computation, robotics, self-driving cars, affective computing, virtual and augmented reality and 3D computer graphics.",5151,"2009-12-29T13:18:18Z",2009,NA,2642,0,0
"Q5295258","Donald W. Loveland","male","American mathematician",1934,3,"pre-1950","male","Donald W. Loveland (born December 26, 1934) is a professor emeritus of computer science at Duke University who specializes in artificial intelligence. He is well known for the Davis–Putnam–Logemann–Loveland algorithm.
Loveland graduated from Oberlin College in 1956, received a master's degree from the Massachusetts Institute of Technology in 1958 and a Ph.D. from New York University in 1964. He joined the Duke University Computer Science Department in 1973. He previously served as a faculty member in the Department of Mathematics at New York University and Carnegie Mellon University.
He received the Herbrand Award for Distinguished Contributions to Automated Reasoning in 2001. He is a Fellow of the Association for Computing Machinery (2000), a Fellow of the Association of Artificial Intelligence (1993), and a Fellow of the American Association for the Advancement of Science (2019).

",8334,"2011-06-02T10:41:36Z",2011,77,1166,0,0
"Q7608966","Stephen Crain","male","Australian psycholinguist",1947,1,"pre-1950","male","Stephen Crain  is the director of the ARC Centre of Excellence in Cognition and its Disorders (CCD), and a distinguished professor at Macquarie University in the Department of Linguistics. He is a well-known researcher specializing in language acquisition, focusing specifically on syntax and semantics. Crain views language acquisition as based on language-specific faculties, and he conducts his research in the tradition of Chomskyan generative grammar. Recently, Crain has proposed that language is based on a universal logical system, and he has begun to explore the neural correlates of language acquisition from a cross-linguistic perspective using magnetoencephalography (MEG). Crain received a BA in philosophy from the University of California, Los Angeles in 1971 and a PhD in cognitive science with an emphasis in linguistics from the University of California, Irvine in 1980. Crain was employed as a professor of linguistics at the University of Connecticut from 1986 to 1995. During that time he was also a senior scientist at Haskins Laboratories in New Haven, Connecticut. After leaving UConn, he took a position as professor of linguistics at the University of Maryland, College Park, from 1995 to 2003, before accepting a position as a professor of cognitive science at Macquarie in 2004, where he has remained since. He was deputy director of the Macquarie Centre for Cognitive Science from 2004 until 2010, and director of the Centre for Language Sciences from 2007 until 2010. He led the successful bid for an ARC Centre of Excellence in Cognition and its Disorders, which is funded from 2011 until 2017.
Crain was awarded an Australian Research Council Federation Fellowship (2004–2009), and is a Fellow of the Academy of Social Sciences in Australia (2006–current). He is currently the chair of the National Committee on Mind and Brain (Australian Academy of Science), and is a presidential nominee on the MIT Corporation Visiting Committee for the Department of Linguistics and Philosophy. Crain is a visiting professor at the Beijing Language and Culture University, China, and at the Kanazawa Institute of Technology, Japan. He was appointed Macquarie University Distinguished Professor in 2010.
Crain is on the executive board of the Society for Language Development, the advisory board of Language Acquisition, and the editorial boards of Semantics and Pragmatics, the Journal of Child Language, Biolinguistics, and the Cambridge University Press, Linguistics Series. He has been invited to speak at over fifty international conferences. His recent research grants include an ARC Discovery grant to study the acquisition of logical words in English, Chinese and Japanese, an ARC LIEF grant to build the Southern Hemisphere's first MEG (magnetoencephalography) brain-imaging laboratory, and an ARC Linkage Industrial Partners grant (with the Kanazawa Institute of Technology and the Yokogawa Electric Corporation) to build the world's first MEG system designed for the study of language processing in preschool-aged children. For the last decade, Crain's research has focused on children's acquisition of semantic knowledge, in particular young children's knowledge of logical expressions. Much of this has been cross-linguistic research, with a particular focus on Mandarin Chinese. Some of Crain's recent work is summarized in a 2012 book, The Emergence of Meaning, published by Cambridge University Press.",4639,"2008-12-22T20:00:38Z",2008,61,700,0,0
"Q7610052","Stephen Muggleton","male","artificial intelligence researcher",1959,2,"1950-69","male","Stephen H. Muggleton (born 6 December 1959, son of Louis Muggleton) is Professor of Machine Learning and Head of the Computational Bioinformatics Laboratory at Imperial College London.

",10593,"2006-11-12T03:11:13Z",2006,47,1296,2,2
"Q7611800","Steve Andriole","male","American writer, professor",1949,2,"pre-1950","male","Stephen J. Andriole is an American information technology professional and professor at Villanova University who has designed and developed a variety of interactive computer-based systems for industry and government, from positions in academia (Professor, chairman, R&D Center Director), government (Director of Cybernetics Technology at DARPA) and industry (CIO, CTO, SVP, Director and CEO).
He is well known for the design and development of a global crisis warning system—the Early Warning & Monitoring System—whose output appeared in President Ronald Reagan's Daily Briefing Book. His research portfolio while at DARPA included early funding of the MIT Architecture Machine Group now known as the MIT Media Lab, research in artificial intelligence at Yale University and Carnegie-Mellon University, computer simulation, computer-aided decision analysis and computer-based crisis management. At DARPA, he funded one of the first research programs in counter-terrorism crisis management.
Andriole is also well known for the design and development of the United States' first totally online Masters program in information systems (MSIS), with the support of Alfred P. Sloan Foundation while at Drexel University. He was also the principal architect of the investment strategy of Safeguard Scientifics, Inc. (NYSE: SFE) that led to multiple Initial Public Offerings (IPOs) of Internet companies with a total market capitalization of over $100B.
He is also known through the publication of over 35 books and 500 articles in artificial intelligence and machine learning, information systems engineering, defense command and control, interactive systems design and development, human-computer interaction, venture investing, technology due to diligence, social media, emerging technology and information technology.
He is a Fellow of the Cutter Consortium, was a charter member of the U.S. government's Senior Executive Service (SES), received the Defense Meritorious Civilian Service Award for his work at DARPA, and was awarded an Honorary Doctorate from La Salle University in 2000.  He currently holds the Thomas G. Labrecque Chair of Business Technology at Villanova University's School of Business where he teaches AI & machine learning, strategic technology, innovation, business consulting, entrepreneurialism and technology management.",24167,"2012-12-25T13:37:41Z",2012,63,719,0,0
"Q7613510","Steve Omohundro","male","American scientist",1959,5,"1950-69","male","Stephen Malvern Omohundro (born 1959) is an American computer scientist whose areas of research include Hamiltonian physics, dynamical systems, programming languages, machine learning, machine vision, and the social implications of artificial intelligence. His current work uses rational economics to develop safe and beneficial intelligent technologies for better collaborative modeling, understanding, innovation, and decision making.",15249,"2005-07-19T05:21:06Z",2005,46,4598,13,15
"Q7613713","Steve Reeves (computer scientist)","male","New Zealand computer scientist",1957,2,"1950-69","male","Steve Reeves (born 31 October 1957) is a British computer scientist based at the University of Waikato in New Zealand. He has been in the various roles of Associate Dean, Programme Co-ordinator and Head of Department of Software Engineering. He has undertaken research work on the Z notation, formal methods for GUI design, a general theory of refinement and logic for veracity.
Reeves' academic work is in the area of formal methods to aid software engineering. In particular, he has undertaken research into the design and use of logics for specification. With Prof. Martin Henson, he has studied the formal semantics of the Z notation in detail, in relation to the international ISO standard for Z.
He has done work (initially with colleagues from Data61) on uses for blockchain. He has had a two seed grants awarded by the New Zealand Science for Technological Innovation fund SfTI.
More recently, he has developed a logic for veracity, also under the SfTI scheme, but this time as part of a multi-university Spearhead grant Veracity project.
Reeves has delivered talks internationally, including as the opening talk in the BCS-FACS seminar series at the British Computer Society in London in 2005.
Reeves is currently Chair of the (somewhat defunct) Z User Group, and the New Zealand member of the Australasian Software Engineering Conference (ASWEC) Steering Committee and the Asia-Pacific Software Engineering Conference (APSEC), held at Waikato in December 2016 [1].
He is a Fellow of the British Computer Society, a Fellow of the Institute of IT Professionals (formerly the New Zealand Computer Society), and is a Chartered IT Professional (CITPNZ).
Reeves has published a number of academic papers.

",4571,"2010-01-13T09:55:47Z",2010,53,634,0,0
"Q7615001","Steven M. LaValle","male","roboticist",1968,3,"1950-69","male","Steven M. LaValle (born 1968 in St. Louis, Missouri) is an American computer scientist, and a professor in the Faculty of Information Technology and Electrical Engineering at the University of Oulu.  He was also an early founder and head scientist of Oculus VR until it was acquired by Facebook in 2014.  He is best known for his work on rapidly exploring random trees (RRTs), the Oculus Rift, and his book, Planning Algorithms, one of the most highly cited texts in the field.",11009,"2008-06-22T20:47:27Z",2008,40,3545,0,0
"Q7620527","Stott Parker","male","computer scientist (1952–2022)",1952,1,"1950-69","male","Douglass Stott Parker (December 31, 1952 – October 4, 2022) was a professor of computer science at UCLA from 1979 to his retirement in 2016, specializing in Data Mining, Bioinformatics, Database Management, Scientific Data Management and Modeling.
Parker was an investigator in the UCLA Center for Computational Biology (an NIH NCBC center), the UCLA Center for Cognitive Phenomics (an NIH project), and worked with Chris Lee on bioinformatics databases. He was the son of classics professor Douglass Parker.",3245,"2007-06-15T15:23:59Z",2007,55,269,0,0
"Q7647373","Surya Santoso","male","Electrical Engineer and Professor at the University of Texas at Austin",1968,1,"1950-69","male","Surya Santoso is an associate professor of Electrical Engineering at the Cockrell School of Engineering at the University of Texas at Austin and directs the Laboratory for Advanced Studies in Electric Power & Integration of Renewable Energy Systems (L-ASPIRES).  A senior member of Institute of Electrical and Electronics Engineers (IEEE), he is actively involved in the IEEE Power and Energy Society and has hosted the IEEE Plain Talk on Power Quality in IEEE Power and Energy General Meeting since 2010.
He is known for his pioneering work in root-cause analysis of electric power quality disturbances and for his work in time-domain modeling and simulation of electromagnetic transients and in wind power system integration studies.",7119,"2013-02-28T20:51:03Z",2013,45,509,0,0
"Q7652008","Sven Koenig (computer scientist)","male","German computer scientist",1964,4,"1950-69","male","Sven Koenig is Chancellor’s Professor and Bren Chair of the Department of Computer Science at the University of California, Irvine. He received an M.S. degree in computer science from the University of California at Berkeley in 1991 and a Ph.D. in computer science from Carnegie Mellon University in 1997, advised by Reid Simmons.

",7180,"2009-09-09T03:02:12Z",2009,45,1247,0,0
"Q7693088","Ted Coombs","male","American forensic scientist",1954,2,"1950-69","male","Ted Coombs (born 1954) is an American technology author, futurist, artist, and scientist. He set a Guinness World Record for roller skating across the United States in 1979.",8461,"2006-10-15T09:17:07Z",2006,52,998,0,0
"Q7803487","Tim Finin","male","American computer scientist",1949,3,"pre-1950","male","Timothy Wilking Finin (born August 4, 1949) is an Emeritus Professor in the Computer Science and Electrical Engineering department and founding director of the Center for Artificial Intelligence at the University of Maryland, Baltimore County (UMBC).  His research has focused on the applications of artificial intelligence to problems in information systems and has included contributions to natural language processing, expert systems, the theory and applications of multiagent systems, the semantic web, and mobile computing.",7119,"2006-08-09T03:32:30Z",2006,57,2153,1,1
"Q7806867","Timo Honkela","male","Finnish computer scientist and professor (1962–2020)",1962,4,"1950-69","male","Timo Untamo Honkela (August 4, 1962 – May 9, 2020) was a computer scientist at the University of Helsinki, Aalto University School of Science and Aalto University School of Art, Design and Architecture. He holds a PhD from Helsinki University of Technology.
From 2014 until 2018 he held a fixed-term professorship at the University of Helsinki. Before joining the University of Helsinki he worked as a non-tenured professor in two Schools of the Aalto University, The School of Art, Design and Architecture and the School of Science. He has presented his thoughts on his studies and work in the joint blog 375 Humanists.
Timo Honkela conducted research on several areas related to knowledge engineering, cognitive modeling and natural language processing.
Honkela was born in Kalajoki. From 1998 to 2000 he worked as a professor in the Aalto Media Lab. To the media Lab Honkela brought his expertise in Kohonen self-organising map (SOM) and worked closely with artist and designers around the topic.
In 2001 Honkela collaborated with George Legrady to produce an interactive museum installation, Pockets Full of Memories to the Centre Georges Pompidou, National Museum of Modern Art in Paris. The concept, created by Legrady, provided for visitors a possibility to scan their own objects to a database and then organise them by Kohonen Self-Organizing Map algorithm.
In 2017 Honkela published a book in Finnish. The book Rauhankone (English: Peace Machine) presents his idea of designing artificial intelligence and machine learning to serve humanity, in practice to help people to live in peace with each other. He died in Helsinki.

",4553,"2009-12-03T14:25:32Z",2009,47,693,0,0
"Q7816669","Tom M. Mitchell","male","computer scientist",1951,6,"1950-69","male","Tom Michael Mitchell (born August 9, 1951) is an American computer scientist and the Founders University Professor at Carnegie Mellon University (CMU). He is a founder and former chair of the Machine Learning Department at CMU. Mitchell is known for his contributions to the advancement of machine learning, artificial intelligence, and cognitive neuroscience and is the author of the textbook Machine Learning. He is a member of the United States National Academy of Engineering since 2010. He is also a Fellow of the American Academy of Arts and Sciences, the American Association for the Advancement of Science and a Fellow and past president of the Association for the Advancement of Artificial Intelligence. In October 2018, Mitchell was appointed as the Interim Dean of the School of Computer Science at Carnegie Mellon.",9227,"2011-10-02T02:58:57Z",2011,60,9471,6,3
"Q24698708","Tomáš Mikolov","male","research scientist",1982,3,"1970-89","male","Tomáš Mikolov is a Czech computer scientist known for his work on neural language models and word representations. He was the lead author of the 2013 paper that introduced the word2vec models, a technique for learning word embeddings from text. He later co-authored research associated with fastText.
Mikolov received his PhD from Brno University of Technology and worked at Microsoft Research, Google Brain, and Facebook AI Research. In 2020, he joined the Czech Institute of Informatics, Robotics and Cybernetics at the Czech Technical University in Prague.

",8450,"2019-03-13T04:23:07Z",2019,37,14117,2,2
"Q24851548","Judith Pintar","female","Sociologist and interactive fiction writer",NA,1,"unknown","female","Judith Pintar is a sociologist and author of interactive fiction. As the Director of the Game Studies and Design Program, she teaches game studies, narrative design, and Southeastern European Studies at the University of Illinois, Urbana-Champaign.
She is also a Celtic harp player and a composer of instrumental music, performing her albums that combine harp music and storytelling internationally.

",11781,"2016-05-30T16:32:21Z",2016,NA,597,0,0
"Q24851740","Reza Zadeh","male","Canadian-Iranian computer scientist",NA,3,"unknown","male","Reza Zadeh (Persian: رضا زاده) is an American computer scientist and technology executive working on machine learning. He is adjunct professor at Stanford University, CEO of Matroid, and a founding team member at Databricks. His work focuses on machine learning, distributed computing, and discrete applied mathematics. His awards include a KDD Best Paper Award and the Gene Golub Outstanding Thesis Award at Stanford.

",11507,"2016-06-17T05:52:07Z",2016,NA,2386,0,0
"Q24924339","Vince Calhoun","male","American engineer and neuroscientist",2000,1,"1990+","male","Vince Daniel Calhoun is an American engineer and neuroscientist. He directs the Tri-institutional Center for Translational Research in Neuroimaging and Data Science (TReNDS), a partnership between Georgia State University, Georgia Institute of Technology, and Emory University, and holds faculty appointments at all three institutions. He was formerly the President of the Mind Research Network and a Distinguished Professor of Electrical and Computer Engineering at the University of New Mexico.",6355,"2018-07-30T15:53:54Z",2018,18,1581,0,0
"Q25189853","Alex Graves (computer scientist)","male","computer scientist",1976,4,"1970-89","male","Alex Graves is a computer scientist.",8111,"2016-05-18T02:18:42Z",2016,40,9640,31,30
"Q25816683","Aude Billard","female","Swiss physicist",1971,4,"1970-89","female","Aude G. Billard (born c. August 6, 1971) is a Swiss physicist in the fields of machine learning and human-robot interactions. As a full professor at the School of Engineering at Swiss Federal Institute of Technology in Lausanne (EPFL), Billard's research focuses on applying machine learning to support robot learning through human guidance. Billard's work on human-robot interactions has been recognized numerous times by the Institute of Electrical and Electronics Engineers (IEEE) and she currently holds a leadership position on the executive committee of the IEEE Robotics and Automation Society (RAS) as the vice president of publication activities.",30744,"2020-04-12T03:09:31Z",2020,49,2312,0,1
"Q26702597","Richard Zemel","male","computer scientist",1963,2,"1950-69","male","Richard Stanley Zemel (born 1963) is a Canadian-American computer scientist and professor at Columbia University, Department of Computer Science, and a leading figure in the field of machine learning and computer vision.
Zemel studied the history of science at Harvard University and obtained his B.A. in 1984. He continued his study at the Department of Computer Science of the University of Toronto under the supervision of Geoffrey Hinton. He obtained his M.Sc. and Ph.D. both in computer science in 1989 and 1994, respectively.

",2324,"2016-07-17T22:06:55Z",2016,53,6308,2,1
"Q26702921","Calum Chace","male","English writer and speaker",1959,1,"1950-69","male","Calum Chace (born 1959) is an English businessman, author and speaker, who specialises in artificial intelligence. After a thirty-year career in business, he retired in 2012 to focus on writing and speaking on the topic of AI, which he saw as both a hugely promising development, and a  potential threat that warrants urgent attention. In 2024 he co-founded the AI safety company Conscium.",13299,"2016-07-25T19:10:05Z",2016,57,2257,1,1
"Q26703063","Ian Goodfellow","male","American scientist, author",1987,18,"1970-89","male","Ian J. Goodfellow (born 1987) is an American computer scientist, engineer, and executive, most noted for his work on artificial neural networks and deep learning. He was a research scientist at Google DeepMind, was previously employed as a research scientist at Google Brain, and director of machine learning at Apple, as well as one of the first employees at OpenAI. He has made several important contributions to the field of deep learning, including the invention of the generative adversarial network (GAN). Goodfellow co-wrote, as the first author, the textbook Deep Learning (2016) and wrote the chapter on deep learning in the authoritative textbook of the field of artificial intelligence, Artificial Intelligence: A Modern Approach (used in more than 1,500 universities in 135 countries).

",13259,"2016-07-31T18:21:35Z",2016,29,51069,32,30
"Q26709023","Klaus-Robert Müller","male","German computer scientist",1964,5,"1950-69","male","Klaus-Robert Müller (born 1964 in Karlsruhe, West Germany) is a German computer scientist and physicist, most noted for his work in machine learning and brain–computer interfaces.

",14885,"2016-10-05T20:27:57Z",2016,52,4002,3,2
"Q28018607","Alex Krizhevsky","male","Canadian machine learning scientist",2000,10,"1990+","male","Alex Krizhevsky is a Canadian computer scientist most noted for his work on artificial neural networks and deep learning. In 2012, Krizhevsky, Ilya Sutskever and their PhD advisor Geoffrey Hinton, at the University of Toronto, developed a powerful visual-recognition network AlexNet using only two GeForce-branded GPU cards. This revolutionized research in neural networks. Previously neural networks were trained on CPUs. The transition to GPUs opened the way to the development of advanced AI models.

",5187,"2020-07-26T05:01:07Z",2020,20,121819,31,30
"Q28024995","J. K. Aggarwal","male","American engineer (born 1936)",1936,2,"pre-1950","male","Jagdishkumar Keshoram Aggarwal (born 1936) is an American computer scientist, who is currently retired and is Cullen Trust Endowed Emeritus Professor of the Department of Electrical and Computer Engineering at the Cockrell School of Engineering, University of Texas at Austin. He is known for his contributions in the fields of computer vision, pattern recognition and image processing focusing on human motion and activities. He served in various positions in the Department of Electrical and Computer of the University of Texas at Austin and other institutions.
A Fellow of IEEE (1976), IAPR (1998) and AAAS (2005), he received the Senior Research Award of the American Society of Engineering Education in 1992, the 1996 Technical Achievement Award of the IEEE Computer Society, and the graduate teaching award at the University of Texas at Austin in 1992. More recently, he is the recipient of the 2004 King-Sun Fu Prize of the International Association for Pattern Recognition, the 2005 Kirchmayer Graduate Teaching Award of the IEEE, and the 2007 Okawa Prize of the Okawa Foundation of Japan. He is a Life Fellow of IEEE and a Golden Core member of IEEE Computer Society. He has authored and edited a number of books, chapters, proceedings of conferences, and papers. According to his Google Scholar profile, he has an h-index of 86.",14616,"2016-12-16T23:11:42Z",2016,80,929,0,1
"Q28033709","Dan Riskin (physician)","male","American entrepreneur and surgeon (born 1971)",1971,2,"1970-89","male","Daniel Jay Riskin (born October 15, 1971) is an American physician and healthcare artificial intelligence executive. He is the CEO of Verantos and clinical professor of surgery at Stanford University. His work applies artificial intelligence in healthcare to improve the measurement of outcomes, risk, and clinical decision-making.",14103,"2011-07-17T20:55:40Z",2011,40,103,0,0
"Q28037402","Bob Goodson","male","Chief Executive Office and Founder - Quid Inc.",1980,1,"1970-89","male","Bob Goodson is a British technologist, entrepreneur, and author.  He is the president of Quid Inc., an artificial intelligence company he co-founded in 2010,  a co-inventor of the Like Button, and the co-author of Like: The Button That Changed the World.   
Goodson studied medieval literature at Oxford, where he co-founded Oxford Entrepreneurs.  He co-founded Quid based on his interest in language theory.",16828,"2016-11-30T15:50:27Z",2016,36,1587,0,0
"Q28132613","Geoffrey McLachlan","male","Australian statistician",1946,1,"pre-1950","male","Geoffrey John McLachlan FAA (born 3 October 1946) is an Australian researcher in computational statistics, machine learning and pattern recognition. McLachlan is best known for his work in classification and finite mixture models. He is the joint author of five influential books on the topics of mixtures and classification, as well as their applications. Currently, McLachlan is a Professor of statistics within the School of Mathematics and Physics at the University of Queensland.",11030,"2017-01-06T02:58:17Z",2017,71,818,0,0
"Q28381172","Rada Mihalcea","female","researcher",1974,3,"1970-89","female","Rada Mihalcea is the Janice M. Jenkins Collegiate Professor of Computer Science and Engineering at the University of Michigan. She has made significant contributions to natural language processing, multimodal processing, computational social science, and AI for Social Good. With Paul Tarau, she invented the TextRank Algorithm, which is a classic algorithm widely used for text summarization.",17539,"2017-08-30T16:46:41Z",2017,43,2842,0,0
"Q28466610","Brad A. Myers","male","American computer scientist",NA,2,"unknown","male","Brad Allan Myers is a professor in the Human-Computer Interaction Institute at Carnegie Mellon University and has served as its director since 2023.  His research has broadly influenced human–computer interaction, particularly the ways interactive systems are designed, implemented, and programmed. His work connects foundational user-interface technologies with human-centered approaches to making computing systems easier to create and use.",10730,"2009-11-03T19:41:39Z",2009,NA,1892,0,0
"Q28911690","Shannon Vallor","female","philosopher of technology",NA,2,"unknown","female","Shannon Vallor is an American philosopher of technology. She is the Baillie Gifford Chair in the Ethics of Data and Artificial Intelligence at the Edinburgh Futures Institute. She previously taught at Santa Clara University in Santa Clara, California where she was the Regis and Dianne McKenna Professor of Philosophy and  William J. Rewak, S.J. Professor at SCU.",6877,"2017-03-05T20:46:21Z",2017,NA,8843,0,0
"Q28963131","Arlindo Oliveira","male","researcher",1963,2,"1950-69","male","Arlindo Manuel Limede de Oliveira (born 4 June 1963) is a Portuguese academic, researcher and writer. He is author of more than 150 scientific articles and papers in conferences, and three books: Computer Architecture (co-authored with Guilherme Arroz and José Monteiro, published by World Scientific and IST Press), The Digital Mind (published by MIT Press and IST Press), and Inteligência Artificial (published by Fundação Francisco Manuel dos Santos). 
Oliveira obtained his engineering degree from Instituto Superior Técnico (University of Lisbon) and his PhD degree from the University of California, Berkeley. He is a senior member of the IEEE and the Portuguese Academy of Engineering, a notable alumnus of the University of Lisbon and, between 2015 and 2018, the Head of the Portuguese node of ELIXIR. 
He was director of INESC-ID between 2000 and 2009, and president of the Instituto Superior Técnico between January 2012 and December 2019. He is currently the president of INESC.",6692,"2017-03-11T12:44:11Z",2017,54,1071,0,0
"Q29014550","David Magerman","male","researcher",1968,3,"1950-69","male","David Mitchell Magerman (born 1968) is an American computer scientist and philanthropist. He spent 22 years working for investment management company and hedge fund Renaissance Technologies.",8358,"2017-04-19T22:31:53Z",2017,49,14973,0,0
"Q36988195","Paul Kruszewski","male","Canadian AI technologist and serial entrepreneur",1967,1,"1950-69","male","Paul Kruszewski (born 1967) is a Canadian AI technologist and serial entrepreneur known for his work in artificial intelligence and computer graphics. He has previously founded and sold three AI startups, specializing in crowd simulation, NPC behaviours, and human pose estimation.",14547,"2017-07-24T21:34:26Z",2017,50,958,0,0
"Q37994895","Yong Rui","male","CTO and SVP of Lenovo",NA,1,"unknown","male","Yong Rui is a Chinese business executive and scientist that is the chief technology officer (CTO) of Lenovo Group. He is in charge of Lenovo's technical strategy, research and development directions, and Lenovo Research, one of Lenovo's most important innovation engines.",8335,"2017-08-11T11:48:46Z",2017,NA,2130,0,0
"Q38186453","Manfred Pinkal","male","German computational linguist",1949,3,"pre-1950","male","Manfred Pinkal (born 24 August 1949) is a German computational linguist. He is a senior professor at the Saarland University.",2353,"2017-08-30T12:43:45Z",2017,68,396,0,0
"Q38192433","Pushpak Bhattacharyya","male","Computer scientist",1962,4,"1950-69","male","Pushpak Bhattacharyya (3 July 1962 – 5 October 2025) was an Indian computer scientist and professor in the Department of Computer Science and Engineering at the IIT Bombay. He served as the Director of the IIT Patna from 2015 to 2021.
He was a past President of the Association for Computational Linguistics (2016–17), and held the Vijay and Sita Vashee Chair Professorship at IIT Bombay. Bhattacharyya led the Natural Language Processing (NLP) research group at the Centre for Indian Language Technology (CFILT) at IIT Bombay until his death.
At the inauguration of the Nilekani Centre at AI4Bharat, IIT Madras, Nandan Nilekani, Co-founder and Non-Executive Chairman of Infosys, referred to Bhattacharyya as the ""Godfather of Indian NLP"".",7416,"2017-08-30T17:25:30Z",2017,55,25094,0,0
"Q38244065","Kyunghyun Cho","male","South Korean computer scientist",NA,2,"unknown","male","Kyunghyun Cho (Korean: 조경현; born 1985) is an American and South Korean computer scientist. He is a professor of Computer Science and Data Science at New York University's Courant Institute School of Mathematics, Computing, and Data Science. He has also been the Glen de Vries Professor of Health Statistics since 2025.
Cho is a researcher in machine learning, especially deep learning. He was a coauthor on a 2014 paper that introduced neural machine translation.",7883,"2025-11-25T05:06:15Z",2025,NA,7083,0,2
"Q39050450","Wotao Yin","male","Chinese mathematician and scientist",NA,2,"unknown","male","Wotao Yin is an applied mathematician and professor of Mathematics department at the University of California, Los Angeles in Los Angeles, California. He currently conducts research in optimization, parallel and distributed computing, and inverse problems.

",2603,"2017-09-04T02:07:16Z",2017,NA,775,0,0
"Q39120048","Martha Palmer","female","American computer scientist",1951,2,"1950-69","female","Martha (Stone) Palmer is an American computer scientist. She is best known for her work on verb semantics, and for the creation of ontological resources such as PropBank and VerbNet.

",8119,"2019-03-15T00:12:49Z",2019,68,944,1,2
"Q39154035","William Yang Wang","male","researcher",NA,1,"unknown","male","William Yang Wang is a computer scientist and academic. He is the Mellichamp Professor of Mind and Machine Intelligence at the University of California, Santa Barbara.
Wang's research work has centered on connecting language, vision, and the empirical study of generative intelligence. He is the recipient of IEEE SPS Pierre-Simon Laplace Award and British Computer Society's Karen Spärck Jones Award.",9640,"2025-05-14T06:37:34Z",2025,NA,1916,0,1
"Q39236970","Sharon Goldwater","female","researcher, NLP, Edinburgh",NA,2,"unknown","female","Sharon J. Goldwater is an American and British computer scientist, cognitive scientist, developmental linguist, and natural language processing researcher who holds the Personal Chair of Computational Language Learning in the University of Edinburgh School of Informatics. Her research involves the unsupervised learning of language by computers, and computer modeling of language development in children.

",3347,"2022-07-28T18:57:20Z",2022,NA,551,0,0
"Q39990277","Tingwen Huang","male","researcher",NA,3,"unknown","male","Tingwen Huang, a Fellow of The World Academy of Sciences (TWAS)  and a Member of the European Academy of Sciences and Arts.
He received his B.S. degree in Mathematics from Southwest University, China, in 1990, an M.S. degree in Mathematics from Sichuan University in 1993, and his Doctoral degree in Applied Mathematics at Texas A&M University in 2002.
Huang's main research areas are dynamics of nonlinear systems, neuromorphic computing, neural networks, computational intelligence, intelligent control, multi-agent systems, optimization and smart grids. His research papers were cited for more than 37,000 times as of January 2024 according to Google Scholar. He was named a Highly Cited Researcher in 2018, 2019 and 2020 by Clarivate's (formerly Thomson Reuters) Web of Science.
He received the Best Research Project Award from Qatar National Research Fund, and Faculty Research Excellence Award from Texas A&M University at Qatar, Qatar in 2015.
Huang was elected as an IEEE Fellow in 2018 for his contributions to dynamics of neural networks, and awarded Changjiang Scholar (Chair Professor), the highest honor conferred by Ministry of Education of China in 2019.
In 2021, he received the Outstanding Achievement Award from Asia Pacific Neural Networks Society, was elected as a Distinguished Lecturer of IEEE Computational Intelligence Society (2022-2024), an Academician of the International Academy for Systems and Cybernetic Sciences (IASCYS), a Fellow of Asia-Pacific Artificial Intelligence Association (AAIA), and a Member of the European Academy of Sciences and Arts.
In 2022, Huang was elected as a Fellow of the International Association for Pattern Recognition (IAPR).
He was conferred Dean’s Achievement Award by Texas A&M University at Qatar, and The Association of Former Students Distinguished Achievement Award for Research, one of the highest honors the university can bestow upon a faculty member by Texas A&M University in College Station, Texas, USA. He was elected as a Fellow of The World Academy of Sciences (TWAS),",6048,"2022-07-22T10:33:41Z",2022,NA,474,0,0
"Q5301297","Douglas C. Schmidt","male","American computer scientist and author",1962,2,"1950-69","male","Douglas C. Schmidt (born July 18, 1962) is a computer scientist and author in the fields of object-oriented programming, reactive programming, distributed computing, design patterns and generative AI. He is the inaugural Dean of the School of Computing, Data Sciences & Physics at William & Mary.",8976,"2010-10-26T06:24:10Z",2010,48,2925,0,0
"Q5307228","Drew McDermott","male","American computer scientist",1949,5,"pre-1950","male","Drew McDermott (December 27, 1949 – May 26, 2022) was a professor of computer science at Yale University. He was known for his contributions in artificial intelligence and automated planning.",7521,"2007-05-31T23:35:28Z",2007,58,1941,5,5
"Q5307654","Igor Aleksander","male","emeritus professor of Neural Systems Engineering at Imperial College London.",1937,8,"pre-1950","male","Igor Aleksander (born 26 January 1937) is an emeritus professor of Neural Systems Engineering in the Department of Electrical and Electronic Engineering at Imperial College London. He worked in artificial intelligence and neural networks and designed the world's first neural pattern recognition system in the 1980s.

",7096,"2004-05-03T11:31:32Z",2004,67,2463,2,4
"Q5345652","Edward Tsang","male","British computer scientist",2000,1,"1990+","male","Edward Tsang is a Computer Science professor at the University of Essex and also attended Wells Cathedral School.  He holds a first degree in Business Administration (major in Finance) from the Chinese University of Hong Kong (1977), and an MSc and PhD in Computer Science from the University of Essex (1983 and 1987). Prior to his PhD studies, he served for five
years in various positions in the commercial sector in Hong Kong. 
Edward Tsang is the Director (and co-founder) of Centre for Computational Finance and Economic Agents Archived 15 December 2018 at the Wayback Machine (CCFEA) at University of Essex.
CCFEA is an interdisciplinary
research centre, which applies artificial intelligence methods to problems in finance and economics. 
Edward Tsang is the author of Foundations of Constraint Satisfaction, the first book to define the scope of the field. He is also the co-author of Vehicle Scheduling in Port Automation (with Hassan Rashidi) and Evolutionary Applications for Financial Prediction: Classification Methods to Gather Patterns Using Genetic Programming (with Alma Garcia Almanza).
Edward Tsang founded the Computation Finance and Economics Technical Committee Archived 5 February 2012 at the Wayback Machine in IEEE’s Computational Intelligence Society in 2004, and chaired it until the end of 2005. 
Edward Tsang specializes in business application of artificial intelligence. His research interests include artificial intelligence applications, computational finance, constraint satisfaction, evolutionary computation, and heuristic search.
He has given consultation to GEC Marconi, British Telecom, the Commonwealth Secretariat and other organizations.",4387,"2004-12-21T22:30:04Z",2004,4,1118,1,0
"Q5364879","Ellen Hildreth","female","American computer scientist",NA,3,"unknown","female","Ellen Catherine Hildreth is a professor of computer science at Wellesley College. Her fields are visual perception and computer vision. She co-invented the Marr-Hildreth algorithm along with David Marr.
She completed all of her higher education at the Massachusetts Institute of Technology. She earned a Bachelor of Science in Mathematics in 1977, a Master of Science from the Department of Electrical Engineering and Computer Science (EECS) in 1980, and a Ph.D. from EECS in 1983. Her thesis, ""The Measurement of Visual Motion"", won an Honorable Mention from the Association for Computing Machinery.
She is a Fellow of the Association for the Advancement of Artificial Intelligence and the Institute of Electrical and Electronics Engineers.
Hildreth is married to Eric Grimson. The couple have two sons.

",4455,"2012-12-13T20:52:41Z",2012,NA,1042,1,2
"Q5386185","Eric Brill","male","American computer scientist",NA,1,"unknown","male","Eric Brill is a computer scientist specializing in natural language processing. He created the Brill tagger, a supervised part of speech tagger. Another research paper of Brill introduced a machine learning technique now known as transformation-based learning.",4396,"2005-04-13T08:42:20Z",2005,NA,637,0,0
"Q5386619","Eric Grimson","male","computer scientist",1953,1,"1950-69","male","William Eric Leifur Grimson (born 1953) is a Canadian-born computer scientist and professor at the Massachusetts Institute of Technology, where he served as Chancellor from 2011 to 2014. An expert in computer vision, he headed MIT's Department of Electrical Engineering and Computer Science from 2005 to 2011 and currently serves as its Chancellor for Academic Advancement.

",11026,"2012-12-17T17:23:47Z",2012,59,3464,2,3
"Q5388817","Erik Sandewall","male","Swedish computer scientist (1945-2024)",1945,3,"pre-1950","male","Erik Sandewall was a Swedish Professor in the Chair of Computer Science at Linköping University since 1975. He is known for his pioneering research in artificial intelligence.

",2877,"2010-05-15T00:14:17Z",2010,65,441,0,0
"Q5389678","Erkki Oja","male","Finnish professor emeritus of computer science",1948,2,"pre-1950","male","Erkki Oja (born 22 March 1948) is a Finnish computer scientist and Aalto Distinguished Professor in the Department of Information and Computer Science at Aalto University School of Science. He is recognized for developing Oja's rule, which is a model of how neurons in the brain or in artificial neural networks learn over time.",6182,"2010-10-24T16:48:36Z",2010,62,1581,1,1
"Q5394208","Ernesto Morgado","male","Portuguese computer scientist and software entrepreneur",NA,2,"unknown","male","Ernesto M. Morgado is a Portuguese computer scientist and software entrepreneur. He has served as Associate Professor of computer science and engineering in Instituto Superior Técnico (Technical University of Lisbon) since 1992. He was one of the people behind the creation of the Computer Science and Engineering degree of Instituto Superior Técnico (Technical University of Lisbon), in 1988, and one of the founders of the Department of Computer Science and Engineering there in 1998.

",4773,"2009-08-04T11:09:08Z",2009,NA,305,1,1
"Q5407117","Eugene Charniak","male","American computer scientist",1946,3,"pre-1950","male","Eugene Charniak (June 2, 1946 – June 13, 2023) was a professor of computer Science and cognitive Science at Brown University. He held an A.B. in Physics from the University of Chicago and a Ph.D. from M.I.T. in Computer Science. His research was in the area of language understanding or technologies which relate to it, such as knowledge representation, reasoning under uncertainty, and learning. Since the early 1990s  he was interested in statistical techniques for language understanding. His research in this area included work in the subareas of part-of-speech tagging, probabilistic context-free grammar induction, and, more recently, syntactic disambiguation through word statistics, efficient syntactic parsing, and lexical resource acquisition through statistical means.
He was a Fellow of the American Association of Artificial Intelligence and was previously a Councilor of the organization. He was also honored with the 2011 Association for Computational Linguistics Lifetime Achievement Award and awarded the 2011 Calvin & Rose G Hoffman Prize. In 2011, he was named a fellow of the Association for Computational Linguistics. In 2015, he won the Association for the Advancement of Artificial Intelligence (AAAI) Classic Paper Award for a paper (“Statistical Parsing with a Context-Free Grammar and Word Statistics”) that he presented at the Fourteenth National Conference on Artificial Intelligence in 1997.",6113,"2006-10-11T19:00:14Z",2006,60,1806,3,3
"Q1512040","Gerhard Lauer","male","German germanist",1962,5,"1950-69","male","Gerhard Lauer (born November 14, 1962) is a German literary scholar. He is currently Gutenberg Professor of Book and Reading Studies at the University of Mainz. He works on literary history, reading studies, and digital humanities.
Lauer initially studied literary studies, philosophy, and musicology at the Saarland University and the University of Tübingen, and completed his undergraduate degree at LMU Munich. He was then trained in German studies and Jewish studies. He went on to complete his Doctor of Philosophy in 1992 on the history of scholarship in exile with Wolfgang Frühwald as his doctoral supervisor. In 2000, he defended his habilitation on the rise of the Haskalah.
In 2002, he succeeded Wilfried Barner, who had succeeded Albrecht Schöne in 1992, as chair of Modern German Literature at the University of Göttingen. Lauer is a member of the Göttingen Academy of Sciences and Humanities, was distinguished Max Kade visiting professor at the Washington University in St. Louis, senior research fellow at the Institut of Advances Studies/St Mary's College, Durham University, is a cofounding editor of the Journal of Literary Theory, associate editor of the journal Scientific Study of Literature, and acts now as editor of the Gutenberg-Jahrbuch.",7861,"2015-02-08T11:33:47Z",2015,53,438,0,0
"Q1900440","Mark Steedman","male","British computational linguist",1946,5,"pre-1950","male","Mark Jerome Steedman (born 18 September 1946) is a British computational linguist and cognitive scientist.

",5560,"2007-01-03T11:07:22Z",2007,61,1534,2,0
"Q1905174","Martin Vingron","male","Austrian mathematician",1961,3,"1950-69","male","Martin Vingron (born October 5 1961) is an Austrian mathematician working in the fields of bioinformatics and computational biology. Since 2000, he has been Director of the Max Planck Institute for Molecular Genetics.

",5526,"2016-09-07T20:10:31Z",2016,55,636,5,5
"Q2060461","Paul Jorion","male","anthropologist, sociologist, writer",1946,6,"pre-1950","male","Paul Jorion (born 22 July 1946 in Brussels) is an anthropologist and sociologist with a special interest in the cognitive sciences.  He has also written seven books on capitalist economics.
Born and raised in Belgium, Jorion currently lives in France, where he runs a blog on financial and economic matters. In 2012, the Vrije Universiteit Brussel made him holder of the newly created ""Stewardship of Finance"" chair.",14978,"2006-06-04T05:25:59Z",2006,60,1254,0,0
"Q2090838","Luc Steels","male","Artificial Intelligence scientist, research director",1952,5,"1950-69","male","Luc Leo Steels (born 22 January 1952) is a Belgian scientist and artist. Steels works with artificial intelligence in Europe who has made contributions to expert systems, behavior-based robotics, artificial life and evolutionary computational linguistics. He was a fellow of the Catalan Institution for Research and Advanced Studies (ICREA) associated as a research professor with the Institute of Evolutionary Biology (UPF/CSIC) in Barcelona. He was formerly founding Director of the Artificial Intelligence Laboratory of the Vrije Universiteit Brussel and founding director of the Sony Computer Science Laboratory in Paris. Steels has collaborated with visual artists and theater makers and composed music for opera.",55522,"2003-12-03T00:06:19Z",2003,51,2986,5,6
"Q2392290","Brian D. Ripley","male","British statistician, artificial intelligence researcher",1952,4,"1950-69","male","Brian David Ripley FRSE (born 29 April 1952) is a British statistician. From 1990, he was professor of applied statistics at the University of Oxford and also a professorial fellow at St Peter's College. He retired August 2014 due to ill health.",8405,"2006-08-22T12:07:58Z",2006,54,3136,3,3
"Q2427296","Thomas Siebel","male","American businessman",1952,6,"1950-69","male","Thomas M. Siebel () is an American businessman, information technologist, and author. He founded the enterprise software company Siebel Systems and is the founder, chairman, and CEO of C3.ai, an artificial intelligence software platform and applications company.",25433,"2004-12-25T01:46:28Z",2004,52,126343,1,2
"Q2469699","Richard Greenblatt (programmer)","male","American programmer (born 1944)",1944,13,"pre-1950","male","Richard D. Greenblatt (born December 25, 1944) is an American computer programmer.  Along with Bill Gosper, he may be considered to have founded the hacker community, and holds a place of distinction in the communities of the programming language Lisp and of the Massachusetts Institute of Technology (MIT) Artificial Intelligence Laboratory.

",8979,"2004-03-05T02:17:07Z",2004,60,10307,9,12
"Q58411237","Lucia Specia","female","British computer scientist",NA,1,"unknown","female","Lucia Specia is a British computer scientist, professor of natural language processing at Imperial College London, Director of Research Engineering at Epic Games and Chief Scientist at Contex.ai. She holds a joint position in language engineering at the University of Sheffield. Her research investigates data-driven approaches to natural language processing (NLP).",5075,"2023-11-23T20:59:33Z",2023,NA,928,0,0
"Q58479027","Ann Nicholson","female","British computer scientist",1965,2,"1950-69","female","Ann E. Nicholson (born June 1965) is an Australian academic specialising in computer science. She was the Dean in the Faculty of Information Technology at Monash University in Melbourne. She is a researcher in the specialised area of Bayesian networks.
Nicholson completed her BSc and MSc in Computer Science at the University of Melbourne. In 1988, she was awarded a Rhodes scholarship to Oxford. Here she did her doctorate in the Robotics Research Group. After starting work in the United States in 1992 as a post-doctoral research fellow at Brown University in Rhode Island, she took up a lecturing position at Monash University in 1994.
Nicholson has published more than 120 papers, with more than 7,000 citations, including co-authoring leading books in her specialised research area – Bayesian Artificial Intelligence.
Nicholson established the consulting company Bayesian Intelligence in 2007 and is currently serving as Honorary Secretary to the Victorian Rhodes Scholarship Selection Committee. In 2022 she was elected a Fellow of the Australian Academy of Technological Sciences and Engineering.

",6130,"2021-03-19T17:36:31Z",2021,56,739,0,0
"Q58836677","David Shrier","male","American futurist and author",NA,2,"unknown","male","David L. Shrier is an American futurist, author and entrepreneur. Shrier also co-edits the MIT Connection Science imprint of MIT Press and is the author of various industry reference books in the fields of financial technology, digital identity, data governance and financial innovation. Shrier is the cofounder and managing director of Esme Learning, an artificial intelligence-enabled digital learning company derived from MIT research and spun out of MIT Media Lab. He currently serves as Professor of Practice in Artificial Intelligence and Innovation with Imperial College London.",8661,"2018-11-17T17:45:00Z",2018,NA,1763,0,0
"Q59129868","Aoife Gowen","female","Irish scientist and professor",NA,1,"unknown","female","Aoife Gowen is currently a professor in the University College Dublin (UCD) School of Biosystems and Food Engineering. Her area of research covers topics such as applications of hyperspectral imaging and chemometrics to biological systems.
Gowen's expertise lies in hyperspectral imaging, a method which, images objects and extracts information from each pixel, about wavelengths across the electromagnetic spectrum. The results can give insights into the 'unseen' properties and chemistry of the object.",7479,"2019-09-29T14:17:03Z",2019,NA,351,0,0
"Q59344603","Angelo Dalli","male","Maltese Scientist and Entrepreneur",1978,4,"1970-89","male","Angelo Dalli (born 14 April 1978) is a computer scientist specialising in artificial intelligence, a serial entrepreneur, and business angel investor.",19244,"2018-12-02T05:57:19Z",2018,40,2156,0,1
"Q59484402","Sergey Levine","male","AI researcher, professor at UC Berkeley",NA,2,"unknown","male","Sergey Levine is a computer scientist and professor at UC Berkeley specializing in robotics and machine learning. He is a co-founder of the company Physical Intelligence.",6997,"2026-02-28T00:01:57Z",2026,NA,8584,1,2
"Q59587250","Virginia Dignum","female","computer scientist and artificial intelligence researcher",1964,5,"1950-69","female","Maria Virgínia Ferreira de Almeida Júdice Gamito Dignum (born 2 May 1964, in Lisbon, Portugal) is a Dutch-Portuguese researcher on Artificial Intelligence. She is Professor of Computer Science at Umeå University, and a Guest Professor at University of Amsterdam. She leads the Responsible Artificial intelligence research group and is director of the AI Policy Lab. Her research and writing considers responsible AI and the development evaluation of human-agent team work, thereby aligning with Human-Centered Artificial Intelligence themes.",10781,"2019-08-24T17:26:43Z",2019,55,4814,0,1
"Q59672626","Viviana Acquaviva","female","Italian astrophysicist",1979,1,"1970-89","female","Viviana Acquaviva (born 5 June 1979) is an Italian scientist who is a professor in the Department of Physics at the New York City College of Technology, and in the Departments of Physics and Earth and Environmental Science at the CUNY Graduate Center. A former astrophysicist, her current research interests lie in applications of data science and machine learning to climate science. She was named one of Italy's most inspirational technologists in 2019.",9669,"2022-08-31T21:03:24Z",2022,43,809,0,0
"Q59697990","Molly Wright Steenson","female","designer, author and educator",1971,2,"1970-89","female","Molly Wright Steenson (born 1971) is an American professor of design and a historian of architecture and technology. Currently, Molly is the president and CEO of the American Swedish Institute. Previously, she was the Carnegie Mellon University Vice Provost for Faculty, K&L Gates Associate Professor of Ethics and Computational Technologies, and Senior Associate Dean for Research in the College of Fine Arts at Carnegie Mellon University.",5247,"2019-07-26T17:45:00Z",2019,48,1049,0,0
"Q59753117","Timnit Gebru","female","computer scientist, specialising in AI ethics",1983,27,"1970-89","female","Timnit W. Gebru (Amharic and Tigrinya: ትምኒት ገብሩ; 1983) is an Ethiopian-born Eritrean computer scientist who works in the fields of artificial intelligence (AI), algorithmic bias and data mining. She is a co-founder of Black in AI, an advocacy group that has pushed for more Black roles in AI development and research. She is the founder of the Distributed Artificial Intelligence Research Institute (DAIR).
In December 2020, public controversy erupted over the circumstances surrounding Gebru's departure from Google, where she was technical co-lead of the Ethical Artificial Intelligence Team. Gebru had coauthored a paper on the risks of large language models (LLMs) acting as stochastic parrots, and submitted it for publication. According to Jeff Dean, head of Google AI, the paper was submitted without waiting for Google's internal review, which then asserted that it ignored too much relevant research. Google management requested that Gebru either withdraw the paper or remove the names of all the authors employed by Google. Gebru requested the identity and feedback of every reviewer, and stated that if Google refused, she would talk to her manager about ""a last date"". Google terminated her employment immediately, stating that they were accepting her resignation. Gebru maintained that she had not formally offered to resign, and only threatened to.
Gebru has been widely recognized for her expertise in the ethics of artificial intelligence. She was named one of the World's 50 Greatest Leaders by Fortune and one of Nature's ten people who shaped science in 2021, and in 2022, one of Time's most influential people.

",54528,"2019-01-09T22:22:26Z",2019,36,120818,6,6
"Q29018611","Osamu Fujimura (scientist)","male","professor (1927-2017)",1927,3,"pre-1950","male","Osamu Fujimura 藤村靖  (August 29, 1927 – March 13, 2017) was a Japanese physicist, phonetician and linguist, recognized as one of the pioneers of speech science. Fujimura was also known for his influential work in the diverse field of speech-related studies including acoustics, phonetics/phonology, instrumentation techniques, speech production mechanisms, and computational/theoretical linguistics.
After getting his Doctorate of Science from the University of Tokyo through the research he conducted at MIT, Fujimura served as director and professor at the Research Institute of Logopedics and Phoniatrics (RILP), at the University of Tokyo from 1965 to 1973.  He then continued his research at Bell Labs in Murray Hill, New Jersey, in the U.S., from 1973 to 1988 as a department head, working for Max Mathews. He moved his research to Ohio State University where he was professor and department head for speech and hearing science. He was named professor emeritus in 2013. He was a Fellow of the American Association for the Advancement of Science.",12826,"2017-03-20T19:22:20Z",2017,90,1578,1,0
"Q29022624","Durk Kingma","male","research scientist",1983,4,"1970-89","male","Diederik P. ""Durk"" Kingma (1983) is a Dutch computer scientist and businessman. He is a co-founder of OpenAI and currently employed by Anthropic. Earlier he worked at Google and worked on generative AI, specifically text-to-image models.
Durk completed his MSc at Utrecht University in 2009 and completed his PhD at the University of Amsterdam in 2013, where he was supervised by Max Welling. His PhD work included the variational autoencoder (VAE) and the widely used Adam optimizer.

",1682,"2026-05-03T14:41:51Z",2026,43,7053,1,1
"Q29043123","Quoc V. Le","male","machine learning researcher",1982,7,"1970-89","male","Lê Viết Quốc (born 1982), or in anglicized form Quoc Viet Le, is a Vietnamese-American computer scientist and artificial intelligence researcher. He is a Google Fellow at Google DeepMind and a founding member of the Google Brain project. 
Le is best known for his pioneering work in deep learning, particularly in large-scale unsupervised learning, sequence-to-sequence (seq2seq) models, and AutoML (neural architecture search). His research laid the foundation for modern machine translation systems, such as Google Translate, and advanced the field of large language models (LLMs).",12778,"2022-11-24T20:09:08Z",2022,40,27606,31,32
"Q29043415","Janusz Kacprzyk","male","Polish researcher in computational intelligence",1947,5,"pre-1950","male","Janusz Kacprzyk (born 12 July 1947) is a Polish engineer and mathematician, notable for his contributions to the field of computational and artificial intelligence tools like fuzzy sets, mathematical optimization, decision making under uncertainty, computational intelligence, intuitionistic fuzzy sets, data analysis and data mining, with applications in databases, ICT, mobile robotics and others.
Kacprzyk is a professor of computer science at the Systems Research Institute and an academician (full member) of the Polish Academy of Sciences.  Currently he is president of the Polish Operational and Systems Research Society and past president of the International Fuzzy Systems Association (IFSA) in 2009-2011.
He is a foreign member of the Spanish Royal Academy of Economic and Financial Sciences (2007), of the Bulgarian Academy of Sciences (2013), of the  Finnish Society of Sciences and Letters (2018), of the Royal Flemish Academy of Belgium for Science and the Arts (2019), as well as member of Academia Europaea and the European Academy of Sciences and Arts, and fellow of multiple professional societies, like  IEEE, Institution of Engineering and Technology (IET), European Coordinating Committee of Artificial Intelligence (EurAI/ECCAI), IFSA, and Mexican Society for Artificial Intelligence (SMIA). In 2013, he becomes the laureate of the annual IFSA Award. In 2025, he was elected a Fellow of the International Core Academy of Sciences and Humanities.",14310,"2018-04-30T07:45:13Z",2018,71,999,0,0
"Q29107878","Simon Birrell","male","English global marketing executive",1966,3,"1950-69","male","Simon Birrell (born 26 July 1966) is a British entrepreneur, technologist and film maker. He was part of the team that invented ambient intelligence and who, with Eli Zelkha, coined the term.",15516,"2017-03-26T23:49:56Z",2017,51,492,0,0
"Q29167831","Anima Anandkumar","female","Indian-American computer scientist",2000,9,"1990+","female","Animashree (Anima) Anandkumar is the Bren Professor of Computing at California Institute of Technology. She is also the co-founder of Accelerated Understanding. Previously, she was a senior director of Machine Learning research at NVIDIA and a principal scientist at Amazon Web Services. Her research considers tensor-algebraic methods, deep learning and non-convex problems.

",29074,"2019-01-07T22:41:31Z",2019,19,29266,1,0
"Q29180956","Alec Radford","male","American machine learning researcher/developer",1993,3,"1990+","male","Alec Radford (born April 1993) is an American artificial intelligence researcher. He worked at OpenAI from 2016 to 2024.

",7124,"2025-06-25T15:34:40Z",2025,32,32291,1,3
"Q29253980","Baochun Li","male","researcher and professor in computer engineering",2000,1,"1990+","male","Baochun Li from the University of Toronto, Ontario, Canada was named Fellow of the Institute of Electrical and Electronics Engineers (IEEE) in 2015 for contributions to application-layer network protocols and network coding.",1040,"2017-04-08T10:59:54Z",2017,17,437,0,0
"Q29258950","Peng Shi","male","electrical engineer",1958,2,"1950-69","male","Peng Shi is an Australian electrical engineer and academic. He is a Professor of Electrical and Electronic Engineering at the University of Adelaide, Australia was named Fellow of the Institute of Electrical and Electronics Engineers (IEEE) in 2015 for contributions to control and filtering techniques for hybrid dynamical systems.",2515,"2017-04-08T13:30:34Z",2017,59,712,0,0
"Q29315318","Jens Meiler","male","German biochemist",1974,2,"1970-89","male","Jens Meiler (born August 31, 1974) is a German-American biologist and structural chemist. He currently serves as a Professor of Chemistry and Associate Professor of Pharmacology and Biomedical Informatics at Vanderbilt University. His research focuses on protein structures and computational biology, drawing on interdisciplinary techniques from other sciences.

",11934,"2020-03-09T20:48:57Z",2020,46,1660,0,0
"Q6851882","Milind Tambe","male","American artificial intelligence researcher",1965,4,"1950-69","male","Milind Shashikant Tambe is an Indian-American educator serving as a Professor of Computer Science at Harvard University. He also serves as the director of the Center for Research on Computation and Society at Harvard University and the director of ""AI for Social Good"" at Google Research India.",7656,"2012-01-02T21:25:20Z",2012,47,4281,0,0
"Q6892365","Mohammad S. Obaidat","male","computer engineering professor and scholar",1952,2,"1950-69","male","Mohammad Salameh Obaidat is a Jordanian computer science/engineering academic and scholar, the President of and a Fellow of the Society for Modeling and Simulation International (SCS), and a Fellow of the Institute of Electrical and Electronics Engineers (IEEE) for contributions to adaptive learning, pattern recognition and system simulation.
Obaidat is the Chair and Professor of the Department of Computer and Information Science at Fordham University, NY, USA.
He was born in Jordan and received his M.S. and Ph.D. in computer engineering from the Ohio State University.

",6252,"2010-10-01T12:55:36Z",2010,58,1184,0,0
"Q6964324","Yonina Eldar","female","Israeli academic and engineer",1973,5,"1970-89","female","Yonina Chana Eldar (Hebrew: יונינה חנה אלדר; née Berglas; born 25 January 1973) is a Canadian-born Israeli-American professor of electrical engineering at the Northeastern University, Boston and the Weizmann Institute of Science, known for her pioneering work on sub-Nyquist sampling.",19585,"2019-05-20T14:03:44Z",2019,46,5249,0,0
"Q6969032","Nathan Eagle","male","businessperson",1976,3,"1970-89","male","Nathan Eagle is an American technology executive. He is best known as the CEO and co-founder of Jana (formerly txteagle), a company that subsidizes mobile internet access in emerging markets. He has also served as a professor at both Harvard University and the Massachusetts Institute of Technology.

",15755,"2011-11-01T01:33:33Z",2011,35,1757,0,0
"Q7022476","Ngoc Thanh Nguyen","male","Polish/Vietnamese scientist",1963,3,"1950-69","male","Nguyễn Ngọc Thành is a Vietnamese informatician at the Wroclaw University of Technology, Poland, and is the head of Department of Applied Informatics in the Faculty of Computer Science and Telecommunication Technology. In 2009, he was elected an ACM Distinguished Member.",2947,"2010-12-31T13:11:39Z",2010,47,494,0,0
"Q7032634","Nigel Shadbolt","male","Prinicipal of Jesus College, Oxford; Professor of Computer Science; Chairman of the Open Data Institute",1956,7,"1950-69","male","Sir Nigel Richard Shadbolt (born 9 April 1956) is Principal of Jesus College, Oxford, and Professorial Research Fellow in the Department of Computer Science, University of Oxford. He is chairman of the Open Data Institute which he co-founded with Tim Berners-Lee. He is also a visiting professor in the School of Electronics and Computer Science at the University of Southampton. Shadbolt is an interdisciplinary researcher, policy expert and commentator. His research focuses on understanding how intelligent behaviour is embodied and emerges in humans, machines and, most recently, on the Web, and has made contributions to the fields of psychology, cognitive science, computational neuroscience, artificial intelligence, computer science and the emerging field of web science.",27400,"2008-05-09T01:12:56Z",2008,52,11243,3,2
"Q7036068","Nikolaos Mavridis","male","Artificial Intelligence researcher",1973,1,"1970-89","male","Nikolaos Mavridis (born April 28, 1973) is the founder and director of the Interactive Robots and Media Lab (IRML), and a PhD graduate from the Massachusetts Institute of Technology. He is also an assistant professor of research at the Computer Science department, New York University Polytechnic, and adjunct researcher at NCSR Demokritos. Before his PhD, he was awarded an M.Sc. from the University of California, Los Angeles, and an M.Eng. (summa cum laude) from the Aristotle University of Thessaloniki. His research interests include human–robot interaction, and especially verbal and non-verbal communication with robots, artificial intelligence, machine perception, and cognitive systems.
Mavridis and his work at the Interactive Robots and Media Lab received coverage from media of more than 20 countries, such as the BBC, Agence France-Presse (AFP), The National (Abu Dhabi), Al Jazeera TV, etc.  Furthermore, Mavridis has been a TEDx Speaker twice, at TEDx Al Ain and TEDx Athens.
Apart from his academic activities, Mavridis has been a pro-bono contributor to several organizations: as a mentor in The Next Generation Initiative, a vice-president and executive committee member at the MIT HSA, as a vice-president to the Hellenic Artificial Intelligence Society, as a bid preparer and presenter and technical committee member that brought the World Robot Olympiad to Abu Dhabi, and as the founding chair of the IEEE UAE Robotics and Automation Society.
He is also an active member of the Horasis think tank based in Switzerland, whose purpose is to ""enact visions for a sustainable future"" through new platforms for cooperation and knowledge-sharing, particularly between developed countries and emerging markets.
Furthermore, Mavridis is a member of the National Committee of the Recreate Greece liberal party, and as a parliamentary candidate finished second in the May 2012 National Election in the district of A' Athens.

",6747,"2013-02-03T13:59:41Z",2013,40,890,0,0
"Q7037360","Nils John Nilsson","male","American computer scientist and AI researcher (1933-2019)",1933,12,"pre-1950","male","Nils John Nilsson (February 6, 1933 – April 23, 2019) was an American computer scientist. He was one of the founding researchers in the discipline of artificial intelligence. He was the first Kumagai Professor of Engineering in computer science at Stanford University from 1991 until his retirement. He is particularly known for his contributions to search, planning, knowledge representation, and robotics.",11911,"2006-11-19T15:20:14Z",2006,73,4502,6,3
"Q7039821","Nir Friedman","male","Israeli bioinformatician",1967,3,"1950-69","male","Nir Friedman (Hebrew: ניר פרידמן; born 1967) is an Israeli professor of computer science and biology at the Hebrew University of Jerusalem.
His research combines machine learning and statistical learning with systems biology, specifically in the fields of gene regulation, transcription and chromatin.",8747,"2011-10-22T00:35:21Z",2011,44,2867,7,7
"Q7078862","Ofer Dekel (researcher)","male","computer science researcher in the Machine Learning Department of Microsoft Research",1975,1,"1970-89","male","Ofer Dekel (Hebrew: עופר דקל) is a computer science researcher in the Machine Learning Department of Microsoft Research. He obtained his PhD in computer science from the Hebrew University of Jerusalem and is an affiliate faculty at the Computer Science & Engineering department at the University of Washington.

",10814,"2010-09-21T06:31:40Z",2010,35,598,0,0
"Q7099202","Ora Lassila","male","Finnish software engineer, semantic web expert and AI researcher",NA,2,"unknown","male","Ora Lassila is a Finnish computer scientist who lives in the U.S. and works as an Associate Director of Data Engineering and Governance at Accenture. He has been conducting research into the Semantic Web since 1996, and was co-author, with Tim Berners-Lee and James Hendler, of the article ""The Semantic Web"" which appeared in Scientific American in 2001, now the most cited paper in the Semantic Web area. His early work in this area included proposing the original RDF Specification with Ralph R. Swick and he was an elected member of the World Wide Web Consortium (W3C) Advisory Board from 1998 to 2013. He was also a member of the steering committee of the Semantic Web Science Association.
In 1996–1997, he was a visiting scientist at MIT Laboratory for Computer Science, working with W3C, and has also held positions at the Robotics Institute of Carnegie Mellon University, as a Research Scientist at the CS Laboratory of Helsinki University of Technology, and a research fellow at the Nokia Research Center in Cambridge, MA, and as a Principal Technologist at Amazon Web Services.
His work includes a frame-based Knowledge Representation system (dubbed ""SCAM"") that he developed (first at HUT and later at CMU) and which flew on board the NASA Deep Space 1 probe that passed the asteroid belt in 1999. The system served as the KR substrate for an on-board planner used in an experiment to have the probe perform its functions autonomously.
In 1989, Lassila won the Best of Show at the International Obfuscated C Code Contest.

",4264,"2007-03-25T01:37:48Z",2007,NA,1555,2,1
"Q7101544","Oren Etzioni","male","American businessman",1964,5,"1950-69","male","Oren Etzioni (born 1964) is Professor Emeritus of Computer Science at the University of Washington and founding CEO of the Allen Institute for Artificial Intelligence (AI2). Etzioni co-founded Vercept, an AI startup acquired by Anthropic in February 2026. He also founded and led TrueMedia.org, a nonprofit that operated an online service for detecting political deepfakes; in January 2025, the organization announced that it would shut down the service and release its technology as open source. He is also the Founder and Technical Director of the AI2 Incubator and a venture partner at the Madrona Venture Group.

",27994,"2013-02-23T21:43:58Z",2013,49,10530,2,1
"Q26849480","Rineke Verbrugge","female","university teacher",1965,3,"1950-69","female","Laurina Christina (Rineke) Verbrugge (born 12 March 1965 in Amsterdam) is a Dutch logician and computer scientist known for her work on interpretability logic and provability logic.  She completed her PhD at the University of Amsterdam in 1993 under the supervision of Dick de Jongh, Anne Troelstra, and Albert Visser.
She holds the chair of Logic and Cognition at the University of Groningen's Bernoulli Institute of Mathematics, Computer Science and Artificial Intelligence, where she has been the leader of the Multi-Agent Systems working group since 2002.  
She is particularly known for her work connecting formal logic to cognition and developmental psychology and the role of logic in explaining social behaviour.
From 2005 to 2021, she was the President (voorzitter) of the Nederlandse Vereniging voor Logica & Wijsbegeerte der Exacte Wetenschappen (VvL; Dutch Association for Logic and Philosophy of the Exact Sciences). In 2021, she was elected a member of the Royal Netherlands Academy of Arts and Sciences (KNAW).
Verbrugge is an associate editor of the Journal of Logic, Language and Information.",4985,"2022-08-25T12:08:50Z",2022,57,393,0,0
"Q26924589","Eduard Hovy","male","computational linguist, Carnegie Mellon University",NA,1,"unknown","male","Eduard Hovy is a Research Professor in the Language Technologies Institute at Carnegie Mellon University. He is one of the original 17 Fellows of the Association for Computational Linguistics.

",2154,"2016-09-13T15:54:28Z",2016,NA,1045,0,0
"Q26924676","Anthony Levandowski","male","French-American automobile engineer (born 1980)",1980,4,"1970-89","male","Anthony Levandowski (born March 15, 1980) is a French-American, self-proclaimed self-driving car engineer. In 2009, Levandowski co-founded Google's self-driving car program, known as Waymo, and was a technical lead until 2016. In 2010, he co-founded Google X along with Yoky Matsuoka and Sebastian Thrun. In 2016, he co-founded and sold Otto, an autonomous trucking company, to Uber Technologies.  In 2018, he co-founded the autonomous trucking company Pronto; the first self-driving technology company to complete a cross-country drive in an autonomous vehicle in October 2018. At the 2019 AV Summit hosted by The Information, Levandowski remarked that a fundamental breakthrough in artificial intelligence is needed to move autonomous vehicle technology forward.
In 2019, Levandowski was indicted on 33 federal charges of theft of self-driving car trade secrets. In August 2020, Levandowski pleaded guilty to one of the 33 charges, and was sentenced to 18 months in prison. He was pardoned less than six months later on January 20, 2021, the last day of Donald Trump's first presidential term. In September, 2021 Levandowski rejoined Pronto as CEO; subsequently announcing the company's new offroad autonomous division.",38376,"2016-09-14T08:13:17Z",2016,36,72590,2,2
"Q27524026","Jose Camacho-Collados","male","chess player and researcher, Cardiff University",1988,2,"1970-89","male","Jose Camacho-Collados is a Spanish chess player and professor at Cardiff University in the School of Computer Science and Informatics, an International Master of chess and the reigning Welsh Chess Champion., winning in 2022, 2025, and 2026.",4836,"2025-06-12T20:46:34Z",2025,37,834,0,0
"Q27576279","Kriti Sharma","female","artificial intelligence technologist",1988,5,"1970-89","female","Kriti Sharma (born April 1988) is an artificial intelligence technologist, business executive and humanitarian. As of 2018, she is the vice president of artificial intelligence and ethics at UK software company Sage Group. Sharma is  the founder of AI for Good UK, which works to make artificial intelligence tools more ethical and equitable. Sharma has been named to Forbes magazine's 30 Under 30 Europe: Technology list, and appointed as a United Nations Young Leader. In 2018, she was appointed as an advisor to the UK's Department for Digital, Culture, Media and Sport. Sharma's initiatives include Pegg, an accounting chatbot, and rAInbow, a platform to support survivors of domestic violence. She has called for a philosophy of ""embracing botness"", arguing that artificial intelligence should prioritize utility over human resemblance.",19518,"2016-10-26T10:38:42Z",2016,28,3946,0,0
"Q27689128","Fabio Rinaldi","male","computational linguist",2000,1,"1990+","male","Fabio Rinaldi is head of NLP research at IDSIA, Switzerland. He earned his PhD in Computational Linguistics from the University of Zurich, Switzerland in 2008. He continued to work at the University of Zurich as a lecturer, senior researcher and group leader until 2020.
Currently, Rinaldi is the leader of the NLP group  at the Dalle Molle Institute for Artificial Intelligence (Lugano, Switzerland). He is also a group leader at the Swiss Institute of Bioinformatics (SIB), and a visiting fellow at the Fondazione Bruno Kessler.
From 2015 to 2019 he was a visiting scientist at the Center for Genomic Sciences  (UNAM, Mexico), where he collaborated with the RegulonDB group.
He is the initiator and team leader of the (former) OntoGene research group, which focuses on Text Mining for biomedical applications.
Rinaldi is an active contributor to the field of biomedical text mining. 

",4211,"2016-07-23T21:49:01Z",2016,16,716,0,0
"Q27733777","Bidyut Baran Chaudhuri","male","Indian computer scientist",1950,3,"1950-69","male","Bidyut Baran Chaudhuri (B. B. Chauduri) is a senior computer scientist and an emeritus professor of Techno India University in West Bengal, India. He is also adjuncted to Indian Statistical Institute, where he was a professor for about three decades. He was the founding Head of Computer Vision and Pattern Recognition Unit (which was established in 1994) of ISI. Moreover, he was a J.C. Bose Fellow and Indian National Academy of Engineering Distinguished Professor at ISI.
He was the vice-president of the Society for Natural Language Technology Research (SNLTR).
His primary research contributes to the fields of computer vision, image processing and pattern recognition. He is a pioneer of ""Indian language script OCR"".",8345,"2015-12-21T11:58:34Z",2015,65,1123,0,0
"Q40463077","Emilio Ferrara","male","machine learning researcher",NA,1,"unknown","male","Emilio Ferrara is an Italian-American computer scientist, researcher, and professor in the field of data science and social networks. As of 2022, he serves as a Full Professor at the University of Southern California (USC), in the Viterbi School of Engineering and USC Annenberg School for Communication, where he conducts research on computational social science, network science, and machine learning. Ferrara is known for his work in the detection of social bots and the analysis of misinformation on social media platforms.",19040,"2023-03-28T07:03:36Z",2023,NA,1626,0,0
"Q40572947","Kasper Hornbæk","male","researcher, DIKU, University of Copenhagen",1972,1,"1970-89","male","Kasper Hornbæk is a professor of computer science at the University of Copenhagen. He was inducted into the CHI Academy in 2020.
Kasper Hornbæk received both his M.Sc. as well as his Ph.D. in computer science from the University of Copenhagen. He is best known for his work on usability in human-computer interaction.
He is section head of the Human Centered Computing group at the UCPH Department of Computer Science.
In 2020 he was inducted into the CHI Academy.",2304,"2020-04-21T15:16:07Z",2020,48,573,0,0
"Q41241224","Rumman Chowdhury","female","US data scientist, AI specialist",1980,11,"1970-89","female","Rumman Chowdhury (b. April 1980) is a Bangladeshi American data scientist, a business founder, and former responsible artificial intelligence lead at Accenture. She was born in Rockland County, New York. She is recognized for her contributions to the field of data science.
Chowdhury's engagement with science was motivated by her enthusiasm for science fiction, a passion that stimulated her curiosity, often attributed to the ""Dana Scully Effect."" According to Chowdhury, this laid the foundation for her future endeavors.

",12244,"2018-11-21T00:14:27Z",2018,38,10668,0,0
"Q41535348","Jie Lu","female","Australian computer scientist",1957,2,"1950-69","female","Jie Lu  is a scientist in the area of computational intelligence and Distinguished Professor at the University of Technology Sydney.
In 2000, Lu earned her PhD from Curtin University in Perth.
She made fundamental contributions in the areas of fuzzy transfer learning, concept drift, data-driven decision support systems, and recommender systems.
From 2004 to 2006, she was associate professor, since 2007 she has a full professorship in the Faculty of Engineering and Information Technology at the University of Technology.
In September 2019 she was awarded with the Australian Laureate Fellowship.
Lu is editor-in-chief of the journal Knowledge-Based Systems published by Elsevier.
Lu was appointed an Officer of the Order of Australia in the 2023 Australia Day Honours, recognising her contribution to engineering, computer science and artificial intelligence.",3258,"2021-05-13T19:10:28Z",2021,64,1033,0,0
"Q41616114","Vivienne Ming","trans woman","American theoretical neuroscientist and LGBT activist",1971,3,"1970-89","other/non-binary","Vivienne L'Ecuyer Ming (born Evan Campbell Smith; October 19, 1971) is an American theoretical neuroscientist and artificial intelligence expert. She was named as one of the BBC 100 Women in 2017, and as one of the Financial Times' ""LGBT leaders and allies today"".",11180,"2018-12-11T23:49:46Z",2018,47,10531,0,0
"Q41800161","Ajay Agrawal","male","Canadian economist",1969,2,"1950-69","male","Ajay K. Agrawal  works at the University of Toronto's Rotman School of Management as the Geoffrey Taber Chair in Entrepreneurship and Innovation as well as the Professor of Strategic Management.
Agrawal co-founded NEXT Canada, previously The Next 36 in 2010. He founded the Creative Destruction Lab in 2012 at the University of Toronto. Agrawal is co-founder of an annual conference, held at the University of Toronto, ""Machine Learning and the Market for Intelligence."" Agrawal is a co-author of the books Power and Prediction: The Disruptive Economics of Artificial Intelligence (released in 2022), and Prediction Machines: The Simple Economics of Artificial Intelligence (released in April 2018).",9537,"2018-02-05T23:54:43Z",2018,49,4889,0,0
"Q41803891","Carla Gomes","female","Portuguese-American computer scientist",NA,6,"unknown","female","Carla Pedro Gomes is a Portuguese-American computer scientist and professor at Cornell University. She is the founding Director of the Institute for Computational Sustainability and is noted for her pioneering work in developing computational methods to address challenges in sustainability. She has conducted research in a variety of areas of artificial intelligence and computer science, including constraint reasoning, mathematical optimization, and randomization techniques for exact search methods, algorithm selection, multi-agent systems, and game theory. Her work in computational sustainability includes ecological conservation, rural resource mapping, and pattern recognition for material science.",9085,"2017-10-11T22:32:43Z",2017,NA,1665,2,3
"Q42009184","Tamara G. Kolda","female","American applied mathematician",NA,3,"unknown","female","Tamara G. Kolda is an American applied mathematician and former Distinguished Member of Technical Staff at Sandia National Laboratories. She is noted for her contributions in computational science, multilinear algebra, data mining, graph algorithms, mathematical optimization, parallel computing, and software engineering.",8180,"2017-10-15T05:01:31Z",2017,NA,2117,0,0
"Q42313286","Marina Vannucci","female","Italian-American statistician",1966,1,"1950-69","female","Marina Vannucci (born 1966) is an Italian statistician, the Noah Harding Professor and Chair of Statistics at Rice University, the past president of the International Society for Bayesian Analysis, and the former editor-in-chief of Bayesian Analysis. Topics in her research include wavelets, feature selection, and cluster analysis in Bayesian statistics.",5299,"2017-10-25T04:08:54Z",2017,51,423,0,0
"Q42792019","Markus Reichstein","male","researcher",1972,3,"1970-89","male","Markus Reichstein is a German biogeochemist, artificial intelligence researcher and University of Jena professor. He is a fellow of the European Laboratory for Learning and Intelligent Systems and the American Geophysical Union. He won a Leibniz Prize in 2020.",1161,"2026-07-31T23:22:40Z",2026,54,77,0,0
"Q29342367","Yuhui Shi","male","Chinese electrical engineer",1964,2,"1950-69","male","Yuhui Shi is a pioneer in particle swarm optimization algorithms and the developer of brain storm optimization algorithms. He was an electrical engineer from Xi'an Jiaotong-Liverpool University in Suzhou, China, where he was named a Fellow of the Institute of Electrical and Electronics Engineers (IEEE) in 2016 for his contributions to particle swarm optimization algorithms. He earned his PhD in electrical engineering from Southeast University, Nanjing, China in 1992, and was trained as a Post Doc Fellow at Concordia University under Canadian International Development Agency joint doctoral program, initiated by Prof. Jeremiah F. Hayes et al. He organized the first IEEE Symposium on Swarm Intelligence in 2003, and established the IEEE CIS (Computational Intelligence Society) Task Force on Swarm Intelligence in 2002, when he co-authored a book with James Kennedy (social psychologist) and Russell C. Eberhart. He is a Chair Professor in the Department of Computer Science and Engineering, Southern University of Science and Technology (SUSTech), Shenzhen, China, where he invited Prof. Jun (Steed) Huang, from the Joint Institutes of Carleton University and the University of Ottawa, for a collaboration on swarm intelligence robotics.",2416,"2017-04-10T08:31:44Z",2017,53,426,1,1
"Q29342365","Osvaldo Simeone","male","researcher",1977,1,"1970-89","male","Osvaldo Simeone is a Professor of Information Engineering at Northeastern University London, where he co-directs the Institute for Intelligent Networked Systems (INSI), and a visiting Professor with the Connectivity section at Aalborg University. He received an M.Sc. degree (with honors) and a Ph.D. degree in information engineering from the Politecnico di Milano, Italy, in 2001 and 2005, respectively. He was previously with King's College London and with the New Jersey Institute of Technology (NJIT) in Newark.
Simeone's research interests include wireless communications, information theory, optimization, and machine learning. Dr. Simeone is a co-recipient of the 2017 JCN Best Paper Award, the 2015 IEEE Communications Society Best Tutorial Paper Award, and of the Best Paper Awards of IEEE SPAWC 2007 and IEEE WRECOM 2007.
Simeone currently serves as an Editor for IEEE Transactions on Information Theory. Dr Simeone is a co-author of a monograph, an edited book published by Cambridge University Press, and more than one hundred research journal papers. He was named a Fellow of the Institute of Electrical and Electronics Engineers (IEEE) in 2016 for his contributions to cooperative cellular systems and cognitive radio networks.",3063,"2017-04-10T08:33:10Z",2017,40,862,0,0
"Q29342368","Weisong Shi","male","computer scientist",NA,1,"unknown","male","Weisong Shi (Chinese: 施巍松) is a Chinese-American computer scientist, known for research in edge computing and autonomous driving.  He is currently an Alumni Distinguished Professor and Department Chair of Computer and Information Sciences at University of Delaware in Newark, Delaware, where he leads the Connected and Autonomous Research (CAR) Laboratory. He is an expert in Edge Computing and Autonomous Vehicles (a.k.a. self-driving car).  He was named a IEEE Fellow in 2016 for his contributions to distributed systems and Internet computing. He is the editor-in-chief of IEEE Internet Computing Magazine and the inaugural editor-in-chief of Elsevier Smart Health.",10507,"2017-04-10T08:31:11Z",2017,NA,989,0,0
"Q29351163","Moshe Tennenholtz","male","Israeli computer scientist",1960,2,"1950-69","male","Moshe Tennenholtz (Hebrew: משה טננהולץ) is an Israeli computer scientist and professor with the faculty of Data and Decision Sciences at the Technion – Israel Institute of Technology, where he holds the Sondheimer Technion Academic Chair.",4587,"2017-04-11T18:43:39Z",2017,57,653,0,0
"Q29359042","Puneet Sharma","male","Indian computer scientist",1950,2,"1950-69","male","Puneet Sharma is the director of the Networking & Distributed Systems lab at Hewlett Packard Labs, where he is also an HPE Fellow and vice-president. He started his career as a research scientist at HP Labs in September 1998.",4541,"2017-04-12T08:38:26Z",2017,67,1331,0,0
"Q29359053","Stefan Schaal","male","German roboticist (born 1961)",NA,1,"unknown","male","Stefan Schaal (born 1961) is a German-American computer scientist specializing in robotics, machine learning, autonomous systems, and computational neuroscience.

",7102,"2017-04-12T08:34:17Z",2017,NA,1460,1,2
"Q29359854","René Vidal (engineer)","male","Chilean electrical engineer wnd computer scientist",1974,1,"1970-89","male","René Vidal (born 1974) is a Chilean electrical engineer and computer scientist who is known for his research in machine learning, computer vision, medical image computing, robotics, and control theory. He is the Rachleff University Professor at the University of Pennsylvania, with joint appointments in the Department of Electrical and Systems Engineering in the School of Engineering and Applied Science and the Department of Radiology in the Perelman School of Medicine. He is also the founding director of the Center for Innovation in Data Engineering and Science (IDEAS).",14468,"2017-04-12T09:01:47Z",2017,43,347,0,0
"Q29387125","Hani Hagras","male","researcher",NA,1,"unknown","male","Hani Hagras is a computer scientist and professor from the University of Essex, Colchester, UK was named Fellow of the Institute of Electrical and Electronics Engineers (IEEE) in 2013 for contributions to fuzzy systems in particular for his work on Type-2 fuzzy sets and systems. He is also a Fellow of the IET and a Principal Fellow of the Higher Education Academy (PFHEA), an award issued by Advance HE. Prof. Hagras is Chair of the Centre for Computational Intelligence (C4CI), and co-chair of the Artificial Intelligence Research Group at the University of Essex. He is also Chief Scientific Officer at Temenos AG.
Prof. Hagras research on Type-2 fuzzy sets and systems and Explainable Artificial Intelligence has been funded by Innovate UK, European Commission, the UK Department of Trade and Industry (DTI), UK Technology Strategy Board (TSB), UK Engineering and Physical Sciences Research Council (EPSRC), UK Economics and Social Sciences Research Council (ESRC), the Higher Education Funding Council for England (HEFCE), the German Federal Ministry of Education and Research (IB-BMBF), the Taiwan National Science Foundation, Korea-UK Science and Technology fund and industrial corporations. He has also served as Program Chair for international conferences such as IEEE Conference on Fuzzy Systems and serves as associate editor on top journals on the Area of Fuzzy Systems, Artificial Intelligence, Robotics, and Ambient Computing.
He has published over 300 peer-review articles and has an h-index of 52.",3055,"2017-04-14T05:29:36Z",2017,NA,600,0,0
"Q29387426","Daniel Palomar","male","researcher ORCID ID = 0000-0001-5250-4874",NA,1,"unknown","male","Daniel Palomar is an electrical engineer at the Hong Kong University of Science and Technology (HKUST), in Clear Water Bay, Hong Kong. He was named a Fellow of the Institute of Electrical and Electronics Engineers (IEEE) in 2013 for his contributions to convex optimization-based signal processing for communications.",1988,"2017-04-14T06:06:33Z",2017,NA,611,0,0
"Q29447368","Sandra Zilles","female","Canadian computer scientist",1976,2,"1970-89","female","Sandra Zilles is a German and Canadian computer scientist, the Canada Research Chair in Computational Learning Theory at the University of Regina. Her research area encompasses machine learning and computational learning theory.",3636,"2017-03-13T00:49:15Z",2017,41,513,0,0
"Q29452878","Dipankar Dasgupta","male","Ph.D. University of Strathclyde 1994",1958,1,"1950-69","male","Dipankar Dasgupta is a computer science professor at the University of Memphis, Tennessee. Dasgupta was named a Fellow of the Institute of Electrical and Electronics Engineers (IEEE) in 2015 for his contributions to immunological computation and bio-inspired cyber security.",1058,"2017-04-08T08:43:35Z",2017,59,339,0,0
"Q7129217","Pamela McCorduck","female","American writer (1940–2021)",1940,6,"pre-1950","female","Pamela Ann McCorduck (October 27, 1940 – October 18, 2021) was a British-born American author of books about the history and philosophical significance of artificial intelligence, the future of engineering, and the role of women and technology. She also wrote three novels. She contributed to Omni, The New York Times, Daedalus, and the Michigan Quarterly Review, and was a contributing editor of Wired. She was a former vice president of the PEN American Center. She was married to computer scientist and academic Joseph F. Traub.

",13509,"2008-12-31T21:05:21Z",2008,68,3408,1,2
"Q7129707","Pan Yunhe","male","Chinese engineer",1946,2,"pre-1950","male","Pan Yunhe (Chinese: 潘云鹤; born November 4, 1946) is a Chinese specialist in artificial intelligence and geographic information systems. He served as President of Zhejiang University and Vice President of the Chinese Academy of Engineering.",4465,"2006-07-14T12:54:23Z",2006,60,579,0,0
"Q7151488","Paul J. Gemperline","male","American analytical chemist and chemometrician",1955,1,"1950-69","male","Paul J. Gemperline (born 1955) is an American analytical chemist and chemometrician. He is a Distinguished Professor of Chemistry at East Carolina University (ECU) located in Greenville, North Carolina and has been the recipient of several scientific awards, including the 2003 Eastern Analytical Symposium Award in Chemometrics. He is author of more than 60 publications in the field of chemometrics. Dr. Gemperline served as Dean of the Graduate School at ECU from 2008 to 2022. He retired from ECU June 30, 2022 and is now professor emeritus.",18285,"2011-01-09T05:25:30Z",2011,56,429,0,0
"Q7173587","Peter Dayan","male","computational neuroscience researcher",1965,2,"1950-69","male","Peter Dayan  is a British neuroscientist and computer scientist who is director at the Max Planck Institute for Biological Cybernetics in Tübingen, Germany. He has pioneered the field of reinforcement learning (RL) where he and his colleagues proposed that dopamine signals reward prediction error, and  helped develop the Q-learning algorithm. He is co-author of Theoretical Neuroscience, an influential textbook on computational neuroscience. He is also known for applying Bayesian methods from machine learning and artificial intelligence to understand neural function,  and is particularly recognized for relating neurotransmitter levels to prediction errors and Bayesian uncertainties. He made contributions to unsupervised learning, including the wake-sleep algorithm for neural networks and the Helmholtz machine.",9250,"2006-07-24T17:34:13Z",2006,41,13527,5,4
"Q7173787","Peter E. Hart","male","American computer scientist",1941,4,"pre-1950","male","Peter Elliot Hart (born February 17, 1941) is an American computer scientist and entrepreneur. He was chairman and president of Ricoh Innovations, which he founded in 1997. He made significant contributions in the field of computer science in a series of widely cited publications from the years 1967 to 1975 while associated with the Artificial Intelligence Center of SRI International, a laboratory where he also served as director.",7225,"2007-06-22T13:20:00Z",2007,66,2756,0,1
"Q7174005","Peter Flach","male","Dutch computer scientist",1961,2,"1950-69","male","Pieter ""Peter"" Adriaan Flach (born 8 April 1961, Sneek) is a Dutch computer scientist and a Professor of Artificial Intelligence in the Department of Computer Science at the University of Bristol. He is author of the acclaimed Simply Logical: Intelligent Reasoning by Example (John Wiley, 1994) and Machine Learning: the Art and Science of Algorithms that Make Sense of Data (Cambridge University Press, 2012).

",3337,"2007-03-30T14:33:50Z",2007,46,927,0,0
"Q21055946","Sara van de Geer","female","Dutch statistician",1958,15,"1950-69","female","Sara Anna van de Geer (born 7 May 1958 in Leiden) is a Dutch mathematical statistician who is a professor in the department of mathematics at ETH Zurich. Her main research areas include empirical process theory, statistical learning theory, and nonparametric and high-dimensional statistics. She is the daughter of psychologist John P. van de Geer.",13434,"2015-10-03T00:15:17Z",2015,57,2173,1,1
"Q21066874","Pedro Domingos","male","professor of machine learning",1965,5,"1950-69","male","Pedro Domingos (born 1965) is a Professor Emeritus of computer science and engineering at the University of Washington. He is a researcher in machine learning known for Markov logic network enabling uncertain inference.",7685,"2015-09-12T03:36:55Z",2015,50,13194,0,0
"Q21174031","Jonny Holmström","male","Swedish professor",1968,1,"1950-69","male","Jonny Holmström is a Swedish professor of Informatics at Umeå University and director and co-founder of Swedish Center for Digital Innovation.",10304,"2015-09-23T11:41:54Z",2015,47,538,0,0
"Q21253986","Ann Nowé","female","Belgian computer scientist",1966,2,"1950-69","female","Ann Nowé is a Belgian computer scientist whose research topics in artificial intelligence have included reinforcement learning, multi-agent systems, artificial life, and microarray analysis techniques. She is a professor at Vrije Universiteit Brussel, affiliated both with the Computer Science Department in the Faculty of Sciences and the Computer Science group of the Faculty of Engineering. She heads the university's artificial intelligence laboratory.",2792,"2024-01-18T00:28:16Z",2024,58,428,0,0
"Q21255170","Barbara Hammer (computer scientist)","female","German computer scientist and professor",1970,2,"1970-89","female","Barbara Hammer (born 1970) is a German computer scientist specializing in machine learning including recursive neural networks, incremental learning, and concept drift. She is professor for machine learning in the Center for Cognitive Interaction Technology (CITEC) and Faculty of Technology of Bielefeld University, where she heads the Machine Learning Group (HammerLab).

",2690,"2026-09-17T19:49:16Z",2026,56,77,0,0
"Q21264745","Susanne Biundo-Stephan","female","German computer scientist",1955,2,"1950-69","female","Susanne Biundo-Stephan (born 1955) is a retired German computer scientist, and a professor of computer science at the University of Ulm. Her research concerns automated planning and scheduling in artificial intelligence.

",2594,"2024-01-02T19:52:29Z",2024,69,193,0,0
"Q21504196","Daniela Witten","female","American biostatistician",2000,5,"1990+","female","Daniela M. Witten is an American biostatistician. She is a professor and the Dorothy Gilford Endowed Chair of Mathematical Statistics at the University of Washington. Her research investigates the use of machine learning to understand high-dimensional data.",14618,"2018-08-28T21:20:28Z",2018,18,24522,0,0
"Q21572913","Nikolaus Correll","male","German roboticist and researcher",1977,4,"1970-89","male","Nikolaus Correll (born 1977 in Munich, Germany) is a roboticist and a professor at the University of Notre Dame where he holds the Viola D. Hank Chair in Aerospace and Mechanical Engineering, and an adoint professor at the University of Colorado at Boulder in the Department of Computer Science. Correll has been the founder and CTO of Robotic Materials Inc.",8841,"2015-11-09T22:33:39Z",2015,38,1317,0,0
"Q21684391","John Nerbonne","male","American computational linguist",1951,1,"1950-69","male","John A. Nerbonne (born October 5, 1951) is an American computational linguist. He was a professor of humanities computing at the University of Groningen until January 2017, when he gave his valedictory address at the celebration of the 30th anniversary of his department there.

",7386,"2017-01-27T10:37:46Z",2017,66,657,0,1
"Q21712134","Ilya Sutskever","male","Canadian-Israeli AI researcher",1986,25,"1970-89","male","Ilya Sutskever (Hebrew: איליה סוצקבר; born 1986) is a Soviet-born Israeli-Canadian computer scientist who specializes in machine learning. He has made several major contributions to the field of deep learning, including sequence-to-sequence learning, reasoning models, GPT models, and contributions to CLIP, DALL-E, and AlphaGo. With Alex Krizhevsky and Geoffrey Hinton, he co-created AlexNet, a convolutional neural network. One of the most highly cited computer scientists in history, he has won the NeurIPS Test of Time Award for his lasting impact on AI research three times in a row (2022–2024) and received the National Academy of Sciences Award for the Industrial Application of Science in 2026.
Sutskever co-founded OpenAI, where he served as chief scientist, overseeing the research breakthroughs that led to large language models and the launch of ChatGPT. He also led the research that led to reasoning models such as o1. In 2023, he was one of the members of OpenAI's board that ousted Sam Altman as its CEO; Altman was reinstated a week later, and Sutskever stepped down from the board. In June 2024, Sutskever co-founded the company Safe Superintelligence Inc., alongside Daniel Gross and Daniel Levy. Within a year, the company was valued at more than $30 billion.",34935,"2016-07-17T21:35:50Z",2016,30,797886,44,41
"Q59800146","Suchi Saria","female","scientist, machine learning, Johns Hopkins",1985,3,"1970-89","female","Suchi Saria is an Associate Professor of Machine Learning and Healthcare at Johns Hopkins University, where she uses big data to improve patient outcomes. She is a World Economic Forum Young Global Leader. From 2022 to 2023, she was an investment partner at AIX Ventures. AIX Ventures is a venture capital fund that invests in artificial intelligence startups.",13111,"2018-12-16T22:04:22Z",2018,33,4479,1,2
"Q59828288","Tuomas Sandholm","male","artificial intelligence researcher, CMU",NA,4,"unknown","male","Tuomas Sandholm is the Angel Jordan University Professor of Computer Science at Carnegie Mellon University and a serial entrepreneur with a research focus on the intersection of artificial intelligence, economics, and operations research.",5216,"2023-10-19T21:53:54Z",2023,NA,10034,1,0
"Q60023075","Silvia Ferrari","female","mechanical and aerospace engineer",1973,2,"1970-89","female","Silvia Ferrari is an Italian-American aerospace engineer. She is John Brancaccio Professor at the Sibley School of Mechanical and Aerospace Engineering at Cornell University and also the director of the Laboratory for Intelligent Systems and Control (LISC) at the same university.",14960,"2019-12-19T13:03:20Z",2019,46,1767,0,0
"Q60161917","Verity Harding","female","English artificial intelligence ethicist",1984,1,"1970-89","female","Verity Harding is a British executive specialising in artificial intelligence policy and technology governance. She is a published author of AI Needs You, Princeton University Press and Director of the AI and Geopolitics Project (AIxGEO) at the Bennett Institute of Public Policy, University of Cambridge. Harding is also Founder of Formation Advisory Ltd, a bespoke AI consultancy. She was named Time100's most influential people in AI 2023.
Her previous roles include the first Global Head of Policy at DeepMind, Head of Security Policy at Google and Special Adviser to former Deputy Prime Minister of the United Kingdom, Nick Clegg.",8602,"2018-12-25T16:17:20Z",2018,34,4015,0,0
"Q60177418","Aaron Roth","male","computer and information scientist",1984,1,"1970-89","male","Aaron Roth is an American computer scientist. He is the Henry Salvatori Professor of Computer and Cognitive Science at the University of Pennsylvania.",5236,"2023-01-05T23:13:01Z",2023,39,4047,1,1
"Q60191593","Tamara Broderick","female","scientist",NA,2,"unknown","female","Tamara Ann Broderick is an American computer scientist at the Massachusetts Institute of Technology. She works on machine learning and Bayesian inference.

",12387,"2018-12-27T21:55:50Z",2018,NA,2253,1,1
"Q60191735","Marina Jirotka","female","professor at the University of Oxford",NA,2,"unknown","female","Marina Denise Anne Jirotka is professor of human-centered computing at the University of Oxford, director of the Responsible Technology Institute, governing body fellow at St Cross College, board member of the Society for Computers and Law and a research associate at the Oxford Internet Institute. She leads a team that works on responsible innovation, in a range of ICT fields including robotics, AI, machine learning, quantum computing, social media and the digital economy. She is known for her work with Alan Winfield on the 'Ethical Black Box'. A proposal that robots using AI should be fitted with a type of inflight recorder, similar to those used by aircraft, to track the decisions and actions of the AI when operating in an uncontrolled environment and to aid in post-accident investigations.",13571,"2018-12-27T21:47:45Z",2018,NA,669,0,0
"Q60215473","Charles Lee Isbell Jr.","male","American computationalist, researcher, and educator",1968,3,"1950-69","male","Charles Lee Isbell Jr. (born December 18, 1968) is an American computer scientist who has been the 11th chancellor of the University of Illinois Urbana-Champaign since August 2025.
Isbell joined the faculty of the Georgia Institute of Technology College of Computing in 2002 and served as the dean of the College of Computing from July 2019 to July 2023. He served as provost and vice chancellor for academic affairs at the University of Wisconsin–Madison from August 2023 to June 2025.
Isbell's research interests focus on machine learning and artificial intelligence, particularly interactive and human-centered AI. He has published about 100 scientific papers.",11781,"2018-12-28T15:21:27Z",2018,50,13097,2,1
"Q60240812","Daniel Cremers","male","German computer scientist",1971,3,"1970-89","male","Daniel Cremers (born 1971) is a German computer scientist, Professor of Informatics and Mathematics and Chair of Computer Vision & Artificial Intelligence at the Technical University of Munich. His research foci are computer vision, mathematical image, partial differential equations, convex and combinatorial optimization, machine learning and statistical inference.",6148,"2020-03-07T01:27:57Z",2020,49,2049,0,0
"Q60393534","Joaquim Jorge (computer scientist)","male","computer scientist",1959,3,"1950-69","male","Joaquim Armando Pires Jorge is a Portuguese computer scientist whose work spans virtual reality, computer graphics, human–computer interaction, and artificial intelligence. He holds the UNESCO Chair on Artificial Intelligence and Extended Reality. He is a University Professor in the Department of Computer Science and Engineering at Instituto Superior Técnico, University of Lisbon, and a senior researcher at INESC-ID.
Jorge was voted President-Elect of the IEEE Computer Society for 2026 and will serve as the Society's President in 2027. He has served as an elected member of the IEEE Computer Society Board of Governors since 2023. He is an adjunct professor at Victoria University of Wellington (since 2022) and an honorary invited professor at the Pontifical Catholic University of Rio de Janeiro (since 2022).
He is a Fellow of the Eurographics Association, an ACM Distinguished Member, a Distinguished Visitor and Distinguished Contributor of the Institute of Electrical and Electronics Engineers (IEEE), and a Membre Libre of the Académie nationale de chirurgie (French National Academy of Surgery). He serves as Editor-in-Chief of the Elsevier journal Computers & Graphics.

",11785,"2023-07-11T13:54:48Z",2023,64,895,0,0
"Q60649424","Noor Shaker","female","Syrian-Danish computer scientist and entrepreneur",1983,10,"1970-89","female","Noor Shaker (Arabic: نور شاكر) is a Syrian British entrepreneur and computer scientist specializing in the application of artificial intelligence to drug discovery and medical diagnostics. She is the founder and CEO of SpatialX, a company applying AI to pathology to improve cancer diagnostics. Previously, she co-founded the AI for drug discovery start-up Glamorous AI. Glamorous AI was acquired by the US-based company X-Chem in Nov 2021. Before Glamorous AI, Noor founded the drug discovery start-up GTN Ltd and was CEO for more than two years. In 2018, she received a CogX UK Rising Star Award from Prime Minister Theresa May for ""AI technology that will transform drug discovery to treat chronic diseases"".",12929,"2018-11-09T15:10:50Z",2018,35,1414,0,0
"Q60735386","Boi Faltings","male","Swiss professor of artificial intelligence",1960,1,"1950-69","male","Boi Volkert Faltings (born April 10, 1960) is a Swiss professor of artificial intelligence at École Polytechnique Fédérale de Lausanne.

",9552,"2018-11-27T13:06:25Z",2018,58,1317,1,1
"Q60740709","Meredith Broussard","female","data journalism professor",NA,6,"unknown","female","Meredith Broussard is a data journalism professor at the Arthur L. Carter Journalism Institute at New York University. Her research focuses on the role of artificial intelligence in journalism.",11177,"2018-02-05T15:02:29Z",2018,NA,3047,0,0
"Q7174849","Peter J. Bentley","male","British author and computer scientist",1972,3,"1970-89","male","Prof Peter John Bentley (born 16 May 1972) is a British author and computer scientist based at University College London.
Peter J. Bentley is Professor of Digital Biology at UCL, a visiting professor at Autodesk and a collaborating professor at KAIST. He is also a popular science author and consultant. He was a contributing editor for WIRED UK and was the monthly host of the Royal Institution's café scientifique. He currently writes for BBC Science Focus magazine.

",12273,"2008-09-13T13:29:58Z",2008,36,1217,0,2
"Q7174866","Peter J. Fleming","male","Professor of Industrial Systems",NA,2,"unknown","male","Peter John Fleming is an American engineer who is a professor of Industrial Systems and Control in the Department of Automatic Control and Systems Engineering at the University of Sheffield, and till June 2012 he was the director of the Rolls-Royce University Technology Centre for Control and Systems Engineering. He works in the field of control and systems engineering and is known for his work on evolutionary computation applied to systems engineering. Fleming is Editor-in-Chief of the International Journal of Systems Science.

",4307,"2012-02-24T04:08:24Z",2012,NA,596,1,0
"Q7174922","Peter Jackson (scientist)","male","Chief Scientist and head of R&D at Thomson Reuters",1948,2,"pre-1950","male","Peter Eric Jackson (1949, Bridgetown, Barbados – August 3, 2011, Burnsville, Minnesota) was the chief scientist and head of research and development at Thomson Reuters. 

",2721,"2011-08-14T21:09:11Z",2011,63,340,0,0
"Q7175401","Peter Lee (computer scientist)","male","computer scientist, Microsoft",1960,4,"1950-69","male","Peter Lee (born November 30, 1960) is an American computer scientist. He is President and head of Microsoft Research. Previously, he was  the head of the Transformational Convergence Technology Office of the Defense Advanced Research Projects Agency and the chair of the Computer Science Department at Carnegie Mellon University. His research focuses on software security and reliability.
Lee received his PhD degree from the University of Michigan in May 1987 with thesis titled The automatic generation of realistic compilers from high-level semantic descriptions. He is a Fellow of the Association for Computing Machinery.

",3898,"2011-01-05T10:28:03Z",2011,51,5252,1,0
"Q7176068","Peter Nelson (researcher)","male","American artificial intelligence researcher",NA,1,"unknown","male","Peter C. Nelson is an American artificial intelligence researcher and computer science professor at the University of Illinois at Chicago, and as of 2008 he has been the dean of the College of Engineering. Prior to assuming his deanship, he was head of the UIC Department of Computer Science. He received his B.A. in Computer Science and Mathematics from North Park University in 1984, and subsequently completed both his M.S. in computer science from in 1986 and his Ph.D. in computer science in 1988 from Northwestern University.
UIC's Artificial Intelligence Laboratory, which he founded in 1991, has completed numerous projects in fields such as transportation, manufacturing, bioinformatics, e-mail spam countermeasures, and high-availability computer clusters facilitated by concurrent development of applied intelligence systems and heuristic search algorithms.
He has published over 75 scientific peer-reviewed papers and received over $20 million in research grants and contracts on issues of importance such as computer-enhanced transportation systems, manufacturing, design optimization and bioinformatics. These projects have been funded by organizations such as the National Institutes of Health, the National Science Foundation, the National Academy of Sciences, the U.S. Department of Transportation, Argonne National Laboratory and Motorola. Notably, between 1994 and 1995 the AI laboratory developed the first real-time traffic congestion map on the World Wide Web, the Gateway System, for the Illinois Department of Transportation, which won the Federal Highway Administration's award for ""Outstanding Traveler Information Web Sites"" two consecutive years (2002–2003). The site now receives over 500 million hits per year.

",3299,"2011-04-06T04:53:36Z",2011,NA,386,0,0
"Q7178527","Petr Hájek","male","Czech logician and mathematician (1940–2016)",1940,4,"pre-1950","male","Petr Hájek (Czech pronunciation: [ˈpɛtr̩ ˈɦaːjɛk]; 6 February 1940 – 26 December 2016) was a Czech scientist in the area of mathematical logic and a professor of mathematics. Born in Prague, he worked at the Institute of Computer Science at the Academy of Sciences of the Czech Republic and as a lecturer at the faculty of mathematics and physics at the Charles University in Prague and at the Faculty of Nuclear Sciences and Physical Engineering of the Czech Technical University in Prague.",5376,"2008-09-25T18:22:07Z",2008,68,1635,0,0
"Q7182032","Phil Husbands","male","English academic and computer scientist",1961,1,"1950-69","male","Phil Husbands (born 27 June 1961) is a professor of computer science and artificial intelligence at the University of Sussex. He is head of the Evolutionary and Adaptive Systems group and co-director of the Centre for Computational Neuroscience and Robotics (CCNR).",3512,"2005-08-15T10:04:35Z",2005,44,877,0,0
"Q85752237","Chris Wiggins (data scientist)","male","American data scientist",1971,2,"1970-89","male","Chris Wiggins is an associate professor of applied mathematics at Columbia University in New York City. In 2010 he co-founded hackNY, a nonprofit organization focused on connecting students with startups in New York City. From 2013 to 2026, he was the Chief Data Scientist at The New York Times. Since 2026 he has been the head of machine learning and AI science at CNN.",5927,"2020-02-08T21:46:37Z",2020,49,1969,0,0
"Q86206685","Almir Badnjević","male","researcher",1986,2,"1970-89","male","Almir Badnjević (born 13 July 1986) is a Bosnian scientist and academic. He serves as the director of the Agency for Identification Documents, Registers and Data Exchange (IDDEEA) of Bosnia and Herzegovina.

",8401,"2025-01-21T12:02:06Z",2025,39,3560,0,0
"Q86990557","Atulya Nagar","male","researcher",NA,1,"unknown","male","Atulya K. Nagar is a mathematical physicist, academic and author. He holds the Foundation Chair as Professor of Mathematics and is the Pro-Vice-Chancellor for Research at Liverpool Hope University.
Nagar's research spans nonlinear mathematical analysis, theoretical computer science, and systems engineering, and addressing complex problems across scientific, engineering, and industrial domains with mathematical and computational methods. His publications include over 550 research articles and eleven books including A Nature-Inspired Approach to Cryptology, Digital Resilience: Navigating Disruption and Safeguarding Data Privacy, Sine Cosine Algorithm for Optimization and the Handbook of Research on Soft Computing and Nature-Inspired Algorithms. He received the Commonwealth Fellowship Award, along with multiple Best Paper Awards.
Nagar is a Fellow of the Institute of Mathematics and its Applications and the Higher Education Academy. Among his editorial service, he served as the Editor-in-Chief of the International Journal of Artificial Intelligence and Soft Computing (IJAISC), and co-edits two-book series: Algorithms for Intelligent Systems (AIS) and Innovations in Sustainable Technologies and Computing (ISTC).
Nagar holds an Erdős number of 3, indicating close academic proximity to the renowned mathematician Paul Erdős, established through collaborations.",22064,"2024-06-21T07:40:27Z",2024,NA,884,0,0
"Q87721107","Tamara Berg","female","American computer scientist and computational vision researcher",NA,1,"unknown","female","Tamara Lee Berg is a tenured associate professor at the University of North Carolina at Chapel Hill and a research scientist manager at Facebook AML/FAIR.",4525,"2020-03-10T20:36:10Z",2020,NA,943,0,0
"Q87777817","Alexandre Tkatchenko (physicist)","male","professor of theoretical chemical physics (born 1980)",1980,1,"1970-89","male","Alexandre Tkatchenko is a physicist at the University of Luxembourg who works in intermolecular interactions, chemical physics, and materials physics. He serves as Head of the Department of Physics and Materials Science. Tkatchenko is a 2019 recipient of an American Physical Society Fellowship, in the Division of Computational Physics, cited ""For the development of a novel framework for modeling and understanding van der Waals interactions in molecules and materials"".",9144,"2026-01-23T23:40:12Z",2026,46,1313,0,0
"Q88240465","David Horn (Israeli physicist)","male","Israeli physicist",1937,3,"pre-1950","male","David Horn (Hebrew: דוד הורן; born 10 September 1937) is a Professor (Emeritus) of Physics in the School of Physics and Astronomy at Tel Aviv University (TAU), Israel. He has served as Vice-Rector of TAU, Chairman of the School of Physics and Astronomy and as Dean of the Faculty of Exact Sciences in TAU. He is a fellow of the American Physical Society, nominated for ""contributions to theoretical particle physics, including the seminal work on finite energy sum rules, research of the phenomenology of hadronic processes, and investigation of Hamiltonian lattice theories"".",18741,"2020-08-23T13:44:28Z",2020,83,896,1,0
"Q89269550","Nissim Francez","male","Israeli computer science professor (born 1944)",1944,4,"pre-1950","male","Nissim Francez  (Hebrew: נסים פרנסיז; born 19 January 1944 in Bulgaria) is an Israeli professor, emeritus in the computer science faculty at the Technion, and former head of computational linguistics laboratory in the faculty.",18445,"2020-03-15T09:09:56Z",2020,76,666,1,0
"Q89497283","Pramod Varshney","male","Indian-American computer scientist (Syracuse University)",1952,1,"1950-69","male","Pramod Kumar Varshney is a computer scientist and an electrical engineer at Syracuse University's College of Engineering and Computer Science. He earned a PhD from the University of Illinois at Urbana–Champaign in electrical engineering in 1976 under Abraham H. Haddad. He is known for research on distributed detection theory and sensor fusion. He also worked on research related to Byzantines in sensor networks, estimation theory, wireless communications, image processing, radar signal processing, physical layer security, and machine learning. He supervised 68 PhD students, authored over 560 conference papers and over 350 journal papers. 
Varshney was named a Fellow of the Institute of Electrical and Electronics Engineers (IEEE) in 1997 for contributions to the theory and applications of distributed detection and data fusion.
He was honored with the 2021 IEEE Aerospace and Electronic Systems Society (AESS) Pioneer Award.
Varshney was awarded the IEEE Judith A. Resnik Award in 2012.
He was given the Yaakov Bar-Shalom Award for a Lifetime of Excellence by the International Society of Information Fusion in 2018. In 2022 he received the Claude Shannon-Harry Nyquist Technical Achievement Award by the IEEE Signal Processing Society.  In 2000 he was awarded the Chancellor’s Citation for exceptional academic achievement from Syracuse University. In 2014 he was awarded an honorary doctorate degree from Drexel University. Varshney served as the Associate Chair of the  electrical engineering department at Syracuse University  from 1993-1996. From 2009-2023 he was the executive director of the Center for Advanced Systems and Engineering (CASE) at Syracuse university.

",8974,"2024-02-06T19:34:02Z",2024,72,763,0,0
"Q89620738","John M. Jumper","male","American chemist and AI expert",1985,44,"1970-89","male","John Michael Jumper (born 1 January 1985) is an American chemist and computer scientist. Jumper and Demis Hassabis were awarded the 2024 Nobel Prize in Chemistry for protein structure prediction along with David Baker for computational protein design.
Jumper served as a director at Google DeepMind for nearly nine years. Jumper and his colleagues created AlphaFold, an artificial intelligence (AI) model to predict protein structures from their amino acid sequence with high accuracy. The AlphaFold team had released 214 million protein structures as of January 2024.
The scientific journal Nature included Jumper as one of the ten ""people who mattered"" in science in their annual listing of Nature's 10 in 2021.
In June 2026, Jumper announced that he would leave the company to join Anthropic after a break.",15129,"2021-12-24T14:45:34Z",2021,36,153168,3,3
"Q29472893","Cordelia Schmid","female","computer vision researcher",1967,4,"1950-69","female","Cordelia Schmid (born 28 September 1967) is a computer vision researcher, currently head of the THOTH project team at INRIA (French Institute for Research in Computer Science and Automation), Montbonnot, France.
Schmid obtained a degree in computer science from the University of Karlsruhe, and her doctorate from the Institut National Polytechnique de Grenoble, with a prizewinning thesis on ""Local Greyvalue Invariants for Image Matching and Retrieval"".
Schmid was named Fellow of the Institute of Electrical and Electronics Engineers (IEEE) in 2012 for contributions to large-scale image retrieval, classification and object detection. She was a co-winner of the Longuet-Higgins Prize in 2006, in 2014, and again in 2016. In 2017, she became a member of the Academy of Sciences Leopoldina.",5187,"2017-04-18T17:31:58Z",2017,50,1633,3,0
"Q29478914","Hao Ying","male","American professor (born 1958)",1958,2,"1950-69","male","Hao Ying (应浩; born 1958) is a professor of electrical and computer engineering at Wayne State University in Detroit, Michigan. He was named a Fellow of the Institute of Electrical and Electronics Engineers (IEEE) in 2012 for his contributions to the theory and biomedical applications of fuzzy control.",1624,"2017-04-19T15:00:41Z",2017,59,167,0,0
"Q29562949","Asunción Gómez Pérez","female","Spanish researcher",1967,6,"1950-69","female","Asunción Gómez Pérez is a Spanish computer scientist, the Vice-Rector for Research, Innovation and Doctoral Studies and a Full Professor at the Technical University of Madrid. In 2015, she received National Prize of Informatics from Scientific Society of Informatics of Spain.
She is also the recipient of the Ada Byron Prize. She is working in the field of artificial intelligence, specifically in semantic web and ontology engineering.",3176,"2018-10-10T03:59:49Z",2018,51,609,0,0
"Q29918552","Felix Gers","male","computer scientist",NA,2,"unknown","male","Felix Gers is a professor of computer science at Berlin University of Applied Sciences Berlin. With Jürgen Schmidhuber and Fred Cummins, he introduced the forget gate to the long short-term memory recurrent neural network architecture.  This modification of the original architecture has been shown to be crucial to the success of the LSTM at such tasks as speech and handwriting recognition.",2477,"2017-05-13T18:21:18Z",2017,NA,662,1,1
"Q30095223","Diana Maynard","female","British computational linguist",2000,1,"1990+","female","Diana Maynard is a British computational linguist who works as a senior research fellow in the Natural Language Processing Group of the Department of Computer Science at the University of Sheffield.",3712,"2020-08-11T23:35:56Z",2020,20,522,1,0
"Q30122229","Rachel Ward (mathematician)","female","American mathematician",NA,5,"unknown","female","Rachel Angela Ward is an American applied mathematician at the University of Texas at Austin. She is known for work on machine learning, optimization, and signal processing. 
At the University of Texas, she is W. A. ""Tex"" Moncrief Distinguished Professor in Computational Engineering and Sciences—Data Science, and professor of mathematics.",7279,"2017-04-08T17:59:07Z",2017,NA,3071,0,0
"Q30135279","Amparo Alonso Betanzos","female","Spanish professor and researcher",1961,8,"1950-69","female","Amparo Alonso-Betanzos (born October 10, 1961) is a Spanish computer scientist and was president of the Spanish Association for Artificial Intelligence (2013-2021).

",4194,"2019-09-09T11:13:27Z",2019,58,834,0,0
"Q30278133","Max Welling","male","researcher",1968,3,"1950-69","male","Max Welling (born 1968) is a Dutch computer scientist in machine learning at the University of Amsterdam. In August 2017, the university spin-off Scyfer BV, co-founded by Welling, was acquired by Qualcomm. He has since then served as a Vice President of Technology at Qualcomm Netherlands. He is also a Distinguished Scientist at Microsoft Research AI4Science, based in Amsterdam.
Welling received his PhD in physics with a thesis on quantum gravity under the supervision of Gerard 't Hooft (1998) at the Utrecht University. He has published in machine learning, computer vision, statistics and physics, and worked on variational autoencoders (VAEs) together with Durk Kingma.
In 2010 he shared with two authors an Koenderink Prize. In 2025 Welling was elected a member of the Royal Netherlands Academy of Arts and Sciences.

",3669,"2018-10-20T12:56:51Z",2018,50,15053,2,1
"Q112980072","Jixian Wang","male","Chinese video blogger and computer engineer from Ukraine",1985,5,"1970-89","male","Jixian Wang (simplified Chinese: 王吉贤; traditional Chinese: 王吉賢; pinyin: Wáng Jíxián; born 3 April 1985) is a Chinese programmer living in Ukraine who is known for video blogging his war experiences during the Russian invasion of Ukraine. Wang's account of events, intended for Sinophone audiences, differ from how they are portrayed by state media in China. His content has been targeted by censors. His WeChat was suspended following interviews with several media outlets in March 2022, and he was briefly cut off from his family in China. Wang was temporarily suspended from YouTube over reports of inciting violence because of his documentation of war footage.
Wang was arrested by the Ukrainian authorities in October 2023 for filming and publicly broadcasting information about Ukrainian air defense systems in Odesa, including the location, time and targets hit. He was released from custody in November 2023 and originally sentenced the following month to 5 years in prison, which was suspended and reduced to one year in probation after taking into account his lack of prior criminal history and legal presence in Ukraine. Afterwards, he announced on Twitter that he would no longer upload war-related or political content and that he still supported Ukraine.
Wang has lived outside of China since 2017, having previously resided in Skopje, North Macedonia. He works for RegDesk, a U.S.-based AI company and had moved to Ukraine in July 2021 as part of a work-related transfer.",6125,"2022-06-10T15:55:12Z",2022,37,1738,0,0
"Q113012713","Takayuki Ito","male","Japanese computer scientist",1972,3,"1970-89","male","Takayuki Ito (伊藤 孝行, Takayuki Ito; born May 1, 1972) is a Japanese computer scientist who specialized in the fields of artificial intelligence and multi-agent systems. He worked as assistant professor in the computer science department of Japan Advanced Institute of Science and Technology from 2001 until 2003, served as associate professor in the computer science department of Nagoya Institute of Technology (2006–2014), worked as full professor in the computer science department of Nagoya Institute of Technology (2014–2020). He also served as chair of the department (2016–2018)and also director the NITech Artificial Intelligence Research Center at Nagoya Institute of Technology.
From October 2020, he is working as full Professor of Computer Science at Department of Social Informatics, Kyoto University; he is also working as Chief Technology Officer at AgreeBit Inc., Japan.",7391,"2022-06-03T03:49:37Z",2022,50,921,0,0
"Q113084571","Amba Kak","female","Indian researcher",NA,3,"unknown","female","Amba Kak is a US-based technology policy expert who is the Co-Executive Director of AI Now Institute, a US-based research institute. 
In 2021, she served as senior advisor on AI to the Federal Trade Commission, advising the US federal regulator on emerging technology issues. 
She is on the Board of the Signal Foundation and working group member at the Ada Lovelace Institute and on the Steering Committee of the Knight Georgetown Institute.
Amba is a member of New York City's Mayor Elect Zohran Mamdani's transition team.
In 2024 TIME magazine listed Kak among 100 most influential people in AI.",10436,"2024-05-25T22:49:54Z",2024,NA,9055,0,2
"Q113144611","Sameer Hinduja","male","American social scientist",NA,2,"unknown","male","Sameer Hinduja is an American social scientist. He serves as Professor of Criminology at Florida Atlantic University and co-director of the Cyberbullying Research Center. He has served as a Fulbright Specialist Scholar at Dublin City University and currently serves as Faculty Associate at the Berkman Klein Center at Harvard University. Hinduja is also the co-founder and Co-Editor-in-Chief of the International Journal of Bullying Prevention. He is an international expert in cyberbullying, sexting, sextortion, online and offline dating violence, digital self-harm, and related forms of online harm among youth. He has written eight books, including Bullying Today: Bullet Points and Best Practices, Bullying Beyond the Schoolyard: Preventing and Responding to Cyberbullying, and School Climate 2.0. His research publications have been cited over 25,000 times, and have appeared in such outlets as Journal of Adolescent Health, Journal of Youth and Adolescence, Journal of Interpersonal Violence, Computers in Human Behavior, and New Media and Society. Topics studied include empathy, psychological resilience, parenting, social and emotional learning, school climate, and well-being.",16714,"2022-07-02T18:04:39Z",2022,NA,1604,0,0
"Q113415018","David Duvenaud","male","machine learning engineer",NA,2,"unknown","male","David Kristjanson Duvenaud (born 1983) is a Canadian computer scientist at the University of Toronto specializing in probabilistic machine learning, generative AI, and AI safety. He is a CIFAR AI chair since 2021 and a Schwartz Reisman Chair in Technology and Society since 2024.",9831,"2026-04-18T12:30:56Z",2026,NA,1207,1,1
"Q114455285","Rose Hu","female","ORCID 0000-0002-1571-3631",NA,1,"unknown","female","Rose Qingyang Hu (Chinese: 胡清阳; pinyin: Hú Qīngyáng) is an electrical engineer who is currently a professor and the Department Head of the Virginia Tech Bradley Department of Electrical & Computer Engineering. Her research involves wireless networks and their applications in edge computing and the internet of things.",4964,"2023-05-13T21:37:28Z",2023,NA,1377,0,0
"Q115461596","Kai Lawonn","male","German Computer Scientist",1985,2,"1970-89","male","Kai Lawonn (born 4 October 1985 in Berlin) is a German computer scientist and academic. He works in the fields of computer vision, exploratory data analysis, visualization, visual analytics, and medical visualization. Since April 2026, he has been professor of computer vision at Leipzig University and AI Professor at ScaDS.AI Dresden/Leipzig. Previously, he was professor of visualization and exploratory data analysis at the University of Jena.",4871,"2022-12-20T11:00:29Z",2022,37,267,0,0
"Q115728094","Rainer Mühlhoff","male","German philosopher and mathematician",1982,3,"1970-89","male","Rainer Mühlhoff (born 1982) is a German philosopher, mathematician and full professor for ethics of artificial intelligence at Osnabrück University, Germany.",18653,"2023-11-01T15:43:22Z",2023,41,2852,0,0
"Q116025168","Devi Parikh","female","American computer scientist",NA,2,"unknown","female","Devi Parikh is an American computer scientist.

",4547,"2023-01-02T07:25:21Z",2023,NA,1997,0,0
"Q116706551","Mira Murati","female","Albanian-American business executive (born 1988)",1988,35,"1970-89","female","Ermira ""Mira"" Murati (born 16 December 1988) is an Albanian-American business executive. She is a co-founder and chief executive of Thinking Machines Lab, an artificial intelligence company she launched in February 2025. She served as chief technology officer of OpenAI from May 2022 to September 2024 and, for three days in November 2023, as the company's interim chief executive during the brief removal of Sam Altman. She previously worked as a product manager at Tesla and led product and engineering at Leap Motion.",31705,"2023-03-07T14:27:42Z",2023,35,629595,2,16
"Q116965909","Yiling Chen","female","chinese-American computer scientist",NA,1,"unknown","female","Yiling Chen is a Chinese-American computer scientist who studies computational economics, social computing, algorithmic game theory, prediction markets, and algorithmic fairness in machine learning. She is Gordon McKay Professor of Computer Science in the Harvard John A. Paulson School of Engineering and Applied Sciences.",4134,"2023-02-16T23:22:34Z",2023,NA,1009,0,0
"Q117078801","Alessio Lomuscio","male","Italian computer scientist and academic",NA,3,"unknown","male","Alessio Lomuscio is a professor of Safe Artificial Intelligence at the Department of Computing at Imperial College London. His research focuses on the verification of autonomous systems, specifically on providing formal safety guarantees for both Multi-agent systems as well as Machine Learning-enabled systems.",7900,"2023-03-12T14:39:45Z",2023,NA,672,0,0
"Q117301926","Catriona Wallace","female","Australian businesswoman and former police officer",NA,2,"unknown","female","Catriona Wallace (born 1965 or 1966) is an Australian businesswoman, TV personality, and former police officer. Her work involves the metaverse, artificial intelligence and the responsible use of technology.
Wallace founded Flamingo AI in 2013 and Responsible Metaverse Alliance in 2022. In March 2023, Wallace was announced as one of the new ""Sharks"" on Shark Tank on Network 10.",11282,"2023-03-25T08:53:18Z",2023,NA,4853,0,0
"Q119721378","Daniela Amodei","female","president and co-founder of Anthropic",1987,16,"1970-89","female","Daniela Amodei (born 1987) is an American entrepreneur and the president of Anthropic, an artificial intelligence (AI) company known for its Claude series of large language models. She co-founded Anthropic in 2021 with her brother Dario Amodei. Prior to her work at Anthropic, she was the vice president of safety and policy at OpenAI.

",8229,"2023-12-28T23:21:31Z",2023,36,1458622,1,1
"Q102229135","Donald J. Patterson","male","American computer scientist",1972,2,"1970-89","male","Donald J. Patterson (born April 11, 1972) is the Vice President of Artificial Intelligence and Machine learning at LedgerLink.ai .  He is an expert on topics including cryptocurrency, health technology, and technology in the context of civilizational collapse.",4717,"2021-11-11T19:26:56Z",2021,49,612,1,2
"Q102249956","Hector Geffner","male","Argentine computer scientist",1959,3,"1950-69","male","Hector Geffner is an Argentinian computer scientist and a Alexander von Humboldt Professor of artificial intelligence at RWTH Aachen University and Wallenberg Guest Professor in AI at Linköping University. His research interests are focused on artificial intelligence, especially automated planning and the integration of model-based AI and data-based AI. He is best known for his work on domain-independent heuristic planning and received several International Conference on Automated Planning and Scheduling (ICAPS) influential paper awards. Previously he held a research professorship at ICREA and the Artificial Intelligence and Machine Learning Group at University Pompeu Fabra in Barcelona since 2001. He was a staff researcher at the IBM Thomas J. Watson Research Center from 1990 to 1992 and a professor at Simón Bolívar University in Caracas, Venezuela from 1992 to 2001. Geffner was awarded an ERC Advanced Grant in 2020 to explore the connection between machine learning and model-based AI, and is a former board member and current fellow of the European Association for Artificial Intelligence (EurAI). He was elected an AAAI Fellow in 2007.
Geffner received his PhD in computer science at the University of California, Los Angeles in 1989 under the supervision of Judea Pearl on the topic Default Reasoning: Casual and Conditional Theories, for which he received an ACM Doctoral Dissertation Award.",4661,"2023-05-20T13:26:00Z",2023,64,1728,2,1
"Q102252870","Linda van der Gaag","female","Ph.D. Universiteit van Amsterdam 1990",1959,2,"1950-69","female","Linda Christina van der Gaag (born 1959) is a Dutch computer scientist whose research concerns artificial intelligence for medical decision support systems, including graphical models, Bayesian networks, and expert systems. She is SUPSI Professor at the Dalle Molle Institute for Artificial Intelligence Research in Switzerland.",2636,"2024-01-23T23:40:09Z",2024,65,408,0,0
"Q102260331","David Doermann","male","computer scientist researching artificial intelligence and deep learning in multimedia analysis and information retrieval",NA,1,"unknown","male","David S. Doermann (born 1965) is an American computer science researcher and professor in the areas of document analysis, computer vision, and artificial intelligence.

",6660,"2017-04-11T11:09:49Z",2017,NA,832,0,0
"Q102299657","Elad Hazan","male","Israeli-American computer scientist",1975,2,"1970-89","male","Elad Hazan is an Israeli-American computer scientist, academic, author and researcher. He is a professor of computer science at Princeton University, and the co-founder and director of Google AI Princeton.
Hazan co-invented adaptive gradient methods and the AdaGrad algorithm. He has published over 150 articles and has several patents awarded. He has worked machine learning and mathematical optimization, and more recently on control theory and reinforcement learning. He has authored a book, entitled Introduction to Online Convex Optimization. Hazan is the co-founder of In8 Inc., which was acquired by Google in 2018.",8123,"2021-07-30T06:17:58Z",2021,46,2747,0,0
"Q102300361","Tal Malkin","female","Israeli-American cryptographer",1970,2,"1970-89","female","Tal Geula Malkin (Hebrew: טל גאולה מלכין; born 1970) is an Israeli-American cryptographer who works as a professor of computer science at Columbia University, where she heads the Cryptography Lab and the Data Science Institute Cybersecurity Center.

",3778,"2021-11-19T22:50:38Z",2021,51,1173,0,0
"Q102302650","Shuly Wintner","male","Israeli computer scientist",1963,3,"1950-69","male","Shuly Wintner is an Israeli computer scientist and professor in the Department of Computer Science at the University of Haifa. His research spans formal grammars, Hebrew morphology, computational approaches to language acquisition, code-switching, and machine translation. He is especially known for founding the ACL Special Interest Group on Computational Approaches to Semitic Languages (SIG Semitic) and for serving as Chair of the European Chapter of the Association for Computational Linguistics (EACL).

",8106,"2025-07-16T23:52:02Z",2025,62,228,0,2
"Q102308006","Geoffrey Irving","male","British computer scientist",NA,1,"unknown","male","Geoffrey Irving is a computer scientist and AI safety researcher. His work includes research on scalable oversight, AI safety via debate, and early applications of reinforcement learning from human feedback (RLHF) to large language models. He has worked at OpenAI, Google DeepMind, and the United Kingdom's AI Safety Institute, and has been featured on the TIME100 AI list.",6347,"2026-06-24T13:54:26Z",2026,NA,389,0,2
"Q102314813","Corina Păsăreanu","female","Romanian-American computer scientist",NA,3,"unknown","female","Corina S. Păsăreanu is a Romanian-American computer scientist with affiliations at the NASA Ames Research Center, with the Carnegie Mellon University CyLab Security and Privacy Institute, and with KBR. Her research involves formal methods, including symbolic execution and the verification of systems of interacting components. She is the author of the book Symbolic Execution and Quantitative Reasoning: Applications to Software Safety and Security (Springer, 2022).",3090,"2024-01-25T20:53:21Z",2024,NA,699,0,0
"Q102341395","Alessandra Russo","female","Ph.D. Imperial College London 1996",1972,2,"1970-89","female","Alessandra Russo is a professor in Applied Computational Logic at the Department of Computing, Imperial College London.

",4609,"2023-05-11T18:51:57Z",2023,51,1025,0,0
"Q102346700","Lori Levin","female","computational linguist",NA,1,"unknown","female","Lorraine Susan (Lori) Levin is an American computer scientist and computational linguist specializing in natural language processing, particularly involving syntax, morphosyntax, and languages with small corpora. She is a research professor in the Language Technologies Institute of the Carnegie Mellon University School of Computer Science, and one of the founders of the North American Computational Linguistics Open Competition.",4163,"2026-02-24T19:03:44Z",2026,NA,649,0,0
"Q102348868","Heng Ji","female","computer scientist, University of Illinois",NA,2,"unknown","female","Heng Ji is a computer scientist who works on information extraction and natural language processing. She is well known for her work on joined named entity recognition and relation extraction, as well as for her work on cross-document event extraction. She has been coordinating the popular NIST TAC Knowledge Base Population task since 2010. She has been recognised as one of AI's 10 to watch by IEEE Intelligent Systems in 2013, and has won multiple awards, including a NSF Career Award in 2009, Google Research awards in 2009 and 2014, and an IBM Watson Faculty Award in 2012.",10298,"2021-02-21T10:19:53Z",2021,NA,2697,1,1
"Q102353910","Tarek Abdelzaher","male","computer scientist",NA,1,"unknown","male","Tarek Farouk A. Abdelzaher is an Egyptian-American computer scientist.
Abdelzaher earned bachelor's and master's degrees in at computer and electrical engineering at Ain Shams University, followed by a doctorate from the University of Michigan in 1999, advised by Kang G. Shin. He is the Sohaib and Sara Abbasi Professor of Computer Science at the University of Illinois. Abdelzaher was chief editor of the Journal of Real-Time Systems for twenty years. In 2019, Abdelzaher was awarded fellow status by the Association for Computing Machinery. He was granted an equivalent honor by the IEEE in 2021, ""for contributions to cyber-physical systems and real-time computing.""

",4104,"2022-02-03T19:06:59Z",2022,NA,610,0,0
"Q102372018","Aggelos Katsaggelos","male","researcher",1956,1,"1950-69","male","Aggelos K. Katsaggelos (Greek: Άγγελος Κ. Κατσάγγελος) is a Greek electrical engineer and academic whose research has focused on image and video processing, multimedia signal processing, computational imaging, computer vision, and machine learning. He is the Joseph Cummings Professor of Electrical and Computer Engineering at Northwestern University, where he has courtesy appointments in computer science and radiology and directs the Image and Video Processing Lab. He was elected a Fellow of the Institute of Electrical and Electronics Engineers in 1998 for contributions to the theory and application of iterative image restoration methods, received the IEEE Signal Processing Society Technical Achievement Award in 2010 for contributions to image and video processing, and has been elected a Fellow of EURASIP and Optica.",13591,"2024-03-26T00:04:28Z",2024,68,104,0,0
"Q102413869","Ronen Eldan","male","Israeli mathematician and theoretical physicist",1980,7,"1970-89","male","Ronen Eldan (Hebrew: רונן אלדן) is an Israeli mathematician, working at OpenAI. Previously, Eldan was a professor at the Weizmann Institute of Science working on probability theory, mathematical analysis, theoretical computer science and the theory of machine learning. He received the 2018 Erdős Prize, the 2022 Blavatnik Award for Young Scientists and the 2023 New Horizons Breakthrough Prize in Mathematics. He was a speaker at the 2022 International Congress of Mathematicians.",7656,"2022-02-11T12:30:39Z",2022,42,4374,1,1
"Q102415953","Gérard Biau","male","Ph.D. Université Montpellier II 2000",NA,2,"unknown","male","Gérard Biau is a French professor whose contributions are specialized in statistics and machine learning.",9885,"2025-01-15T12:52:43Z",2025,NA,759,0,0
"Q102429585","Aleksandra Faust","female","Ph.D. University of New Mexico 2014",NA,1,"unknown","female","Aleksandra Faust is a Serbian-American computer scientist who is the Chief AI officer at Genesis Molecular AI. Previously, she served as a Research Director at Google DeepMind, and a Principal Investigator at Sandia National Laboratories.",17466,"2025-11-30T19:06:50Z",2025,NA,1988,0,0
"Q102430816","Jiliang Tang","male","Chinese-born computer scientist",NA,1,"unknown","male","Jiliang Tang is a Chinese-born computer scientist and a University Foundation Professor of Computer Science and Engineering at Michigan State University, where he is the director of the Data Science and Engineering (DSE) Lab. His research expertise is in data mining and machine learning.

",5315,"2020-06-19T23:46:10Z",2020,NA,821,0,0
"Q102443581","Jason Mars","male","American computer scientist",1983,1,"1970-89","male","Jason O. Mars (Born May 27, 1983) is an American computer scientist, author, and entrepreneur. He is best known for his research into computer architecture and artificial intelligence, particularly in the design and deployment of conversational AI. The best-selling author of Breaking Bots: Inventing a New Voice in the AI Revolution, he has been involved in multiple AI initiatives and startups over the course of his career, including ZeroShotBot, Jaseci, Clinc, Myca, and ImpactfulAI.
Mars holds a PhD in computer science from the University of Virginia(UVA), and is currently employed as an associate professor of computer science and engineering at the University of Michigan(U-M). He is also acting co-director of U-M's Clarity Lab alongside his wife, Professor Lingjia Tang. There, Mars helps direct advanced research within artificial intelligence, large-scale computing, and coding. Among the lab's most notable projects is the open source Sirius, later rebranded as Lucida. 
A virtual assistant capable of understanding both visual and auditory queries, Lucida was intended by Mars and his colleagues as a sandbox that would help programmers explore the complexities of speech recognition. Mars also hoped that it would act as a foundation for the development of hardware better-suited for conversational AI. The project was supported by Google, the Defense Advanced Research Projects Agency (DARPA), and the National Science Foundation.
Jason Mars was one of ten individuals celebrated at the 28th Annual Caribbean American Heritage (CARAH) Awards. Mars received the Vanguard Award from the Institute of Caribbean Studies for his technological impact and ""contributions to America and the world."" Other winners include Pfizer Principal Scientist for Viral Vaccines Vidia Roopchand and Grammy-winning songwriter Gordon Chambers. Past honorees of the CARAH Awards include former United States attorney general Eric Holder, former United States ambassador to the United Nations Andrew Young and Olympian Usain Bolt.",21588,"2021-02-06T16:16:26Z",2021,38,2457,0,0
"Q102649624","Jared Kaplan","male","artificial intelligence researcher",NA,5,"unknown","male","Jared Daniel Kaplan is a theoretical physicist and artificial intelligence researcher. He is an associate professor in the Johns Hopkins University Department of Physics & Astronomy, and a co-founder and chief science officer of Anthropic.",9289,"2026-01-29T18:08:23Z",2026,NA,172168,0,0
"Q102685783","Ute Schmid","female","German computer scientist",1965,2,"1950-69","female","Ute Maria Schmid (born 1965) is a German computer scientist whose research interests include interpretable artificial intelligence and inductive programming. She is a professor at the University of Bamberg, in charge of the chair for cognitive systems.

",5363,"2024-01-20T00:01:10Z",2024,59,685,0,0
"Q102692913","Yiran Chen","male","Ph.D. Purdue University 2005",1976,1,"1970-89","male","Yiran Chen (Chinese: 陈怡然; pinyin: Chén Yírán; born February 29, 1976) is a Chinese-born American computer scientist and electrical engineer whose research concerns emerging memory technologies, neuromorphic computing, and machine-learning systems. He is the John Cocke Distinguished Professor of Electrical and Computer Engineering at Duke University, where he directs the U.S. National Science Foundation AI Institute for Edge Computing Leveraging Next Generation Networks (Athena) and the Institute of AI Engineering.",22486,"2026-06-17T04:32:12Z",2026,50,172,0,0
"Q102705347","Maxime Cohen","male","Ph.D. Massachusetts Institute of Technology 2015",NA,1,"unknown","male","Maxime C. Cohen is a Professor of Retail and Operations Management and the Academic Director of the Bensadoun School of Retail Management at McGill University in Montreal, Quebec, Canada. Previously, he was the Director of Research at the Bensadoun School of Retail Management at McGill University. He holds the title of Scale AI Chair in Data science for Retail.",10076,"2024-09-08T07:41:32Z",2024,NA,1556,0,0
"Q103295590","Nima Shahbazi","male","Ph.D. York University 2018",NA,1,"unknown","male","Nima Shahbazi is a Canadian AI scientist who won the $1 million Zillow Prize by creating the most accurate home valuation algorithm that beat Zillow's Zestimate by over 13 percent.",10732,"2025-03-19T19:15:51Z",2025,NA,1123,0,0
"Q30289457","Kate Devlin","female","British computer scientist, AI specialist",1973,10,"1970-89","female","Adela Katharine Devlin (born 1975 or 1976 (age 49–50)), is a Northern Irish computer scientist specialising in Artificial intelligence and Human–computer interaction (HCI). She is best known for her work on human sexuality and robotics and was co-chair of the annual Love and Sex with Robots conference in 2016 held in London and was founder of the UK's first ever sex tech hackathon held in 2016 at Goldsmiths, University of London.
She is Professor of Artificial Intelligence and Society in the Department of Digital Humanities, King's College London and is the author of Turned On: Science, Sex and Robots in addition to several academic papers.",26421,"2017-06-14T23:17:04Z",2017,44,3792,0,1
"Q30318445","Sophia Ananiadou","female","Greek computational linguist",1957,3,"1950-69","female","Sophia Ananiadou is a Greek-British computer scientist and computational linguist. She led the development of and directs the National Centre for Text Mining in the United Kingdom. She is also Professor in Computer Science in the Department of Computer Science at the University of Manchester.
Her research focusses on biomedical text mining and natural language processing and has fed into the development of numerous applications that, for example, facilitate the discovery of new knowledge, enable exploration of historical archives, allow semantic search of biomedical literature, reduce human effort in screening search hits for production of systematic reviews, enable enrichment of metabolic pathway models with evidence from the literature, allow discovery of risk in the construction industry from health and safety incident reports and enable interoperability of components in text mining workflows.

",14608,"2017-10-29T09:41:53Z",2017,60,1020,0,0
"Q30325390","Raquel Urtasun","female","professor at the University of Toronto",1976,7,"1970-89","female","Raquel Urtasun (born 30 January 1976) is a Spanish-Canadian computer scientist, entrepreneur, and professor at the University of Toronto. She is the founder and CEO of Waabi, a company developing autonomous driving technology using artificial intelligence. Urtasun's research focuses on the application of artificial intelligence to physical systems, to make vehicles and other machines perceive the world more accurately and efficiently.

",11966,"2017-05-10T00:31:35Z",2017,41,13911,0,2
"Q30338957","Isabelle Augenstein","female","researcher, natural language processing, University of Copenhagen",2000,2,"1990+","female","Isabelle Augenstein is a computer scientist working in the field of natural language processing. She is currently a full professor and head of the NLP section at the Department of Computer Science, University of Copenhagen. She is also a co-lead at the Pioneer Centre for Artificial Intelligence, Denmark's largest research centre, which was initiated by the Danish Ministry of Higher Education and Science. She is well known for being appointed the youngest female full professor in Denmark and for her work on detecting gender bias, fact-checking, and stance detection using computational methods.",7846,"2023-07-31T13:42:05Z",2023,23,1263,0,1
"Q30544174","Peter Bühlmann","male","Swiss mathematical statistician",1965,7,"1950-69","male","Peter Lukas Bühlmann (born 12 April 1965) is a Swiss mathematician and statistician who is a professor of statistics at ETH Zurich. His research includes high-dimensional statistics, statistical machine learning, causal inference, graphical models, computational statistics, and applications of statistics to biology, public health and medicine.",14828,"2019-10-12T16:23:26Z",2019,54,1715,3,3
"Q30594367","Emanuel Todorov","male","artificial intelligence researcher",1971,1,"1970-89","male","Emanuel (Emo) Vassilev Todorov (born 1971), a neuroscientist, is an associate professor and director of the Movement Control Laboratory at the University of Washington. He introduced the use of optimal control as a formal explanatory framework for biological movement (see below). He is the principal developer of the MuJoCo physics engine.
Todorov completed his PhD in MIT under the supervision of Michael Jordan and Whitman Richards. He was a postdoctoral fellow at the Gatsby Computational Neuroscience Unit at UCL under Peter Dayan and Geoffrey Hinton. He is a recipient of the 2004 Sloan Fellowship in neuroscience.
In 2002 he proposed that stochastic optimal control principles are a good theoretical framework for explaining biological movement. In 2011 this view was acknowledged by one of its critics, Karl Friston, to have become ""the dominant paradigm for understanding motor behavior in formal or computational terms."" It has been described in the popular scientific press together with other connections between biology and optimisation principles. An editorial comment by Kenji Doya about one of Todorov's articles in PNAS called it ""a refreshingly new approach in optimal control based on a novel insight as to the duality of optimal control and statistical inference"".
His work on robotic hands has been featured in popular publications on robotics. In January 2017 he was interviewed for the Robots Podcast.
He is the recipient of 11 National Science Foundation grant awards totalling more than $7.5 million as Principal Investigator.

",6646,"2017-04-29T10:14:23Z",2017,46,2346,1,3
"Q30668294","Amir Hussain (cognitive scientist)","male","cognitive scientist",NA,1,"unknown","male","Amir Hussain  is a cognitive scientist, Director of the Cognitive Big Data and Cybersecurity  (CogBID) Research Lab and Chair Professor of Artificial Intelligence at King Fahd University of Petroleum and Minerals. He is founding editor-in-chief of Springer Nature's internationally leading Cognitive Computation journal. He is founding editor-in-chief for two Springer Book Series: Socio-Affective Computing and Cognitive Computation Trends, and also serves on the Editorial Board of a number of other world-leading journals including, as associate editor for the IEEE Transactions on Neural Networks and Learning Systems, IEEE Transactions on Systems, Man, and Cybernetics (Systems) and the IEEE Computational Intelligence Magazine.",14007,"2017-05-24T19:00:30Z",2017,NA,1182,0,0
"Q31557810","Janet M. Baker","female","American speech recognition researcher",NA,2,"unknown","female","Janet MacIver Baker is an American computer scientist, neuroscientist and entrepreneur. Along with her husband James K. Baker, they founded Dragon Systems and are together credited with the creation of Dragon NaturallySpeaking.
In 2012, she received the IEEE James L. Flanagan Speech and Audio Processing Award with her husband.
Baker is affiliated with the MIT Media Lab and Harvard Medical School as a visiting scientist and lecturer.",6589,"2017-07-02T22:44:21Z",2017,NA,1497,2,2
"Q31735302","Neil Lawrence","male","machine learning researcher",1972,1,"1970-89","male","Neil David Lawrence is the DeepMind Professor of Machine Learning at the University of Cambridge in the Department of Computer Science and Technology, Chief Scientist at Trent AI, senior AI fellow at the Alan Turing Institute and visiting professor at the University of Sheffield.

",9712,"2020-09-08T22:03:01Z",2020,48,9044,1,2
"Q32828145","Bernard Meltzer (computer scientist)","male","British computer scientist",1916,2,"pre-1950","male","Bernard Meltzer (born in 1916 in South Africa; died on 4 July 2008) was a British computer scientist, who with Donald Michie was one of the main founders of research on  artificial intelligence at the University of Edinburgh.
Meltzer studied physics at the University of Cape Town with a bachelor's degree in 1934, and was briefly a physics demonstrator in Cape Town. He emigrated to Great Britain, where he worked for the Marconi Company and, after the start of the Second World War, for the Telecommunications Research Establishment conducting research on radar. In 1941 he enlisted in the Royal Air Force Volunteer Reserve and from 1943 taught radar and electronics to military personnel at the University of Aberdeen. After the war he went into industry (Mullard's Radio Valve Company, from 1949 in the research laboratories of EMI). In 1953 he received his doctorate from the University of London in mathematical physics with Reinhold Furth (1893–1979). In 1955 he became a lecturer and later a reader in the electrical engineering department of the University of Edinburgh, doing research in electronics (both semiconductors and tubes). His research on ion propulsion resulted in an invitation from NASA to Stanford University in 1962.
Meltzer also had an interest in mathematical logic and began to work in computer science and artificial intelligence. 1964/65 he worked at the Atlas Computer Laboratory of the Science Research Council and then founded the Metamathematics Unit at the University of Edinburgh. The focus of the Unit was on automatic proof methods. In 1972 he received the chair of Computational Logic (corresponding to the name of the new department, which succeeded the Metamathematics Unit). From 1974 to 1977 he was head of the Department of Artificial Intelligence. In 1978 he retired.
Edinburgh became a center of artificial intelligence under him and Donald Michie, with scientists such as Robert Kowalski (who was one of the founders of logic programming in the early 1970s) and Alan Bundy. J Strother Moore (who received his doctorate there in 1973), Robert S. Boyer (visiting scholar 1971 to 1973) and Pat Hayes (like Robert Kowalski, his doctoral student).
With Donald Michie he published the series  Machine Intelligence  (Volumes 4 to 7) from 1969 to 1972.
In 1979 he received the first Donald E. Walker Distinguished Service Award.

",3500,"2021-05-28T11:02:15Z",2021,105,566,1,2
"Q33113307","Marie-Christine Rousset","female","researcher",1958,3,"1950-69","female","Marie-Christine Rousset (born 1958) is a French computer scientist whose research involves knowledge representation, the semantic web, description logic, and data mining. She is a professor of computer science at Grenoble Alpes University, and a senior member of the Institut Universitaire de France.

",4474,"2024-01-07T07:35:14Z",2024,66,213,0,0
"Q43387575","Carol E. Reiley","female","American roboticist",1982,7,"1970-89","female","Carol Elizabeth Reiley (born 1982) is an American business executive, computer scientist, and model. She is a pioneer in teleoperated and autonomous robot systems in surgery, space exploration, disaster rescue, and self-driving cars. Reiley has worked at Intuitive Surgical, Lockheed Martin, and General Electric. She co-founded, invested in, and was president of Drive.ai, and is now CEO of a healthcare startup, a creative advisor for the San Francisco Symphony, and a brand ambassador for Guerlain Cosmetics. She is a published children's book author, the first female engineer on the cover of MAKE magazine, and is ranked by Forbes, Inc, and Quartz as a leading entrepreneur and influential scientist.",19421,"2018-04-21T04:13:45Z",2018,36,66195,1,1
"Q43562193","Anna Korhonen","female","researcher in text mining in Cambridge",NA,2,"unknown","female","Anna-Leena Korhonen is a Finnish computer scientist and linguist who works in England as professor of natural language processing at the University of Cambridge, where she is co-director of the Language Technology Lab and the Institute for Technology and Humanity, fellow of the Alan Turing Institute, director of the Centre for Human Inspired Artificial Intelligence, fellow of the European Laboratory for Learning and Intelligent Systems, and a senior research fellow of Churchill College, Cambridge. Her research interests include natural language processing, the applications of natural language processing in health, and the social consequences of AI-based language tools. She is panel member of the UN Independent International Scientific Panel on AI.

",4301,"2026-02-23T01:24:20Z",2026,NA,687,2,0
"Q44585452","Yee Whye Teh","male","artificial intelligence researcher",1977,2,"1970-89","male","Yee-Whye Teh is a professor of statistical machine learning in the Department of Statistics, University of Oxford. Prior to 2012 he was a reader at the Gatsby Charitable Foundation computational neuroscience unit at University College London. His work is primarily in machine learning, artificial intelligence, statistics and computer science.",4848,"2018-06-14T22:14:40Z",2018,41,6129,1,3
"Q44651389","Isabelle Guyon","female","French-born researcher in machine learning",1961,7,"1950-69","female","Isabelle Guyon (French pronunciation: [izabɛl ɡɥijɔ̃]; born August 15, 1961) is a French-born researcher in machine learning known for her work on support-vector machines, artificial neural networks and bioinformatics. She is a Chair Professor at the University of Paris-Saclay. Guyon serves as the Director of Research at Google DeepMind since October 2022.
She is considered to be a pioneer in the field, with her contribution to the support-vector machines with Vladimir Vapnik and Bernhard Boser.",17094,"2020-06-20T14:53:06Z",2020,59,2699,0,6
"Q44689609","Andreas Krause (computer scientist)","male","machine learning researcher at ETH Zurich",1978,2,"1970-89","male","Andreas Krause (*1978) is a German computer scientist and professor working on Bayesian optimization and machine learning.",3864,"2025-05-12T20:50:49Z",2025,47,2160,0,0
"Q44732069","Emma Brunskill","female","American AI researcher",1979,1,"1970-89","female","Emma Patricia Brunskill is an American computer scientist. Her research combines machine learning with human–computer interaction by studying the effects of AI systems in human-centered applications including educational software and healthcare, and the theory of reinforcement learning in situations where mistakes impose high risks or costs. She is an associate professor of computer science at Stanford University, where she also holds a courtesy appointment in the Stanford Graduate School of Education and is an affiliate of the King Center on Global Development.

",6406,"2025-10-08T00:16:57Z",2025,46,3615,0,0
"Q44741969","Joëlle Pineau","female","Canadian computer scientist",1974,6,"1970-89","female","Joëlle Pineau (born 1974) is a Canadian computer scientist and Professor at McGill University. She is the chief A.I. Officer of Cohere. She was the global vice president of Facebook Artificial Intelligence Research (FAIR), now known as AI at Meta, until May 2025. She was elected as a Fellow of the Royal Society of Canada in 2023.",17154,"2018-07-27T22:18:40Z",2018,44,15719,2,1
"Q44749723","Ashish Vaswani","male","machine learning researcher",1985,6,"1970-89","male","Ashish Vaswani is an Indian computer scientist and entrepreneur. He conducted research at Google Brain, co-founded Adept AI, and co-founder and chief executive officer of Essential AI. As of June 2026, Vaswani, along with Essential AI, was acqui-hired by Nvidia.
Vaswani is a co-author of the 2017 paper ""Attention Is All You Need"", which introduced the Transformer neural network architecture. The Transformer model has been used in the development of subsequent NLP models BERT, ChatGPT, and their successors.",7179,"2023-05-20T22:34:36Z",2023,38,136014,31,30
"Q45894406","William T. Freeman","male","American computer scientist",1957,2,"1950-69","male","William T. Freeman is the Thomas and Gerd Perkins Professor of electrical engineering and computer science at the Massachusetts Institute of Technology. He is known for contributions to computer vision.

",6928,"2017-12-16T04:10:36Z",2017,60,3435,1,1
"Q46351067","Babak Hodjat","male","co-founder and CEO of Sentient Technologies",1967,2,"1950-69","male","Babak Hodjat (Persian: بابک حجت; born November 1, 1967) is a British computer scientist, entrepreneur, and writer. He was the co-founder and CEO of Sentient Technologies and now holds the position of Chief Technology Officer AI at Cognizant. He is a specialist in the field of artificial intelligence and machine learning. In 1998 Hodjat co-founded Dejima Inc and served as CEO and CTO, his patented work on artificial intelligence led to the technology used by Apple for their digital assistant Siri. 

",24303,"2017-12-18T21:25:53Z",2017,50,5545,0,1
"Q47000807","Kerstin Dautenhahn","female","German computer scientist (born 1964)",1964,2,"1950-69","female","Kerstin Dautenhahn (born 1964) is a German computer scientist specializing in social robotics and human–robot interaction. She is a professor of electrical and computer engineering at the University of Waterloo, where she holds the Canada 150 Research Chair in Intelligent Robotics and directs the Social and Intelligent Robotics Research Laboratory.
Her main research areas include human–robot interaction, social robotics, assistive technology, and artificial intelligence, with an aim to further study topics such as social learning, human-robot collaboration, autobiographic memory, narrative, cooperation and coordination. In the application of these research areas, she has notably been interested in uses of companion robots to support independent living for the elderly, and in the therapy and education of children with autism.

",5595,"2021-02-28T21:08:58Z",2021,57,685,2,0
"Q47030267","Oriol Vinyals","male","machine learning researcher",1983,5,"1970-89","male","Oriol Vinyals (born 1983) is a Spanish machine learning researcher. He has developed most of his career at DeepMind. He is a co-founder of Discovery Loop, and was technical lead on Gemini until August 2026, along with Jeff Dean.",8966,"2022-07-31T19:29:04Z",2022,39,31272,31,31
"Q47035419","Jacy Reese Anthis","male","American social scientist",1992,6,"1990+","male","Jacy Reese Anthis ( JAY-see REESS; born December 16, 1992) is an American social scientist and writer who is co-founder of the Sentience Institute with Kelly Witwicki. He previously worked as a Senior Fellow at Sentience Politics, at Animal Charity Evaluators as chair of the board of directors, and as a full-time researcher.
Anthis's research focuses on effective altruism, anti-speciesism, digital minds, and plant-based and cellular agriculture. He was recognized as one of Vice's ""Humans of the Year"" in December 2017, along with Witwicki. His 2018 book, The End of Animal Farming speculates that animal farming will end by 2100.",10682,"2017-12-29T17:36:29Z",2017,25,2707,0,0
"Q47091950","Laurence Devillers","female","French computer scientist",1962,5,"1950-69","female","Laurence Devillers (born 8 October 1962, in Châtillon-sur-Seine, France), is a professor of artificial intelligence & ethics at Paris-Sorbonne University since 2011 and at Computer science laboratory for mechanics and engineering sciences (LIMSI) at the Scientific Research National Center, a head of the team ""Affective and social dimension in spoken interaction"". Devillers has taken part in several national and European projects on human-robots social and affective interactions. She leads a cluster of robots-human co-evolution at the Institute of Digital Society and ""Robotic interactive"" at Paris-Saclay.",6880,"2019-03-08T14:53:35Z",2019,57,1509,1,1
"Q47463308","Douwe Kiela","male","machine learning researcher at Facebook",1986,1,"1970-89","male","Douwe Kiela is a Dutch-American research scientist and entrepreneur working in the field of artificial intelligence with a focus on machine learning and natural language processing. He is a research scientist director at Google DeepMind. He previously co-founded and served as CEO of Contextual AI, an enterprise software company that provides a platform for building grounded AI agents for enterprise knowledge bases.
He previously led the research team at Meta AI that introduced the RAG approach in 2020, co-authoring the foundational paper ""Retrieval-Augmented Generation for Knowledge-Intensive NLP Tasks."" Kiela also served as Head of Research at Hugging Face and is an adjunct professor in Symbolic Systems at Stanford University.",15058,"2025-10-28T12:54:23Z",2025,39,3751,0,0
"Q47670911","Song-Chun Zhu","male","Chinese mathematician (born 1968)",1968,3,"1950-69","male","Song-Chun Zhu (Chinese: 朱松纯; born June 1968) is a Chinese computer scientist and applied mathematician known for his work in computer vision, cognitive artificial intelligence and robotics. Zhu currently works at Peking University and was previously a professor in the Departments of Statistics and Computer Science at the University of California, Los Angeles. Zhu also previously served as Director of the UCLA Center for Vision, Cognition, Learning and Autonomy (VCLA).
In 2005, Zhu founded the Lotus Hill Institute, an independent non-profit organization to promote international collaboration within the fields of computer vision and pattern recognition. Zhu has published extensively and lectured globally on artificial intelligence, and in 2011, he became an IEEE Fellow (Institute of Electrical and Electronics Engineers) for ""contributions to statistical modeling, learning and inference in computer vision.""
Zhu has two daughters, Stephanie and Yi. Zhu Yi (Chinese: 朱易) is a competitive figure skater.

",26276,"2020-01-20T05:20:13Z",2020,52,20036,0,3
"Q48814437","Django Wexler","male","American fantasy writer",NA,2,"unknown","male","Nicholas Django Wexler is an American fantasy author. He has published the ""flintlock fantasy"" series The Shadow Campaigns (2013–2018), the middle-grade Forbidden Library fantasy series, the darkly comedic timeloop fantasy Dark Lord Davi series and other works. He currently resides near Seattle, Washington, with his wife and fellow author Casey Blair and their daughter (born 2022).

",15454,"2018-01-11T19:01:54Z",2018,NA,16035,0,0
"Q49493676","Tabitha Goldstaub","female","British tech entrepreneur",1987,3,"1970-89","female","Tabitha Goldstaub is a British tech entrepreneur who specialises in communicating the impact of artificial intelligence to business, government, academia, and philanthropy. She is the Co Founder of Lichen AI, enhancing and automating requirements capture. Author of How To Talk To Robots - A Girl's Guide to a World Dominated by AI, a book which she is transforming into a reality TV show.
Goldstaub works internationally on the Board of Luminate, ensuring Big Tech, social platforms, and AI companies respect human rights and social justice. She helps locally on the Board of Innovate Cambridge and The Cambridge Pledge, an organisation that works on supporting innovation with a focus on social equity.
She was the co-founder of CogX, a festival and online platform. She was the Chair of the UK government's AI Council, a member of the DCMS Digitial Economy Council  and served on the TechUK board. A serial entrepreneur, she was the co-founder of video distribution company Rightster (IPO 2011). She was also an advisor to Tortoise Media, Raspberry Pi, CarbonRe, Monumo, Cambridge Innovation Capital  and the Alan Turing Institute.",19876,"2018-02-20T22:09:45Z",2018,31,2687,0,1
"Q50219388","Nicholas Carlini","male","machine learning researcher",1990,2,"1990+","male","Nicholas Carlini is an American researcher affiliated with Anthropic and previously with Google DeepMind who has published research in the fields of computer security and machine learning. He is known for his work on adversarial machine learning, particularly his work on the Carlini & Wagner attack in 2016. This attack was particularly useful in defeating defensive distillation, a method used to increase model robustness, and has since been effective against other defenses against adversarial input.
In 2018, Carlini demonstrated an attack on Mozilla's DeepSpeech model, showing that hidden commands could be embedded in speech inputs, which the model would execute even if they were inaudible to humans. He also led a team at UC Berkeley that successfully broke seven out of nine defenses against adversarial attacks presented at the 2018 International Conference on Learning Representations. 
In addition to his work on adversarial attacks, Carlini has made significant contributions to understanding the privacy risks of machine learning models. In 2020, he revealed that large language models, like GPT-2, could memorize and output personally identifiable information. His research demonstrated that this issue worsened with larger models, and he later showed similar vulnerabilities in generative image models, such as Stable Diffusion.",14583,"2024-06-04T02:11:28Z",2024,34,31314,0,0
"Q50286281","Mark Musen","male","researcher, Stanford University",1956,1,"1950-69","male","Mark Alan Musen is a Professor of Biomedical Informatics and of Biomedical Data Science at Stanford University, and Division Director of the Stanford Center for Biomedical Informatics Research. Musen's research focuses on open science, data stewardship, intelligent systems, and biomedical decision support. Since the late 1980s, Musen has led the development of Protégé, which is currently the most ""widely used domain-independent, freely available, platform-independent technology for developing and managing terminologies, ontologies, and knowledge bases"" in a range of application domains.
Musen is the founding co-editor in chief of the journal Applied Ontology.",3809,"2022-02-05T02:08:58Z",2022,66,875,1,0
"Q50346871","Margaret Mitchell (scientist)","female","researcher, natural language processing",1983,9,"1970-89","female","Margaret Mitchell is a computer scientist who works on algorithmic bias and fairness in machine learning. She is best known for her work on automatically removing undesired biases concerning demographic groups from machine learning models, as well as more transparent reporting of their intended use.",11314,"2021-02-20T14:45:56Z",2021,38,18026,4,1
"Q50358648","Chris Olah","male","artificial intelligence researcher",1990,5,"1990+","male","Christopher Olah (born 1991 or 1992) is a Canadian machine learning researcher and a co-founder of Anthropic. He is known for his work on neural network interpretability, particularly mechanistic interpretability, and for research and tools that visualise internal representations in neural networks. In 2025, Forbes reported he had become a billionaire due to his ownership in Anthropic.",10637,"2026-02-05T13:35:48Z",2026,36,221597,0,0
"Q53870558","Mirsad Hadžikadić","undisclosed gender","Bosnia and Herzegovina politician and computer scientist",1955,5,"1950-69","other/non-binary","Mirsad Hadžikadić (born 21 January 1955) is a Bosnian professor and politician. He is the current president of the Platform for Progress party.
Hadžikadić is also the director of the Institute of Complex Systems at the University of North Carolina at Charlotte. He ran for a seat in the Presidency of Bosnia and Herzegovina as a Bosniak member in the 2018 and 2022 general elections, but was unsuccessful both times.",5161,"2018-04-19T17:25:11Z",2018,63,2167,0,0
"Q54959184","Karen Myers","female","program director and principal scientist in SRI International's Artificial Intelligence Center",1963,2,"1950-69","female","Karen L. Myers is Vice President, Information and Computing Sciences and Lab Director, Artificial Intelligence Center at SRI International.

",5978,"2018-06-11T04:54:11Z",2018,55,505,0,0
"Q54988379","Richard E. Korf","male","American computer scientist",1956,1,"1950-69","male","Richard Earl Korf is an American computer scientist whose research in artificial intelligence has focused on heuristic search methods, including the invention of iterative deepening depth-first search and iterative deepening A*, often using puzzles as test cases for his algorithms. In 1997, he wrote the first computer program that could optimally solve the Rubik's Cube puzzle. He is a professor emeritus of computer science at the University of California, Los Angeles (UCLA).",4355,"2025-03-09T08:24:07Z",2025,69,1445,1,1
"Q55063264","Alexiei Dingli","male","Mayor of Valletta",1979,1,"1970-89","male","Alexiei Dingli (born 29 December 1979) is a Maltese artificial intelligence researcher who is professor of artificial intelligence at the University of Malta. As a member of the Nationalist Party (PN), he was the mayor of Valletta, the capital of Malta, between 2008 and 2019.

",6614,"2026-01-31T21:07:41Z",2026,47,606,0,0
"Q55231961","Christophe Ley","male","1984-: Faculteit: Wetenschappen",1984,2,"1970-89","male","Christophe Ley is a Luxembourgish statistician, and an author and editor of books on directional statistics and sports statistics. He is president of the Luxembourg Statistical Society.",3563,"2024-07-10T13:44:55Z",2024,40,514,0,0
"Q55238685","Giuseppe Caire","male","telecommunications engineer",1965,3,"1950-69","male","Giuseppe Caire (born 1965 in Turin) is an Italian telecommunications engineer.",7199,"2021-11-23T14:32:21Z",2021,56,1377,0,0
"Q55433882","Meredith Whittaker","female","American artificial intelligence research scientist",2000,14,"1990+","female","Meredith Whittaker is the president of the Signal Foundation and serves on its board of directors. She was formerly the Minderoo Research Professor at New York University (NYU), and chief advisor and former faculty director & co founder of the AI Now Institute. She also served as a senior advisor on AI to Chair Lina Khan at the Federal Trade Commission and was listed among the 100 most influential people in AI by TIME magazine in 2023. Whittaker was employed at Google for 13 years, where she founded Google's Open Research group and co-founded the M-Lab. In 2018, she was a core organizer of the Google Walkouts and resigned from the company in July 2019. In July 2025, she joined the Board of Directors at the German media company Hubert Burda Media.",20771,"2018-07-07T19:24:15Z",2018,18,122181,3,1
"Q55656100","Ismat Beg","male","Pakistani mathematician",1951,3,"1950-69","male","Ismat Beg, FPAS, FIMA, (Urdu: عصمت بیگ; born January 1951) is a Pakistani mathematician and researcher. Beg is a Distinguished National Professor at Lahore School of Economics, Higher Education Commission and an honorary full professor at the Mathematics Division at the Ruggero Santilli Institute for Basic Research, Florida, US. 
Beg's scientific contributions cover a wide range of topics spanning fixed point theory and approximations, order structure, fuzzy sets and systems, artificial intelligence and multicriteria decision theory.",13193,"2018-06-22T09:35:51Z",2018,67,3148,0,0
"Q55662460","Joshua Vogelstein","male","researcher",1981,1,"1970-89","male","Joshua T. Vogelstein is an American biomedical engineer. He is an associate professor of Biomedical Engineering at  Johns Hopkins University, where he sits at the Center for Imaging Science. Vogelstein also holds joint appointments in the departments of Applied Mathematics and Statistics, Computer Science, Electrical and Computer Engineering, Biostatistics, and Neuroscience. He has appointments in the Institute for Data Intensive Engineering and Sciences, Institute for Computational Medicine, Kavli Neuroscience Discovery Institute, and the Mathematical Institute for Data Science.
His research focuses primarily on the intersection of natural and artificial intelligence. His group develops and applies high-dimensional nonlinear machine learning methods to biomedical data science challenges. They have published over 100 papers in prominent scientific and engineering journals and conferences including Nature, Science, PNAS, Neurips, and JMLR, with over 10,000 citations and an h-index over 40. They received funding from the Transformative Research Award from NIH, the NSF CAREER award, Microsoft Research, and many other government, for-profit and nonprofit organizations. He has advised over 60 trainees, and taught about 200 students in his eight years as faculty. In addition to his academic work, he co-founded Global Domain Partners, a quantitative hedge fund that was acquired by Mosaic Investment Partners in 2012, and software startup Gigantum, which was acquired by nVidia in early 2022.

",16708,"2019-03-25T20:39:13Z",2019,38,1841,0,0
"Q55902542","Frank Hutter","male","machine learning researcher",NA,1,"unknown","male","Frank Hutter is a German computer scientist recognized for his contributions to machine learning, particularly in the areas of automated machine learning (AutoML), hyperparameter optimization, meta-learning and tabular machine learning. He is currently a Hector-Endowed Fellow and PI at the ELLIS Institute Tübingen and a Full Professor (W3) for Machine Learning at the Department of Computer Science, University of Freiburg. Hutter is known for his role in establishing AutoML as a key area in artificial intelligence research.

",11063,"2025-03-16T14:49:52Z",2025,NA,4150,1,2
"Q120492201","Aravind Srinivas","male","AI Researcher",1994,9,"1990+","male","",116,"2025-05-10T10:31:16Z",2025,31,126546,0,0
"Q121009351","Abiodun Musa Aibinu","male","Vice Chancellor of Summit University in Offa, Nigeria",1973,5,"1970-89","male","Abiodun Musa Aibinu (born 4 January 1973) is a Nigerian Professor of Mechatronics from the Federal University Of Technology, Minna. He is currently the Vice Chancellor of Summit University, Offa",12418,"2023-10-27T17:53:31Z",2023,50,738,0,0
"Q121514463","Michael Buro","male","German computer scientist (born 1965)",1965,1,"1950-69","male","Michael Buro is a Canadian AI Researcher and the creator of the Skat-playing computer program Kermit, as well as the Othello-playing computer program Logistello.

",2030,"2023-08-16T19:28:28Z",2023,58,436,0,0
"Q121713100","Lyria Bennett Moses","female","Australian legal academic in cybersecurity",NA,1,"unknown","female","Lyria Bennett Moses is an Australian lawyer and legal academic. She is a Professor and Head of the School of Law, Society and Criminology in the University of New South Wales.",2437,"2026-02-03T00:29:21Z",2026,NA,844,0,0
"Q122831623","Phillip G. Bernstein","male","American architect, technologist, and educator",1957,1,"1950-69","male","Phillip G. Bernstein is an American architect, technologist, and educator. He is a Fellow of the American Institute of Architects (FAIA), a member of the National Organization of Minority Architects (NOMA) and a LEED Accredited Professional. He is currently a licensed architect in California.
Bernstein has taught at the Yale University School of Architecture since 1989 and is currently Deputy Dean and Professor in the Practice. He developed the practice curriculum at Yale School of Architecture and has taught courses focusing on professional practice, the business models and value propositions of the architectural profession, and artificial intelligence. Starting in 2020, he  co-taught courses on forced labor in the building supply chain with Ambassador (Ret.) Luis C.Debaca.
Bernstein was formerly a vice president at Autodesk, where he was responsible for setting the company’s AEC vision and Building Information Modeling (BIM) strategy that included the development of the Revit platform. He was the executive responsible for Autodesk’s award-winning Waltham AEC Headquarters, a pioneering example of integrated project delivery (IPD) projects.
Prior to joining Autodesk, Phil practiced architecture as an associate principal at Cesar Pelli & Associates (renamed to Pelli Clarke & Partners in 2021) where he managed projects including Ronald Reagan National Airport, the Mayo Clinic, UCLA, and Goldman Sachs.
Bernstein writes extensively on issues related to practice and technology and has contributed to numerous architectural magazines, books, and journals. His most recently published book, Machine Learning: Architecture in the Age of Artificial Intelligence (2022), explores the impact of artificial intelligence and machine learning on the field of architecture.",13246,"2024-11-20T08:00:37Z",2024,67,835,0,0
"Q123003402","Frauke Zeller","female","professor in Design Informatics",NA,1,"unknown","female","Dr Frauke Zeller is Chair and Professor in Design Informatics, Co-Director of the Institute for Design Informatics at Edinburgh College of Art and The University of Edinburgh, co-creator of the first hitchhiking robot.",6832,"2023-10-10T13:50:06Z",2023,NA,1692,0,0
"Q123130693","Jan Leike","male","AI safety researcher",1986,7,"1970-89","male","Jan Leike (born 1986 or 1987) is an AI alignment researcher who has worked at DeepMind and OpenAI. He joined Anthropic in May 2024.

",6617,"2024-05-20T02:20:23Z",2024,38,71184,42,40
"Q123134988","Irene Solaiman","female","American artificial intelligence and public policy researcher",NA,1,"unknown","female","Irene Solaiman is an American artificial intelligence and public policy researcher. She serves as Chief Policy Officer at Hugging Face since 2025, previously serving as Head of Global Policy at Hugging Face since 2022. She was previously a researcher at OpenAI where she was the first person to test for social-impact bias on large language models.

",4240,"2024-06-17T02:16:01Z",2024,NA,2217,0,0
"Q123478068","Jakub Pachocki","male","computer scientist",1991,4,"1990+","male","Jakub Pachocki (born 1991) is a Polish computer scientist and former competitive programmer. He is best known as OpenAI's chief scientist and for his role in overseeing development of GPT-4.",5019,"2025-03-01T14:43:52Z",2025,34,62722,2,3
"Q123481750","Kavita Ganesan","female","malaysian-born author and data scientist",NA,1,"unknown","female","Kavita Annapoorani Ganesan is a Malaysian-born author, data scientist and AI consultant known for her research in the fields of artificial intelligence, machine learning, and natural language processing. She wrote the book, The Business Case for AI and founded the company Opinosis Analytics. Her works have been cited over 1500 times according to Google Scholar.",11544,"2023-11-04T18:52:23Z",2023,NA,880,0,0
"Q123642993","Guillaume Verdon","male","Canadian quantum engineer and research scientist",NA,1,"unknown","male","Guillaume Verdon-Akzam, also known as Guillaume Verdon or Gill Verdon, is a Canadian mathematical physicist, quantum computing researcher, entrepreneur, and writer who is a key contributor of Google's quantum machine learning software, Tensorflow Quantum. 
He is also a co-founder of the effective accelerationism movement and the start-up company Extropic AI which operates at the intersection between physics-based computing and artificial intelligence.",12528,"2024-01-17T05:16:49Z",2024,NA,27660,0,1
"Q123758735","Arthur Mensch","male","French artificial intelligence researcher",1992,8,"1990+","male","Arthur Mensch (born 17 July 1992) is a French artificial intelligence researcher and entrepreneur, best known as the co-founder and CEO of the Paris-based AI company Mistral AI. He is one of the most prominent figures in Europe’s AI ecosystem and is often cited in debates on AI policy, sovereign technology, and open models. In 2024, the magazine Challenges ranked him among the wealthiest French people. That same year, he was the only Frenchman included in the Time 100 list of the most promising global innovators.",14941,"2025-02-10T22:31:46Z",2025,33,100424,0,0
"Q124071336","Tri Dao","male","machine learning researcher",NA,1,"unknown","male","",89,"2026-01-05T23:05:20Z",2026,NA,769,0,31
"Q124569041","Marek Kowalkiewicz","male","Polish-Australian computer scientist",1978,5,"1970-89","male","Marek Kowalkiewicz (born 21 July 1978) is a Polish-Australian computer scientist. He is a professor and chair in digital economy at Queensland University of Technology (QUT), where he focuses on artificial intelligence (AI) and digital transformation strategies for government and industry. He performs all of his research in 30-day ""research innovation sprints"", an award-winning concept he pioneered at QUT in 2015. Kowalkiewicz's research sprints are designed to create and accelerate industry-focused research outcomes by combining the commercial philosophy of Google's five-day design sprint with the rigour of academic research.
Kowalkiewicz joined QUT from Silicon Valley where he led global innovation teams for SAP. He was a Research Manager at SAP's Machine Learning Lab in Singapore, global research program lead at SAP Research Australia, and a research fellow at Microsoft Research Asia.
He is the author of the book The Economy of Algorithms: Rise of the Digital Minions, published by La Trobe University Press in March 2024. The book has received multiple awards for its contribution to the rapidly evolving field of AI.",21431,"2023-12-13T11:25:14Z",2023,45,1175,0,0
"Q124614810","Naren Chitty","male","Sri Lankan-Australian academic and comparative social theorist, diplomat and academic administrator",NA,1,"unknown","male","Narendranath Jayantha (Naren) Chitty AM is a Sri Lankan-Australian diplomat, professor and writer. He was the Head of the Department of International Communication at Macquarie University in Sydney, Australia. Chitty published numerous books and articles in the field of foreign policy, international diplomacy, and soft power. In 2009, he was made a Member of the Order of Australia for services to education. In 2022, he was conferred the title of Professor Emeritus by the university.",13288,"2022-10-19T04:59:49Z",2022,NA,468,0,0
"Q124645430","Raul Villamarin Rodriguez","male","vice President of Woxsen University",1995,2,"1990+","male","Dr. Raul Villamarin Rodriguez is the Vice President of Woxsen University in India and a prominent Cognitive Technologist. He holds advisory positions on several international academic and corporate boards, including IBS  Ranepa, PUCPR, Johannesburg Business School, Milpark Business School, PetThinQ Inc, and SpaceBasic Inc. Dr. Rodriguez is a Visiting Professor at Universidad del Rosario, an Expert at UNESCO, and an Editorial Board member at World Summit AI. 
Recognized for his expertise in the convergence of cognitive psychology and advanced technologies, he has received numerous accolades, including the Steven Pinker Professorship in Cognitive Psychology and the Classavo Chair Professorship in Integrative Research and Digital Learning. 
Rodriguez continues to influence the fields of psychology, technology, and education through his research, publications, and contributions to various conferences and councils.",4817,"2024-08-22T06:58:31Z",2024,29,2015,0,0
"Q124661901","Sneha Revanur","female","AI regulation activist",2004,8,"1990+","female","Sneha Revanur (born 2004) is an American activist. She is the founder and president of Encode, a youth organization advocating for the regulation of artificial intelligence.",5162,"2024-02-25T19:10:31Z",2024,20,9069,0,0
"Q124748105","Peter Mowforth","male","British artificial intelligence researcher, robotics expert and businessman",1953,2,"1950-69","male","Peter Mowforth (born 27 October 1953) is a British businessman, ecommerce specialist and Chief Executive of INDEZ Ltd, an ecommerce agency based in Scotland. Formerly a Machine Learning, Robotics and Artificial Intelligence research scientist who co-founded the Turing Institute. He set up and ran the First Robot Olympics.",15906,"2024-03-05T22:11:43Z",2024,71,2704,1,1
"Q125188528","Madhumita Murgia","female","Indian-born author and technology correspondent for the Financial Times",NA,2,"unknown","female","Madhumita Murgia is a writer specialising in artificial intelligence. In February 2023 she was appointed as the first AI Editor of the Financial Times.

",5212,"2024-03-28T10:40:26Z",2024,NA,5121,0,0
"Q108530498","Caroline Lair","female","French entrepreneur",1985,1,"1970-89","female","Caroline Lair is an investor, entrepreneur and the co-founder of Women in AI (WAI) and founder of The Good AI.
WAI a non profit organisation with the aim of making Artificial Intelligence (AI) more inclusive. WAI was founded in 2016 in Paris, France by Caroline Lair, Dr. Hanan Salam and Moojan Asghari. Lair joined WAI as the third co-founder in 2017.
Lair launched The Good AI in 2021, it is a community of AI startups and experts with the goal of helping companies transition towards a more sustainable and circular business.

",4163,"2024-10-08T14:32:30Z",2024,39,775,0,0
"Q108865284","Jim Carroll (futurist)","male","Canadian futurist, keynote speaker and author",1959,2,"1950-69","male","Jim Carroll (born 1959) is a Canadian futurist, author, and keynote speaker. He is the author of The Canadian Internet Handbook, and also served as a technology columnist for The Globe and Mail from 1998 to 2008.",11254,"2026-03-05T17:35:03Z",2026,67,577,0,0
"Q109621287","Ethan Mollick","male","American academic researching entrepreneurship",1975,2,"1970-89","male","Ethan Mollick  is a Wharton associate professor, artificial intelligence (AI) researcher, and the author of New York Times bestseller Co-Intelligence. His work focuses primarily on the impact of AI on work and education, and he was named one of TIME Magazine's Most Influential People in Artificial Intelligence of 2024.

",7883,"2022-11-27T06:27:07Z",2022,47,36673,0,0
"Q109946365","Maurice Clerc (mathematician)","male","French mathematician",1949,2,"pre-1950","male","Maurice Clerc is a French mathematician.",14765,"2021-10-22T17:11:04Z",2021,72,642,0,1
"Q110407022","Sébastien Bubeck","male","researcher in machine learning",1985,2,"1970-89","male","Sébastien Bubeck (born April 16, 1985) is a French-American computer scientist. He was Microsoft's vice president of applied research,  distinguished scientist, and led the Machine Learning Foundations group at Microsoft Research Redmond. Bubeck was formerly an assistant professor at Princeton University and a researcher at the University of California, Berkeley. He is known for his contributions to online learning, optimization and more recently studying deep neural networks, and in particular transformer models. Since 2024, he works for OpenAI.",12322,"2022-11-20T04:48:30Z",2022,37,44657,2,3
"Q110864219","Aidan Gomez","male","artificial intelligence researcher",NA,6,"unknown","male","Aidan Gomez is a British-Canadian computer scientist working in the field of artificial intelligence, with a focus on natural language processing. He is the co-founder and CEO of the technology company Cohere.",12171,"2023-11-03T19:58:24Z",2023,NA,73185,31,30
"Q110864222","Illia Polosukhin","male","Co-Founder - NEAR Protocol",NA,1,"unknown","male","",99,"2026-03-06T11:14:39Z",2026,NA,15790,0,0
"Q111660382","Chowdhury Mofizur Rahman","male","Bangladeshi academic and university administrator",NA,3,"unknown","male","Chowdhury Mofizur Rahman is a Bangladeshi academic and vice-chancellor of State University of Bangladesh. He is the former vice chancellor of United International University. He is the former pro-vice chancellor of United International University.

",4671,"2024-02-06T06:09:01Z",2024,NA,444,0,0
"Q112326380","Liam Fedus","male","American machine learning researcher and entrepreneur, co-founder of Periodic Labs",NA,1,"unknown","male","William “Liam” Fedus is a machine learning researcher and entrepreneur. He worked at Google Brain and OpenAI, contributing to research on large language models. At OpenAI, he later became vice president of post-training research. He was a member of the research group that developed ChatGPT.
Fedus left OpenAI in 2025 and co-founded Periodic Labs with Ekin Doğuş Çubuk, a former Google Brain and Google DeepMind researcher. Periodic Labs said that it plans to combine machine learning models with automated laboratory experiments for scientific research.

",15460,"2025-09-25T19:31:40Z",2025,NA,1065,0,0
"Q112498535","Bernadette Bouchon-Meunier","female","French computer scientist",1948,1,"pre-1950","female","Bernadette Bouchon-Meunier is a retired French computer scientist specializing in fuzzy logic. She is a director of research, emeritus, for the French National Centre for Scientific Research (CNRS), the former head of the Department of Databases and Machine Learning (DAPA) in LIP6, a computer science laboratory operated jointly by CNRS and Pierre and Marie Curie University, editor-in-chief of the International Journal of Uncertainty, Fuzziness and Knowledge-Based Systems, and a past president of the IEEE Computational Intelligence Society.",4086,"2023-10-06T22:15:12Z",2023,75,453,0,0
"Q112520643","Dustin Tingley","male","American political scientist",1979,1,"1970-89","male","Dustin Tingley is an American political scientist who is the Thomas D. Cabot Professor of Public Policy at the Department of Government at Harvard University.",4583,"2025-03-22T18:29:00Z",2025,46,646,0,0
"Q112552086","Beibei Wang (engineer)","female","Chinese-American electrical engineer",1983,1,"1970-89","female","Beibei Wang (born 1983) is a Chinese-American electrical engineer known for her research in wireless sensor networks, cognitive radio, and the use of cooperative game theory in wireless communication. She is vice president for research at Origin Wireless, Inc.

",3447,"2023-12-27T20:49:24Z",2023,40,322,0,0
"Q112561812","Gabriella Sanniti di Baja","female","Italian computer scientist",1950,1,"1950-69","female","Gabriella Sanniti di Baja (born 29 January 1950) is a retired Italian computer scientist specializing in pattern recognition, including digital geometry and skeletonization.",3038,"2026-08-06T21:20:07Z",2026,76,41,0,0
"Q112820446","Marco Camisani Calzolari","male","Italian-British academic",1969,3,"1950-69","male","Marco Camisani Calzolari (born March 1969) is an Italian British university professor, author, and television personality specializing in digital communications, transformation, and artificial intelligence. He advises the Italian government and police on ethical AI and digital safety and hosts the digital segment of the Italian news show Striscia la Notizia. His research gained international attention in 2012 after creating an algorithm claiming to identify real Twitter users from fake users of bots.
Marco Camisani Calzolari was awarded as an Honorary Police Officer by the Italian State Police and the Knight of the Italian Republic.",17392,"2023-09-12T10:11:45Z",2023,54,8756,0,0
"Q126287505","Owain Evans","male","artificial intelligence researcher",NA,1,"unknown","male","Owain Rhys Evans is a British artificial intelligence researcher who works on AI alignment and machine learning safety. He founded Truthful AI, a research group based in Berkeley, California, and is an affiliate of the Center for Human Compatible AI (CHAI) at the University of California, Berkeley. His research addresses AI truthfulness, emergent behaviors in large language models, and the alignment of AI systems with human values.",12766,"2026-02-15T17:55:19Z",2026,NA,2351,14,1
"Q126287512","David Krueger (professor)","male","artificial intelligence researcher",NA,2,"unknown","male","David Krueger is an American machine learning professor and advocate for the reduction of risks related to artificial intelligence. Krueger is an assistant professor in Robust, Reasoning, and Responsible AI at the University of Montreal and a Core Academic Member at Mila.",10989,"2026-03-31T13:22:32Z",2026,NA,4145,1,3
"Q126373303","Tim Cortinovis","male","German author specialising in artificial intelligence",1972,1,"1970-89","male","Tim Cortinovis (born June 7, 1972, Buchholz-in-der-Nordheide, Germany) is a German author, keynote speaker, and consultant specializing in AI, sales, and digital transformation. He is best known for developing the concept of ''single-handed unicorns''—billion-dollar companies founded and scaled by solo entrepreneurs using AI, freelancers, and automation.",10654,"2024-06-06T12:26:02Z",2024,52,980,0,0
"Q126950004","Mutale Nkonde","female","Zambian journalist and artificial intelligence policy researcher",NA,4,"unknown","female","Mutale Nkonde is a Zambian journalist and artificial intelligence policy researcher. She founded the nonprofit, AI for the People, aimed at increasing the amount of Black voices in tech and reducing algorithmic bias.",7479,"2024-06-17T23:37:14Z",2024,NA,1630,0,0
"Q130324882","Andy Rueda","male","American reality television participant",1993,1,"1990+","male","",74,"2024-09-04T23:12:59Z",2024,31,27,0,0
"Q130331169","Dominik Mate Kovacs","male","Hungarian technology entrepreneur",NA,1,"unknown","male","Dominik Mate Kovacs is a technology entrepreneur, CEO, and founder of Colossyan, a company specializing in AI-powered video content creation. In 2024, he was included in the Forbes 30 Under 30 list in Europe's Technology category.

",5846,"2024-09-20T12:38:11Z",2024,NA,1421,0,0
"Q130369935","Katherine Elkins","female","American generative AI researcher",NA,1,"unknown","female","Katherine Elkins is professor of humanities and comparative literature and faculty in Computing at Kenyon College.

",33050,"2024-07-11T19:33:58Z",2024,NA,1706,0,2
"Q130469388","Connor Leahy","male","AI researcher",1995,4,"1990+","male","Connor Leahy is a German-American artificial intelligence researcher and entrepreneur known for his work on large language models and advocacy on the risks of advanced AI. He co-founded EleutherAI and founded the AI safety research company Conjecture, which he led as CEO until 2026. He is US Director of ControlAI, a nonprofit focused on preventing extinction risk from artificial superintelligence. Leahy has warned about the threat of human extinction from artificial superintelligence. He has testified before the House of Commons of Canada and participated in the inaugural AI Safety Summit in 2023.",14302,"2024-07-01T21:10:43Z",2024,29,81440,1,3
"Q130851917","Fakhreddine Karray","male","Tunisian-Canadian artificial intelligence scientist and engineer",NA,1,"unknown","male","Fakhreddine (Fakhri) Karray is a Tunisian-Canadian artificial intelligence scientist, electrical and computer engineer, author, and academic. He served as the Loblaws Research Chair of Artificial Intelligence at the University of Waterloo's (UWaterloo) Department of Electrical and Computer Engineering, and as the inaugural co-director of the Waterloo AI Institute at UWaterloo. Having previously served as the provost of Mohamed bin Zayed University of Artificial Intelligence (MBZUAI), he serves as a professor of machine learning at the university and as an emeritus professor at the University of Waterloo's Department of Electrical and Computer Engineering.
Karray's research interests encompass operational and generative AI, cognitive machines, natural human-machine interaction, and autonomous and intelligent systems. He has published in the fields of pattern analysis and machine intelligence and is the co-author of Elements of Dimensionality Reduction and Manifold Learning and Soft Computing and Intelligent Systems Design. His work on operational AI has been applied to intelligent transportation systems, virtual healthcare, and driver safety with him being featured in The Washington Post, Wired, The Globe and Mail, and CBC. He holds twenty US patents and has won the IEEE Vehicular Technology Society's Best Land Transportation Award for his work on improving traffic flow prediction with weather Information in connected cars and the MeditCom Conference Best Paper Award for his study on federated learning in communication systems.
Karray is a Fellow of the Institute of Electrical and Electronics Engineers (IEEE), Kavli Frontiers of Science, the Canadian Academy of Engineering. and the Engineering Institute of Canada.",22155,"2024-12-12T05:03:31Z",2024,NA,1008,0,0
"Q131178735","Yi Zeng (AI researcher)","male","Chinese artificial intelligence researcher",NA,1,"unknown","male","Yi Zeng (Chinese: 曾毅) is a Chinese artificial intelligence researcher and professor at the Chinese Academy of Sciences, who also serves as the founding director of Center for Long-term AI, and as a member of the United Nations Advisory Body on AI.",6683,"2024-11-12T00:21:04Z",2024,NA,1835,0,0
"Q131286255","Michael Musandu","male","technology entrepreneur and the founder and CEO (Born 1996)",NA,1,"unknown","male","Michael Musandu (born 14 February 1996) is a technology entrepreneur and the founder and CEO of Lalaland.ai, an Amsterdam-based fashion-tech startup that uses generative artificial intelligence (generative AI) to create hyperrealistic digital models for fashion brands.

",11008,"2024-11-19T09:08:27Z",2024,NA,590,0,0
"Q131309908","Michael Running Wolf","male","native American software engineer and researcher in British Columbia",NA,4,"unknown","male","Michael Running Wolf is a Native American software engineer, artificial intelligence researcher, and advocate committed to preserving endangered Indigenous languages through the use of artificial intelligence (AI). A citizen of the Northern Cheyenne Tribe, Running Wolf leverages his background in computer science to develop technology aimed at preserving, protecting, and growing endangered Indigenous languages through the use of culturally respectful applications.

",8972,"2024-11-09T08:40:05Z",2024,NA,2264,0,0
"Q131442000","Suchir Balaji","male","American artificial intelligence researcher (1998–2024)",1998,10,"1990+","male","Suchir Balaji (November 21, 1998 – November 26, 2024) was an American artificial intelligence researcher who was found dead one month after accusing OpenAI, his former employer, of violating United States copyright law. His death drew widespread attention because of his purported whistleblower status and claims of foul play made by his parents and others. The San Francisco Police Department investigation, however, found ""no evidence of foul play"", and the Chief Medical Examiner concluded the death was a suicide.",23874,"2024-12-16T01:19:28Z",2024,26,561716,0,0
"Q131735900","Leopold Aschenbrenner","male","German-American AI researcher",2001,7,"1990+","male","Leopold Aschenbrenner (born 2001/2002) is a German artificial intelligence researcher and investor. He was part of OpenAI's ""Superalignment"" team before he was fired in April 2024 over an alleged information leak, which Aschenbrenner disputes. In 2024, he published an essay titled ""Situational Awareness"" about the emergence of artificial general intelligence (AGI) and related security risks. The essay attracted widespread media and industry attention, and became the namesake for Aschenbrenner's hedge fund, Situational Awareness LP. The hedge fund, which had $45 billion AUM at its peak, invests in private and public companies involved in AI.",17468,"2024-12-27T17:39:10Z",2024,23,924771,0,2
"Q131847088","Liang Wenfeng","male","Chinese businessman (born 1985)",1985,22,"1970-89","male","Liang Wenfeng (Chinese: 梁文锋; pinyin: Liáng Wénfēng; born 1985) is a Chinese entrepreneur and businessman who is the co-founder of the quantitative hedge fund High-Flyer, as well as the founder and CEO of its artificial intelligence company DeepSeek.
Liang attended Zhejiang University, and began his career by applying machine learning methods to quantitative finance. Through High-Flyer, he built large-scale computing infrastructure that was later used to support artificial intelligence research, leading to the creation of DeepSeek in 2023. DeepSeek gained international attention following the release of DeepSeek-R1, which analysts described as demonstrating high-level performance with comparatively limited compute resources.
In 2025, Liang was named to Time magazine's list of 100 Most Influential People in AI and Fortune's list of the Most Powerful People in Business.
In July 2026, Bloomberg News reported that Liang had become the world's wealthiest founder of an AI-model company, with a net worth of $36 billion, according to the Bloomberg Billionaires Index.

",26885,"2025-01-22T12:11:39Z",2025,40,132307,1,0
"Q132527274","Sybil Derrible","male","French American Engineer, Educator, Author",1983,1,"1970-89","male","Sybil Derrible (born 1983) is a French American engineer, educator, and author. He specializes in urban engineering, infrastructure sustainability, and system resilience. He is Director of the Complex and Sustainable Urban Networks (CSUN) Laboratory and Professor in the Department of Civil, Materials, and Environmental Engineering at the University of Illinois Chicago.
He authored the textbook Urban Engineering for Sustainability published by MIT Press in 2019 and the popular science book The Infrastructure Book: How Cities Work and Power Our Lives published by Prometheus Books in 2025.
He is Fellow of the American Society of Civil Engineers (ASCE) and Lead Author for the energy chapter of UNEP’s Seventh Global Environmental Outlook.",11515,"2024-10-09T01:35:53Z",2024,41,1772,0,0
"Q133590512","Latafat Gardashova","female","Azerbaijani computer scientist",1966,3,"1950-69","female","Latafat Gardashova (Azerbaijani: Qardaşova Lətafət Abbas qızı; born January 27, 1966) is an Azerbaijani computer scientist. She is a Honored Scientist of the Republic of Azerbaijan, Doctor of Technical Sciences, Professor, Vice-Rector for Scientific Affairs. of the Azerbaijan State Oil and Industry University She is the author of 3 monographs, 185 scientific articles, 18 subject programs, 2 textbooks, 17 teaching aids, and also she is the scientific editor of 8 books. She is a member of the New Azerbaijan Party.",17802,"2025-03-28T15:42:48Z",2025,59,541,0,0
"Q134088151","Matthew Sag","male","Australian-American legal scholar of copyright law and artificial intelligence",NA,1,"unknown","male","Matthew Sag is an Australian-American academic and Jonas Robitscher Professor of Law in Artificial Intelligence, machine learning, and data science at Emory University School of Law. Sag is an expert in copyright law and intellectual property. He is a U.S. authority on the fair use doctrine in copyright law and its implications for researchers in the field of text data mining, machine learning and artificial intelligence.
Sag has published numerous works in journals such as Nature, and the law reviews of University of California Berkeley, Georgetown, Northwestern, Notre Dame, Vanderbilt, Iowa and William & Mary, among others. His research has been widely cited in academic works, court submissions, judicial opinions and government reports.
In July 2023, Sag testified before the U.S. Senate Committee on the Judiciary Subcommittee on Intellectual Property.

",7893,"2025-03-20T17:21:37Z",2025,NA,1057,0,0
"Q134624967","Lan Xuezhao","female","American tech investor and entrepreneur",NA,1,"unknown","female","Lan Xuezhao is an American entrepreneur and venture capitalist. She is best known for founding Basis Set Ventures, a San Francisco–based venture capital firm that was one of the earliest to focus on early-stage artificial intelligence and automation startups. She has a research background with academic contributions on cognitive sciences. Her most cited work was published in the journal Science.",9242,"2025-09-11T14:30:20Z",2025,NA,3320,0,0
"Q134954476","Shavonne Wong","female","Singaporean contemporary new media artist (born 1990)",1990,1,"1990+","female","Shavonne Wong (born 1990) is a Singaporean new media artist working with 3D and AI. Her work examines identity, representation, and the role of AI in human experience.

",12361,"2025-07-05T18:31:52Z",2025,35,847,0,0
"Q135105299","Sasha Stiles","female","American artist and poet (born 1980)",1980,3,"1970-89","female","Sasha Stiles (born 1980) is an American artist and poet. After discovering natural language processing, she created the 2021 poetry collection Technelegy through an eponymous AI model, before presenting the 2025–2026 installation A Living Poem at the Museum of Modern Art. In addition to artificial intelligence, binary code and non-fungible tokens have been important aspects of her work.",9817,"2026-03-30T02:21:24Z",2026,46,4050,0,0
"Q135483975","Roger J. Kreuz","male","American cognitive psychologist and author",1961,1,"1950-69","male","Roger J. Kreuz is an American cognitive psychologist and author. He is the Feinstone Interdisciplinary Rearch Professor and an Associate Dean at the University of Memphis.
Kreuz is known for his work on pragmatics, figurative language, miscommunication, and stylometry. He is a fellow of the Psychonomic Society, the Society for Text and Discourse, and the Association for Psychological Science.",5491,"2025-07-27T20:42:35Z",2025,64,759,0,0
"Q61275300","Antonio Lieto","male","computer scientist, cognitive scientist, researcher",1983,11,"1970-89","male","Antonio Lieto (born December 18, 1983) is an Italian cognitive scientist and computer scientist at the University of Salerno and a research associate at the Institute of High Performance Computing of the Italian National Research Council focusing on cognitive architectures and computational models of cognition, commonsense reasoning and models of mental representation, and persuasive technologies. He teaches Artificial Intelligence and ""Design and Evaluation of Cognitive Artificial Systems"" at the Department of Computer Science of the University of Turin.",14869,"2022-04-20T17:15:08Z",2022,39,552,0,0
"Q61275301","Monique Morrow","female","president and co-founder of the Humanized Internet",1951,2,"1950-69","female","Monique Morrow is a Swiss-American businesswoman, technology engineer, and entrepreneur. She is president and co-founder of the Humanized Internet, a nonprofit focused on providing individuals with a digital identity. She was previously Senior Distinguished Architect of Emerging Technologies at Syniverse, and CTO and Evangelist of New Frontiers Development and Engineering at Cisco Systems, Inc. She sits on a number of advisory boards and has 17 patents related to digitalization, networks, the Internet of Things, cybersecurity, and the safe handling of data.",13576,"2019-01-29T19:58:17Z",2019,68,749,0,0
"Q61677472","Maria Antònia Martí","female","Spanish Catalan computational linguist (*1950)",1950,4,"1950-69","female","Maria Antonia Martí Antonín (known as Toni Martí) is a Spanish Catalan linguist at the University of Barcelona, where she is Professor in the Department of General Linguistics and Catalan Philology and also Director of the Language and Computation Center (CLiC), a company for the provision of services and the development of linguistic engineering resources attached to the Barcelona Science Park.",9442,"2024-12-21T18:29:59Z",2024,74,252,0,0
"Q61741269","Emma Hart (computer scientist)","female","English computer scientist",1967,1,"1950-69","female","Professor Emma Hart, FRSE (born 1967) is an English computer scientist known for her work in artificial immune systems (AIS), evolutionary computation and optimisation. She is a professor of computational intelligence at Edinburgh Napier University, editor-in-chief of the Journal of Evolutionary Computation (MIT Press), and D. Coordinator of the Future & Emerging Technologies (FET) Proactive Initiative, Fundamentals of Collective Adaptive Systems.",13119,"2017-07-20T16:50:27Z",2017,50,935,0,0
"Q61904879","Kunihiko Fukushima","male","Japanese computer scientist",1936,6,"pre-1950","male","Kunihiko Fukushima (Japanese: 福島 邦彦, born 16 March 1936) is a Japanese computer scientist, most noted for his work on artificial neural networks and deep learning. He is currently working part-time as a senior research scientist at the Fuzzy Logic Systems Institute in Fukuoka, Japan.",8076,"2009-07-13T17:31:19Z",2009,73,10450,31,30
"Q62022331","Alex Lascarides","female","Professor of Semantics at the University of Edinburgh",1950,1,"1950-69","female","Alexandra Lascarides is a linguist and chair in Semantics in the School of Informatics at the University of Edinburgh. Her research investigates computational linguistics and artificial intelligence.",5096,"2023-04-29T19:45:14Z",2023,73,425,0,0
"Q62559567","Luca Benini","male","computer scientist and educator",1967,1,"1950-69","male","Luca Benini is a computer scientist who is a Professor of Electronics at University of Bologna and the Chair of Digital Circuits and Systems at ETH Zurich.",7018,"2022-03-07T13:38:19Z",2022,55,3288,0,0
"Q62635250","Ivan Oseledets","male","Russian mathematician",1983,2,"1970-89","male","Ivan Oseledets (Russian: Оселедец Иван Валерьевич; born July 6, 1983) is a Russian computer scientist and mathematician and professor at the Skolkovo Institute of Science and Technology.  He is best known for the tensor train decomposition, which is more commonly called a matrix product state in the area of tensor networks.
Oseledets joined the Skolkovo Institute of Science and Technology in 2013 and currently serves as the director of the centre for artificial intelligence technology.

",5664,"2022-01-24T14:07:39Z",2022,39,1982,0,0
"Q63080922","Katie Bouman","female","American engineer and computer scientist",1989,48,"1970-89","female","Katherine Louise Bouman (; born 1989) is an American engineer and computer scientist working in the field of computational imaging. She led the development of an algorithm for imaging black holes, known as Continuous High-resolution Image Reconstruction using Patch priors (CHIRP), and was a member of the Event Horizon Telescope team that captured the first image of a black hole.
The California Institute of Technology, which hired Bouman as an assistant professor in June 2019, awarded her a named professorship in 2020. In 2021, asteroid 291387 Katiebouman was named after her.  In 2024, she became an associate professor.",21272,"2019-04-10T17:17:01Z",2019,30,38076,1,1
"Q89662566","Noam Brown","male","artificial intelligence researcher",NA,1,"unknown","male","Noam Brown is a computer scientist and artificial intelligence researcher whose work has focused on strategic reasoning, imperfect-information games, reinforcement learning, and reasoning in large language models. He developed Libratus (2017) and Pluribus (2019) with Thomas Sandholm, the first artificial intelligence systems to defeat top human professionals in heads-up and multiplayer no-limit Texas hold 'em, respectively. He later helped develop CICERO (2022), an AI system that achieved human-level performance in the strategy game Diplomacy.
Since 2023, Brown has been a research scientist at OpenAI, where he was a foundational contributor to the research behind the reasoning model o1 and has worked on test-time scaling and multi-agent systems.",16480,"2026-09-22T06:14:59Z",2026,NA,301,0,1
"Q90652137","Anke Schmeink","female","researcher (ORCID 0000-0002-9929-2925)",1978,1,"1970-89","female","Anke Schmeink (née Feiten) (born 1978) is a German mathematician and computer scientist, university professor leading the Chair of Information Theory and Data Analytics (INDA) in the Faculty of Electrical Engineering and Information Technology of RWTH Aachen University. Her research topics include wireless networking, edge computing, and machine learning for data analytics.",4816,"2024-05-30T22:54:36Z",2024,46,525,0,0
"Q91140387","Daniel Polani","male","professor of artificial intelligence at the University of Hertfordshire, England",NA,1,"unknown","male","Daniel Polani is a professor of Artificial Intelligence and Director of the Centre for Computer Science and Informatics Research (CCSIR), and Head of the Adaptive Systems Research Group, and leader of the SEPIA (Sensor Evolution, Processing, Information and Actuation) Lab at the University of Hertfordshire.
Daniel Polani is best known for his work in artificial intelligence, cognitive science and robotics, applying the tools of information theory to cognitive modelling and analysing intelligent agent behaviour and decision making in complex adaptive systems and sensor evolution.
Rooted in embodied cognition and dynamical systems Polani's work on relevant information and empowerment stem from the concept of organisms as Shannon information processing entities and the treatment of the perception-action loop as an information channel.

",6380,"2020-04-19T21:27:26Z",2020,NA,897,0,0
"Q91141103","Beverly Park Woolf","female","computer scientist and AI researcher",NA,2,"unknown","female","Beverly Park Woolf is a retired American computer scientist specializing in the applications of artificial intelligence in educational technology and intelligent tutoring systems. She is a professor emerita in the Manning College of Information & Computer Sciences at the University of Massachusetts Amherst.",4205,"2024-06-22T19:38:03Z",2024,NA,455,0,0
"Q91707151","Frank Nielsen (computer scientist)","male","researcher (ORCID 0000-0001-5728-0726)",1971,1,"1970-89","male","Frank Nielsen is a computer scientist working on computational and information geometry. He became an IEEE Fellow in 2026 for his ""contributions to geometric information theory and information measures"". He received his PhD from Université Nice-Sophia-Antipolis under the supervision of Jean-Daniel Boissonnat.
He is known for his work on statistical region merging, as well as his contributions to information geometry including several introductory writings about the topic.",3682,"2026-09-14T12:37:26Z",2026,55,66,0,0
"Q91799119","Adele Howe","female","computer scientist",1961,1,"1950-69","female","Adele E. Howe (1961 – January 20, 2017) was an American computer scientist specializing in artificial intelligence. She was one of the developers of the Planning Domain Definition Language for automated planning and scheduling, and was also known for her work on metasearch engines. She was a Professor Laureate in the College of Natural Sciences at Colorado State University.

",2988,"2022-06-18T01:44:41Z",2022,61,238,0,0
"Q91928977","Melike Erol-Kantarci","female","Turkish researcher",NA,1,"unknown","female","Melike Erol-Kantarci is a Turkish-Canadian computer scientist whose research involves wireless sensor networks, smart grids, the artificial intelligence of things, and 6G wireless communication. She is a full professor in the University of Ottawa School of Electrical Engineering and Computer Science, where she holds a tier 2 Canada Research Chair in Artificial Intelligence-Enabled, Next-Generation Wireless Networks; she also works for Ericsson as Strategic Product Manager for AI in RAN.",3686,"2024-12-10T21:27:40Z",2024,NA,882,0,0
"Q92966980","Maike Osborne","male","machine learning professor and entrepreneur",NA,1,"unknown","male","Maike Osborne (born Michael Osborne, 1982) is an Australian academic and scientist who serves as a professor of machine learning at University of Oxford in the Machine Learning Research Group in the Department of Engineering Science. 
In 2016 she co-founded Mind Foundry, an artificial intelligence company, along with fellow professor Stephen Roberts.",8706,"2023-11-06T14:51:38Z",2023,NA,1520,0,0
"Q93121823","Daniel J. Hulme","male","British businessman (born 1980)",1980,3,"1970-89","male","Daniel Hulme (born 21 February 1980) is a British businessman, investor, academic and commentator, working in the field of Artificial Intelligence (AI), applied technology and ethics. He is the CEO and founder of Satalia that exited to WPP plc in 2021 for a rumoured $100M where he is also Chief AI Officer. Hulme is also an angel investor in emerging technology companies. In 2024 Hulme co-founded Conscium, an AI Safety company which tests AI Agents and verifies that they do what they are supposed to do. It is also investigating whether AIs will soon become conscious, and how to test for that, and developing more efficient approaches to AI development using neuromorphic computing. Alongside building and scaling Satalia, Hulme was also a Co-Founding Director of Faculty (company) AI - previously ASI Data-Science. In 2026, Accenture announced it had agreed to acquire Faculty for $1bn.
Hulme founded Satalia in 2008, a company that provides AI products and consultancy for governments and companies such as Tesco, DFS Furniture, PwC and the BBC. He received a masters and doctorate in AI from University College London (UCL), and is now their  Computer Science Entrepreneur in residence, where he teaches how AI can be applied to solve business and social problems. After exiting Satalia to WPP plc Hulme took the dual role of Chief AI Officer at WPP where he is responsible for informing and coordinating AI across the group. In 2026 Hulme was elected as a Founding Fellow of the Academy for the Mathematical Sciences, in recognition of his contributions at the intersection of AI and applied mathematics. Hulme is an angel investor and also a frequent public speaker and writer on the topics of AI, ethics, technology, innovation, decentralization and organisational design. In 2026 Hulme was recognised as the UK's #1 Futurist Keynote speaker, and ranked #14 globally.",16133,"2020-05-03T14:40:29Z",2020,40,6301,1,4
"Q93239733","Richmond Thomason","male","Ph.D. Yale University 1965",1939,1,"pre-1950","male","Richmond Hunt Thomason (born 1939) is an American philosopher, logician, and computer scientist. He is professor emeritus of philosophy, linguistics, and electrical engineering and computer science at the University of Michigan, where he previously held the James B. and Grace J. Nelson Professorship.
Thomason is known for his work on modal and tense logic, the semantics of natural language, deontic logic, and the logical foundations of knowledge representation in artificial intelligence. He edited the influential collection Formal Philosophy: Selected Papers of Richard Montague and has authored widely used textbooks, including Symbolic Logic: An Introduction and, with Zoltán Gendler Szabó, the textbook Philosophy of Language. He is a fellow of the Association for the Advancement of Artificial Intelligence and a managing editor of Studia Logica.",16320,"2025-12-02T11:08:58Z",2025,86,662,0,0
"Q93256277","Yuehwern Yih","female","researcher (ORCID 0000-0003-2087-7718)",NA,1,"unknown","female","Yuehwern Yih is a Taiwanese-American industrial engineer and control theorist. She is the Tompkins Professor in the Edwardson School of Industrial Engineering at Purdue University, where she directs the Smart Operations and Systems Laboratory and the LASER PULSE Consortium. Her research interests include the design, modeling, and control of dynamic and complex systems, with applications including industrial and humanitarian supply chains, healthcare, and food distribution. She is also a ballroom dancer and one of two head coaches of the Purdue Latin and Ballroom Dance Team.",6310,"2025-02-15T20:22:32Z",2025,NA,705,0,0
"Q103335665","Dario Amodei","male","CEO and co-founder of Anthropic",1983,31,"1970-89","male","Dario Amodei (born 1983) is an American artificial intelligence (AI) researcher and entrepreneur. In 2021, he and his sister Daniela Amodei co-founded Anthropic, the company behind the large language model series Claude. Before that, he was the vice president of research at OpenAI.
In his capacity as Anthropic's CEO, Amodei often writes on the benefits and risks of advanced AI systems. He is a proponent of an ""entente"" strategy in which a coalition of democratic nations use advanced AI systems in military applications to achieve a decisive advantage over adversaries while sharing the benefits with cooperating nations.",21991,"2023-07-12T14:01:17Z",2023,40,3376794,22,5
"Q104633932","Hanna Hajishirzi","female","computer science professor",NA,1,"unknown","female","Hannaneh Hajishirzi is an Iranian-American computer scientist specializing in natural language processing. She is Torode Family Professor in Computer Science & Engineering in the Paul G. Allen School of Computer Science and Engineering at the University of Washington, head of the H2Lab in the Allen School, and a senior director of natural language processing in the Allen Institute for AI.",3660,"2026-02-24T01:07:03Z",2026,NA,2449,0,0
"Q104642316","Cansu Canca","female","Turkish-Canadian bioethicist",NA,3,"unknown","female","Cansu Canca (pronunciation: [dʒanˈsu dʒanˈdʒa]) is a moral and political philosopher, with a Ph.D. specializing in applied ethics, and founder and director of AI Ethics Lab. Formerly, she was a bioethicist at the University of Hong Kong, and an ethics researcher at Harvard Law School, Harvard School of Public Health, Harvard Medical School, National University of Singapore, Osaka University, and the World Health Organization.
Canca started AI Ethics Lab in late 2016 (based in Cambridge, MA) focusing on integrating ethics into the innovation process. Developing and implementing the Puzzle-solving in Ethics Model (PiE Model), AI Ethics Lab became a pioneer in the field for its novel approach to ethics practice. In 2018, Canca was listed among the “30 Influential Women Advancing AI in Boston” and in 2019, among the “100 Brilliant Women in AI Ethics”. She is also the first technology and AI ethicist in Turkey.
Canca serves as an ethics expert in various ethics, advisory, and editorial boards. She is a founding editor for AI & Ethics Journal. She has given over 100 keynotes, seminars, talks, and interviews on AI ethics including TEDxCambridge, Harvard Business School, U.S. Department of Justice, Institute of Physics, and MIT Technology Review.",12057,"2021-01-03T19:01:58Z",2021,NA,1670,0,0
"Q104672235","Martin Vechev","male","Computer Scientist",1977,2,"1970-89","male","Martin Vechev (born 24 July 1977) is a full professor at the department of computer science at ETH Zurich, working in the fields of programming languages, machine learning and computer security. He leads the Secure, Reliable, and Intelligent Systems Lab (SRI), part of the Department of Computer Science.
Vechev is the founder, architect and Scientific Director of INSAIT - Institute for Computer Science, Artificial Intelligence and Technology, a research center in computer science and artificial intelligence in Eastern Europe, created in partnership with ETH Zurich and EPFL.
He is known for his works in machine learning for code (BigCode), where he introduced statistical programming engines trained on large codebases, reliable and trustworthy artificial intelligence, where he introduced abstract interpretation methods for reasoning about deep neural networks to enable the verification of large machine learning models, and quantum programming, introducing the first high-level programming language and system Silq.
Vechev received the ACM SIGPLAN Robin Milner Young Researcher Award in 2019. He was awarded an ERC Consolidator Grant in 2021 for research focusing on safe and trustworthy AI, and a ERC Starting Grant, which contributed to shape the area of AI for code. Vechev has co-authored over 170 research publications, several of which have been recognized with best or distinguished paper awards. 
Prior to starting at ETH Zurich in 2012, Vechev was a Research Staff Member at the IBM T.J. Watson Research Center in New York, US from 2007 to 2011.",17247,"2021-07-11T18:59:34Z",2021,44,3923,0,0
"Q104692529","Holden Karau","female","american-Canadian computer programmer and author",1986,1,"1970-89","female","Holden Karau (born October 4, 1986) is an American-Canadian computer scientist and author based in San Francisco, CA. She is best known for her work on Apache Spark, her advocacy in the open-source software movement, and her creation and maintenance of a variety of related projects including spark-testing-base. In addition to her work on big data she co-founded Fight Health Insurance, an early AI tool to help people appeal insurance denials. She is also a member of The Apache Software Foundation.",4733,"2021-01-05T20:22:39Z",2021,35,2259,0,0
"Q104921990","Bruno Zamborlin","male","technology researcher and entrepreneur",1983,1,"1970-89","male","Bruno Zamborlin (born 1983 in Vicenza) is an AI researcher, entrepreneur and artist based between London and Milan, working in the field of human-computer interaction. His work focuses on converting physical objects into touch-sensitive, interactive surfaces using vibration sensors and artificial intelligence. In 2013, he founded Mogees Limited a start-up to transform everyday objects into musical instruments and games using a vibration sensor and a mobile phone. With HyperSurfaces, he converts physical surfaces of any material, shape and form into data-enabled-interactive surfaces using a vibration sensor and a coin-sized chipset.
As an artist, he has created art installations around the world, with his most recent work comprising a unique series of ""sound furnitures"" that was showcased at the Italian Pavilion of the Venice Biennale 2023.
He regularly performed with UK-based electronic music duo Plaid (Warp Records). He is also honorary visiting research fellow at Goldsmiths, University of London.",25186,"2021-01-20T16:19:19Z",2021,38,877,0,0
"Q105038756","Richard Sproat","male","computational linguist",1960,1,"1950-69","male","Richard Sproat is a computational linguist currently working for Sakana AI as a research scientist. Prior to joining Sakana AI, Sproat worked for Google between 2012 and 2024 on text normalization and speech recognition.",4711,"2020-11-29T15:46:18Z",2020,60,978,0,0
"Q105199421","Beth Singler","female","British anthropologist (1980-)",1980,1,"1970-89","female","Beth Victoria Lois Singler, born Beth Victoria White, is a British anthropologist specialising in artificial intelligence. She is known for her digital ethnographic research on the impact of apocalyptic stories on the conception of AI and robots, her comments on the societal implications of AI, as well as her public engagement work. The latter includes a series of four documentaries on whether robots could feel pain, human-robot companionship, AI ethics, and AI consciousness. She is currently the Junior Research Fellow in Artificial Intelligence at Homerton College, University of Cambridge.",11078,"2021-01-31T19:10:25Z",2021,41,2093,0,0
"Q105318165","Bridget Karlin","female","American entrepreneur and business woman",NA,2,"unknown","female","Bridget Karlin is an American entrepreneur and business woman. She is currently Chief Technology Officer, Global Managing Director, and Vice President of IBM Global Technology Services. She has been the independent director on the board of Dana Incorporated since 2019.
Before working at IBM, Karlin served as general manager of the Internet of Things (IoT) Strategy and Integrated Products Division, and Hybrid Cloud Services at Intel. Karlin was named one of the top 50 Industrial IoT (IIoT) 5G Industrialists and Innovators in 2016 by RCR Wireless News. She was one of four to win in the category of Women in Industrial IoT 5G. 
In 2017, Karlin appeared at the Consumer Electronics Show (CES), promoting the Internet of Things. At the 2019 show, she received the Women in Consumer Technology Legacy Award – an organization that honors women who are transforming the consumer technology industry. Karlin went on to serve as the Master of Ceremonies for the 2020 Women in Consumer Technology Legacy Awards. In 2019, Karlin was also the recipient of the National Technology Humanitarian Award from the Anti-Defamation League at their annual Industry Awards Gala.
Karlin is a supporter of Artificial Intelligence and believes that in 2030, the technology will add $30 trillion to the global economy. She appeared virtually at the 2021 CES alongside Jeremy Kaplan to promote AI, where she explained its use in solving world issues such as pollution of the oceans.

",6478,"2020-10-07T02:15:51Z",2020,NA,382,0,0
"Q105834628","Abeba Birhane","female","Ethiopian-born cognitive scientist",NA,14,"unknown","female","Abeba Birhane is an Ethiopian-born cognitive scientist who works at the intersection of complex adaptive systems, machine learning, algorithmic bias, and critical race studies. Birhane's work with Vinay Prabhu uncovered that large-scale image datasets commonly used to develop AI systems, including ImageNet and 80 Million Tiny Images, carried racist and misogynistic labels and offensive images. She has been recognized by VentureBeat as a top innovator in computer vision and named as one of the 100 most influential persons in AI 2023 by TIME magazine.",10507,"2021-03-09T09:42:03Z",2021,NA,5840,0,0
"Q105873378","Svetlana Lazebnik","female","Ukrainian-American researcher in computer vision",1979,3,"1970-89","female","Svetlana Lazebnik (born 1979) is a Ukrainian-American researcher in computer vision who works as a professor of computer science and Willett Faculty Scholar at the University of Illinois at Urbana–Champaign. Her research involves interactions between image understanding and natural language processing, including the automated captioning of images, and the development of a benchmark database of textually grounded images.

",5960,"2021-03-11T00:34:29Z",2021,42,793,0,1
"Q106371047","Sivaji Bandyopadhyay","male","Indian academic",1963,2,"1950-69","male","Dr. Sivaji Bandyopadhyay is an Indian academic and is currently the Chairperson and former Director of National Institute of Technology Silchar. He is a Professor of Computer Science and Engineering. He obtained his B.Tech, M.Tech and Ph.D. in Computer Science and Engineering from Jadavpur University and taught there as a Professor before joining NIT Silchar.  Formerly, he has been the Dean of Engineering and Technology at Jadavpur University, the Head of the Department of Computer Science and Engineering at Jadavpur University, the Director of the Computer-Aided Design Centre at Jadavpur University and the Coordinator, TEQIP-II at Jadavpur University among other responsibilities.
He is one of the top 50 computer scientists in India and the top 6000 computer scientists around the world with an Indian rank of 40 and a global rank of 5883
During his tenure as the Chairperson and Director of National Institute of Technology Silchar, the institute achieved its first-ever global rankings across multiple international platforms. NIT Silchar was ranked in the 201–250 overall band in Asia (19th among Indian universities) by the Times Higher Education (THE) Asia University Rankings 2021, and in the 251–300 band in the Times Higher Education Emerging Economies University Rankings 2021.
In terms of sustainability, NIT Silchar secured the 275th global rank in the UI GreenMetric World University Rankings 2020, demonstrating the institute’s commitment to green practices.
Academically, NIT Silchar was ranked in the 601–800 band globally in Engineering by THE Engineering Rankings 2021, and similarly ranked in the 601–800 global band in Physical Sciences by THE Physical Sciences Rankings 2021.
Additionally, the institute was placed 750th globally in Engineering by the U.S. News & World Report Best Global Universities Engineering Rankings 2020, and in the 801–1000 overall global band (19th among Indian institutions) in THE World University Rankings 2021.
He was also instrumental in the digital transformation of NIT Silchar by initiating and implementing an Enterprise Resource Planning (ERP) solution, which significantly streamlined the institute's academic and administrative workflows. This initiative was successfully executed with the support of Dr. Naresh Babu Muppalaneni and Mr. Manash Protim Mahanta.
Professor Bandyopadhyay has supervised over 12 Ph.D. students and a total of 12 Ph.D. scholars are currently working under his supervision. He has published around 49 research articles in reputed journals and 250 research publications in reputed conferences, workshops or symposiums. He has also authored two books. He has completed 4 international research and development projects - with Germany, France, Mexico, Japan as the Principal Investigator in the area of Sentiment Analysis, Question Answering, and Textual Entailment. He was the Chief Investigator of 8 National level consortium mode projects in the areas of Machine Translation - English to Indian languages and Indian language to Indian languages, cross-lingual information access, development of treebank for Indian languages among others. Currently, he is executing three international projects funded by SPARC (MHRD) with Germany, ASEAN (DST) with Indonesia and Malaysia, DST and CNRS with France. The Center for Natural Language Processing (CNLP), a research centre has been established at NIT Silchar under his leadership.",11272,"2021-04-05T05:12:12Z",2021,58,769,0,0
"Q106428799","Alexander Reben","male","American artist, researcher and roboticist",NA,2,"unknown","male","Alexander Reben (born 1985) is an American artist, researcher and roboticist. He is best known for his artworks created in collaboration with artificial intelligence, and his research in robotics. Reben's work has been exhibited widely in the United States and Western Europe, including the Museum of Applied Arts, Vienna and the Charlie James Gallery. His work is included in permanent collection of the MIT Museum. He currently serves as Director of Technology and Research at Stochastic Labs, a Berkeley, California-based nonprofit incubator for artists, scientists and engineers.",7994,"2021-04-08T23:58:25Z",2021,NA,1024,0,0
"Q106629101","Jane J. Robinson","female","American computational linguist",1918,1,"pre-1950","female","Elizabeth Jane Johnson Robinson (1918 – April 22, 2015) was an American computational linguist who served as president of the Association for Computational Linguistics.

",8615,"2021-04-26T22:04:57Z",2021,103,194,0,2
"Q106637121","Madeleine Bates","female","Researcher in natural language processing",NA,2,"unknown","female","Madeleine Ashcraft Bates (born c. 1948) is a researcher in natural language processing who worked at BBN Technologies in Cambridge, Massachusetts from the early 1970s to the late 1990s. She was president of the Association for Computational Linguistics in 1985, and co-editor of the book Challenges in Natural Language Processing (1993).",8734,"2021-04-27T20:28:55Z",2021,NA,273,0,0
"Q107046795","Peter Scott-Morgan","male","English-American scientist, self-described human cyborg",1958,4,"1950-69","male","Peter Bowman Scott-Morgan (né Scott; 19 April 1958 – 15 June 2022) was an English-American organizational theorist, author, and expert in robotics. He had motor neurone disease and was known for his efforts to extend his life by becoming what he called a human cyborg.  In 2020 he was the subject of Channel 4's documentary Peter: The Human Cyborg.

",13124,"2021-05-30T22:58:49Z",2021,63,3232,0,0
"Q107058297","Wendell Wallach","male","bioethicist and author",1946,3,"pre-1950","male","Wendell Wallach (born April 21, 1946) is a bioethicist and author focused on the ethics and governance of emerging technologies, in particular artificial intelligence and neuroscience. He was a scholar at Yale University's Interdisciplinary Center for Bioethics, a senior advisor to The Hastings Center, and a Carnegie/Uehiro Senior Fellow at the Carnegie Council for Ethics in International Affairs, where he co-directed the ""Artificial Intelligence Equality Initiative"" with Anja Kaspersen. Wallach was also a fellow at the Center for Law and Innovation at the Sandra Day O'Connor School of Law at Arizona State University. He has written two books on the ethics of emerging technologies: ""Moral Machines: Teaching Robots Right from Wrong"" (OUP 2010) and A Dangerous Master: How to Keep Technology from Slipping Beyond Our Control (BASIC Books, 2015), which was republished by Sentient Publications in 2024. Wallach discusses his professional, personal and spiritual journey, as well as some of the biggest conundrums facing humanity at the wake of the bio/digital revolution, in this podcast published by the Carnegie Council for Ethics in International Affairs (CCEIA). Wendell has been called ""the Godfather of A.I. Ethics.""

",37623,"2021-01-22T21:25:16Z",2021,75,2080,0,0
"Q108397241","Terry R. Payne","male","computer scientist and AI researcher",NA,1,"unknown","male","Terry R. Payne is a computer scientist and artificial intelligence researcher at the University of Liverpool. He works on the use of ontologies by Software Agents within decentralised environments.  He is best known for his work on Semantic Web Services and in particular for his work on OWL-S.

",5188,"2021-09-03T17:11:24Z",2021,NA,271,0,5
"Q108430471","Giulio Modena","male","Italian engineer",1940,2,"pre-1950","male","Giulio Modena (Pontelongo, 1940) is an Italian engineer.

",5629,"2026-07-19T14:24:21Z",2026,86,161,0,1
"Q11755","Daphne Koller","female","Israeli-American computer scientist",1968,32,"1950-69","female","Daphne Koller (Hebrew: דפנה קולר; born August 27, 1968) is an Israeli-American computer scientist. She was a professor in the department of computer science at Stanford University and a MacArthur Foundation fellowship recipient. She is one of the founders of Coursera, an online education platform. Her general research area is artificial intelligence and its applications in the biomedical sciences. Koller was featured in a 2004 article by MIT Technology Review titled ""10 Emerging Technologies That Will Change Your World"" concerning the topic of Bayesian machine learning.",17665,"2005-07-06T10:24:53Z",2005,37,41050,12,13
"Q11757","Janet L. Kolodner","female","American cognitive scientist",1954,2,"1950-69","female","Janet Lynne Kolodner is an American cognitive scientist and learning scientist. She is a Professor of the Practice at the Lynch School of Education at Boston College and co-lead of the MA Program in Learning Engineering. She is also 
Regents' Professor Emerita in the School of Interactive Computing, College of Computing at the Georgia Institute of Technology. She was Founding Editor in Chief of The Journal of the Learning Sciences and served in that role for 19 years. She was Founding Executive Officer of the International Society of the Learning Sciences (ISLS). From August, 2010 through July, 2014, she was a program officer at the National Science Foundation and headed up the Cyberlearning and Future Learning Technologies program (originally called Cyberlearning: Transforming Education). Since finishing at NSF, she is working toward a set of projects that will integrate learning technologies coherently to support disciplinary and everyday learning, support project-based pedagogy that works, and connect to the best in curriculum for active learning.

",12267,"2007-10-09T05:26:51Z",2007,53,856,3,1
"Q14109","Rosalind Picard","female","American computer scientist",1962,23,"1950-69","female","Rosalind Wright Picard (born 1962) is an American electrical engineer and computer scientist who is the Grover M. Hermann Professor of Health Sciences and Technology at the Massachusetts Institute of Technology (MIT). She is the founder and director of the Affective Computing Research Group at the MIT Media Lab, and co-founder of the startups Affectiva and Empatica.
Prior to joining the MIT faculty, Picard worked from 1984-1987 as a Member of the Technical Staff at AT&T Bell Labs in Holmdel Township, New Jersey, first developing new VLSI-scale computer architectures for future high-speed signal processing chips and later researching new kinds of algorithms for image compression.  
She has received many recognitions for her research and inventions in wearable and affective computing. In 2005, she was named a Fellow of the Institute of Electrical and Electronics Engineers for contributions to image and video analysis and affective computing. In 2019 she received one of the highest professional honors accorded an engineer, election to the National Academy of Engineering for her contributions on affective computing and wearable computing. In 2021 she was recognized as a Fellow of the ACM for contributions to physiological signal sensing for individual health and wellbeing. In 2021 she was elected to the National Academy of Inventors, which recognizes outstanding inventions that have made a tangible impact on quality of life, economic development and the welfare of society. In 2022 she was awarded the International Lombardy Prize for Computer Science Research, which carries a €1 million award, which she donated to support digital health and neurology research to help save the lives of people with epilepsy and children susceptible to sudden infant death syndrome. In 2026, she received one of the Institute of Electrical and Electronics Engineers's highest honors, the 
IEEE Medal for Innovations in Healthcare Technology for pioneering wearable affective computing.
Picard is credited with starting the branch of computer science known as affective computing with her 1997 book of the same name. This book described the importance of emotion in intelligence, the vital role human emotion communication has to relationships between people, how robots and wearable computers might perform emotion recognition and other skills of emotional intelligence, and concerns raised by this new technology. Her work in this field has led to an expansion into autism research and developing devices that could help humans recognize nuances in human emotions and provide objective data for improving healthcare.

With Jonathan Klein, she also published a presentation and discussion of many potential uses, together with concerns and objections, regarding the deployment of affective technology to address emotional needs; in particular, they called out concerns about the potential misuse of technology to manipulate people.",42140,"2006-03-08T06:06:12Z",2006,44,16198,1,1
"Q14234","Sarit Kraus","female","Israeli computer scientist",1960,8,"1950-69","female","Sarit Kraus (Hebrew: שרית קראוס; born 1960) is a professor of computer science at the Bar-Ilan University in Israel. She was named the 2020-2021 ACM Athena Lecturer in recognition of her contributions to artificial intelligence, notably to multiagent systems, human-agent interaction, autonomous agents and non-monotonic reasoning, as well as her leadership in these fields.

",16537,"2010-08-03T22:09:08Z",2010,50,1448,1,1
"Q14254","Karen Spärck Jones","female","British computer scientist (1935–2007)",1935,25,"pre-1950","female","Karen Ida Boalth Spärck Jones  (26 August 1935 – 4 April 2007) was a self-taught programmer and a pioneering British computer and information scientist responsible for the concept of inverse document frequency (IDF), a technology that underlies most modern search engines. She was an advocate for women in computer science, her slogan being, ""Computing is too important to be left to men."" In 2019, The New York Times published her belated obituary in its series Overlooked, calling her ""a pioneer of computer science for work combining statistics and linguistics, and an advocate for women in the field."" From 2008, to recognise her achievements in the fields of information retrieval (IR) and natural language processing (NLP), the Karen Spärck Jones Award is awarded annually to a recipient for outstanding research in one or both of her fields.",22963,"2006-10-30T21:42:30Z",2006,71,10822,3,1
"Q16118","Manuela M. Veloso","female","Portuguese-American computer scientist",1957,9,"1950-69","female","Manuela Maria Veloso (born August 12, 1957) is the Head of J.P. Morgan AI Research & Herbert A. Simon University Professor Emeritus in the School of Computer Science at Carnegie Mellon University, where she was previously Head of the Machine Learning Department.
She served as president of Association for the Advancement of Artificial Intelligence (AAAI) until 2014, and the co-founder and a Past President of the RoboCup Federation. She is a fellow of AAAI, Institute of Electrical and Electronics Engineers (IEEE), American Association for the Advancement of Science (AAAS), and Association for Computing Machinery (ACM). She is an international expert in artificial intelligence and robotics.",9625,"2008-04-21T17:58:30Z",2008,51,6086,7,3
"Q16490","Jeannette Wing","female","American computer scientist",1956,13,"1950-69","female","Jeannette Marie Wing  is the Executive Vice President for Research at Columbia University, where she is also a professor of computer science. Prior to her appointment on September 1, 2021, she served as the Avanessians Director of the Data Science Institute at Columbia University. Until June 30, 2017, she was Corporate Vice President of Microsoft Research with oversight of its core research laboratories around the world and Microsoft Research Connections. Prior to 2013, she was the President's Professor of Computer Science at Carnegie Mellon University, Pittsburgh, Pennsylvania, United States. She also served as assistant director for Computer and Information Science and Engineering at the NSF from 2007 to 2010. She was appointed the Columbia University executive vice president for research in 2021. 

",11383,"2007-06-28T22:04:54Z",2007,51,7122,0,0
"Q50359463","David Ha","male","artificial intelligence researcher",NA,1,"unknown","male","David Ha is a Canadian machine learning researcher, co-founder and CEO of Sakana AI. 

",5336,"2026-05-26T15:51:57Z",2026,NA,1762,0,0
"Q50407565","Mona Singh (scientist)","female","Professor of Computer Science at Princeton University",NA,3,"unknown","female","Mona Singh is an American computer scientist and researcher in the field of computational molecular biology and bioinformatics. She is the Wang Family Professor in Computer Science in the Lewis-Sigler Institute for Integrative Genomics and the Department of Computer Science at Princeton University. Since 2021, she has been the Editor-in-Chief of the Journal of Computational Biology.",7892,"2018-03-12T10:22:07Z",2018,NA,2893,5,5
"Q50413465","Volker Markl","male","computer scientist",1971,1,"1970-89","male","Volker Markl (born 1971) is a German computer scientist and database systems researcher.

",7608,"2021-11-30T15:43:34Z",2021,50,3275,0,1
"Q50495366","François Chollet","male","French machine learning researcher",1989,9,"1970-89","male","François Chollet (French: [fʁɑ̃swa ʃoˈlɛ]; born 20 October 1989) is a French software engineer, artificial intelligence (AI) researcher, and former Senior Staff Engineer at Google. Chollet is the creator of the Keras deep-learning library released in 2015. His research focuses on computer vision, the application of machine learning to formal reasoning, abstraction, and how to achieve greater generality in artificial intelligence (AGI).

",8633,"2021-07-29T19:07:26Z",2021,32,26946,31,30
"Q50937354","Ana Paiva","female","Portuguese artificial intelligence researcher",NA,2,"unknown","female","Ana Maria Severino de Almeida e Paiva is Secretary of State for Science in Portugal since April 5, 2024.  The Portuguese-born secretary is a computer scientist that researches and explores the creation of intelligent interactive robots. Using her knowledge in robotics and artificial intelligence, she designs AI robots to learn and interact with humans the same way other humans do. Along with her organization in GAIPS and students at University of Lisbon, she has written multiple scientific articles about her findings and research, winning notable awards such as Blue Sky Awards at the AAAI (Association for the Advancement of Artificial Intelligence) in 2022.",9851,"2021-10-12T21:57:04Z",2021,NA,1046,0,0
"Q51035916","Timothy Lillicrap","male","Canadian artificial intelligence researcher",NA,1,"unknown","male","Timothy P. Lillicrap is a Canadian neuroscientist and artificial intelligence (AI) researcher, adjunct professor at University College London, and staff research scientist at Google DeepMind, where he has been involved in the AlphaGo and AlphaZero projects mastering the games of Go, Chess and Shogi. His research focuses on machine learning and statistics for optimal control and decision making, as well as using these mathematical frameworks to understand how the brain learns. He has developed algorithms and approaches for exploiting deep neural networks in the context of reinforcement learning, and new recurrent memory architectures for one-shot learning.
His numerous contributions to the field have earned him a number of honours, including the Governor General's Academic Medal, an NSERC Fellowship, the Centre for Neuroscience Studies Award for Excellence, and numerous European Research Council grants. He has also won a number of Social Learning tournaments.",10835,"2020-02-01T16:11:07Z",2020,NA,4103,0,4
"Q51061533","Mario de Jesús Pérez Jiménez","male","Spanish mathematician, computer scientist",1948,2,"pre-1950","male","Mario de Jesús Pérez Jiménez (13 November 1948 – 17 September 2025) was a Spanish computer scientist and academic. He was member of the Academia Europaea. Pérez Jiménez died on 17 September 2025, at the age of 76.

",964,"2025-09-24T17:13:41Z",2025,77,306,0,0
"Q51363202","Yejin Choi","female","Korean American computer science professor and computational linguistics researcher",NA,3,"unknown","female","Yejin Choi (Korean: 최예진; born 1977) is the Dieter Schwarz Foundation Professor and Senior Fellow at the Department of Computer Science at Stanford University and the Stanford Institute for Human-Centered Artificial Intelligence (HAI) respectively. Her research considers natural language processing and computer vision.",14116,"2020-10-01T21:03:00Z",2020,NA,15213,0,0
"Q51680396","Rita Cucchiara","female","Italian computer scientist (1965-)",1965,4,"1950-69","female","Rita Cucchiara (born 13 March 1965) is an Italian computer engineer, academic, and researcher in the field of computer vision and artificial intelligence.  
She has been appointed Rector of the University of Modena and Reggio Emilia (UNIMORE) starting from 1 November 2025, succeeding Carlo Adolfo Porro. She is currently Full Professor of Computer Engineering at UNIMORE, where she directed the AImageLab and the Interdepartmental Research Center AI Research and Innovation (AIRI).",6978,"2020-05-31T05:09:05Z",2020,55,4412,0,0
"Q51884725","Lin-Shan Lee","male","Taiwanese computer scientist",1952,3,"1950-69","male","Lin-Shan Lee (Chinese: 李琳山; born 23 September 1952) is a Taiwanese computer scientist.",3122,"2023-09-10T07:03:15Z",2023,71,371,0,0
"Q52174287","Natasha Noy","female","computer scientist",NA,1,"unknown","female","Natasha Fridman Noy is a Russian-born American Research scientist who works at Google Research in Mountain View, CA, who focuses on making structured data more accessible and usable.  She is the team leader for Dataset Search, a web-based search engine for all datasets. Natasha worked at Stanford Center for Biomedical Informatics Research before joining Google, where she made significant contributions to ontology building and alignment, as well as collaborative ontology engineering. Natasha is on the Editorial Boards of many Semantic Web and Information Systems publications and is the Immediate Past President of the Semantic Web Science Association. From 2011 to 2017, she was the president of the Semantic Web Science Association.",8890,"2018-10-10T03:49:26Z",2018,NA,673,0,2
"Q52555649","Serge Belongie","male","researcher, Cornell University, University of Copenhagen, computer vision, machine learning",NA,2,"unknown","male","Serge Belongie (born 1974) is a professor of Computer Science at the University of Copenhagen, where he also serves as the head of the Danish Pioneer Centre for Artificial Intelligence. Previously, he was the Andrew H. and Ann R. Tisch Professor of Computer Science at Cornell Tech, where he also served as Associate Dean. He has also been a member of the Visiting Faculty program at Google. He is known for his contributions to the fields of computer vision and machine learning, specifically object recognition and image segmentation, with his scientific research in these areas cited over 210,000 times according to Google Scholar. Along with Jitendra Malik, Belongie proposed the concept of shape context, a widely used feature descriptor in object recognition. He has co-founded several startups in the areas of computer vision and object recognition.
Belongie also serves as President of the Board  for the European Laboratory for Learning and Intelligent Systems (ELLIS), an organization concerned with research and collaboration in the realm of artificial intelligence across Europe.",8137,"2018-12-04T21:00:05Z",2018,NA,3037,2,2
"Q135618056","Matt Deitke","male","Artificial intelligence researcher",NA,4,"unknown","male","Matt Deitke (born 2001) is an American artificial intelligence researcher and entrepreneur. As of August 2025, he works at Meta Platforms’s Superintelligence Lab, after accepting a $250 million employment offer, following earlier public attention around declining a $125 million offer from the same company. He is also known for his work at the Allen Institute for AI and as the co-founder of the AI startup Vercept.

",6429,"2025-08-06T03:53:40Z",2025,NA,30452,0,0
"Q135647987","Josh Simons (media executive)","male","Australian musician and media executive (born 1990)",1990,1,"1990+","male","Joshua Timothy Simons (born 27 October 1990) is an Australian-American musician, producer, technology founder, and media executive. He is the chief executive officer of the ASX-listed music and digital media company Vinyl Group and the co-founder of the musician networking platform Vampr, having previously served as the frontman of the indie rock band Buchanan.",27432,"2026-07-18T13:12:27Z",2026,36,741,0,0
"Q136259819","15 (software engineer)","male","American programmer and creator of 15.ai",1999,12,"1990+","male","15 is an American software engineer, computer scientist, and mathematician. He is best known for creating 15.ai, a text-to-speech website credited with popularizing AI voice cloning. The pseudonym 15 is a reference to his claim that 15 seconds of speech is sufficient to clone a voice up to human standards, which was corroborated by OpenAI in 2024.
15 graduated from the Massachusetts Institute of Technology (MIT), where he began developing the technology behind 15.ai as a freshman. The site launched in 2020 and went viral the following year, becoming one of the first mainstream applications of generative AI and the first of audio deepfake technology. In 2022, he exposed the NFT company Voiceverse for plagiarizing 15.ai to promote its partnership with voice actor Troy Baker.
Media outlets and AI researchers have described 15 as an exceptional talent, highlighting 15.ai's non-commercial and indie status in a highly technical field normally dominated by corporations. One of the most well-known people from the brony community, 15 is commonly identified with his ponysona, a light-blue pony original character based on Tadano from Aggretsuko. 15 has supported and founded various fandom-related projects.",17185,"2026-05-30T15:42:13Z",2026,27,15740,0,1
"Q136449410","Shunyu Yao","male","Chinese computer scientist",1998,2,"1990+","male","Shunyu Yao (Chinese: 姚顺雨; born 1998) is a computer scientist specializing in artificial intelligence. He currently serves as a Chief AI Scientist at Tencent.",2433,"2026-06-24T08:08:06Z",2026,28,374,0,0
"Q136721135","Nate Soares","male","artificial intelligence researcher",1989,2,"1970-89","male","Nathaniel Soares, commonly known as Nate Soares, is an American author and artificial intelligence researcher known for his work on existential risk from AI. In 2014, Soares co-authored ""Corrigibility"", a paper published in the proceedings of a 2015 AAAI workshop. Soares and Eliezer Yudkowsky say the paper introduced the term AI alignment problem, referring to the challenge of making increasingly capable AI systems behave as intended. Soares is the president of the Machine Intelligence Research Institute (MIRI), a nonprofit research organization based in Berkeley, California.
In 2025, Soares co-authored If Anyone Builds It, Everyone Dies with Eliezer Yudkowsky. In the book, the authors argue that creating AI far more capable than humans (or superintelligence) “using anything remotely like current techniques” would very likely result in human extinction; they further contend that AI alignment research remains at an early stage and that international regulation will likely be required to prevent developers from racing to build systems that the authors say could be catastrophically dangerous. The book received mixed reviews: The Guardian selected it as ""Book of the day"" and described it as ""clear"" though its conclusions are ""hard to swallow""; The Washington Post characterized it as a polemic that offers few concrete instructions; and The New Yorker featured it in ""Briefly Noted."" Coverage also included reporting in Wired, Semafor, and SFGATE.",18329,"2016-01-28T09:36:47Z",2016,27,84840,13,13
"Q137780875","Ago Luberg","male","Estonian computer scientist (born 1981)",1981,1,"1970-89","male","Ago Luberg (born 27 March 1983) is an Estonian computer scientist and educator at Tallinn University of Technology (TalTech). He has been featured in Estonian media as an expert commentator on the impact of artificial intelligence on work and education.
He has also been cited as the programme director for TalTech's informatics and artificial intelligence bachelor's-level curriculum, launched to train AI specialists for the Estonian labour market.",6497,"2026-01-14T09:30:52Z",2026,45,371,0,0
"Q137917356","Bogdan Nesvit","male","entrepreneur and technology executive",1991,1,"1990+","male","",69,"2026-01-22T12:20:30Z",2026,35,968,0,1
"Q137918961","Dong Yu (computer scientist)","male","chinese-American computer scientist",NA,1,"unknown","male","Dong Yu(俞栋) is a Chinese-American computer scientist, AI researcher, and engineer, known for his research in speech recognition, deep learning, and multi-modal artificial intelligence. He is a Fellow of the Association for Computing Machinery (ACM), the Institute of Electrical and Electronics Engineers (IEEE), and the International Speech Communication Association (ISCA).
Yu is a vice president of AI Foundations at Capital One and chief scientific advisor of Transsion. He previously served as a distinguished scientist and vice general manager at Tencent AI Lab and as chief scientist and vice general manager at Tencent Cloud AI.

",13022,"2026-01-06T19:36:38Z",2026,NA,782,0,0
"Q137924561","Peter Steinberger (programmer)","male","Austrian AI developer and entrepreneur",1986,9,"1970-89","male","Peter Steinberger (born 1986) is an Austrian computer programmer and entrepreneur. He is known as the creator of OpenClaw, an open-source artificial intelligence agent, and as the founder and former CEO of PSPDFKit.

",5545,"2026-03-13T19:55:47Z",2026,40,110337,0,1
"Q10959","Ruzena Bajcsy","female","American computer scientist",1933,23,"pre-1950","female","Ruzena Bajcsy (born 28 May 1933) is an American engineer and computer scientist who specializes in robotics. She is professor of electrical engineering and computer sciences at the University of California, Berkeley, where she is also director emerita of CITRIS (the Center for Information Technology Research in the Interest of Society).
She was previously professor and chair of computer science and engineering at the University of Pennsylvania, where she was the founding director of the University of Pennsylvania's General Robotics and Active Sensory Perception (GRASP) Laboratory, and a member of the Neurosciences Institute in the School of Medicine. She has also been head of the National Science Foundation's Computer and Information Science and Engineering Directorate, with authority over a $500 million budget. She supervised at least 26 doctoral students at the University of Pennsylvania.
She was elected a member of the American Philosophical Society in 2005.
She is the mother of computer-science professor Klara Nahrstedt.

",14266,"2009-02-05T17:13:56Z",2009,76,5919,6,1
"Q11590","Phyllis Fox","female","American mathematician and computer scientist (1923-2017)",1923,12,"pre-1950","female","Phyllis Ann Fox (March 13, 1923 – May 23, 2017) was an American mathematician, electrical engineer and computer scientist.",7124,"2010-05-10T15:30:00Z",2010,87,1021,10,2
"Q11644","Ayanna Howard","female","American roboticist",1972,14,"1970-89","female","Ayanna MacCalla Howard (born January 24, 1972) is an American roboticist, entrepreneur, and educator who will begin serving as the President of Spelman College on August 1, 2026, succeeding Interim President and Chair Emerita Rosalind ""Roz"" Brewer. She previously served as the dean of the College of Engineering at Ohio State University from March 2021 to July 2026. Howard became the first woman to lead the Ohio State College of Engineering.
Howard previously served as the chair of the School of Interactive Computing in the Georgia Tech College of Computing, the Linda J. and Mark C. Smith Endowed Chair in Bioengineering in the School of Electrical and Computer Engineering, and the director of the Human-Automation Systems (Humans) Lab.",18690,"2008-04-01T17:44:22Z",2008,36,16543,0,0
"Q11689","Sabina Jeschke","female","German mechanical engineer",1968,9,"1950-69","female","Sabina Jeschke (born 27 July 1968 in Kungälv, Sweden) is a German university professor for information sciences in mechanical engineering at the RWTH Aachen University. As of 10 November 2017, she was named member of the management board of Deutschen Bahn AG for digitalization and technology. She is also the director of the Cybernetics Lab IMA/ZLW & IfU.
In the summer semester of 2017, she is on sabbatical leave to develop her research in the area of artificial consciousness (artificial / machine consciousness), and is involved in building a think tank ""Strong Artificial Intelligence"" at the Volvo Car Corporation in Göteborg. Since May 2015, Jeschke has been a member of the supervisory board of Körber AG, since April 2012 chairman of the board of VDI Aachen. Beginning of January 2023 she took on an additional position as a senior advisor at Arthur D. Little.",16817,"2012-07-24T15:18:51Z",2012,44,980,0,0
"Q63436647","Marios M. Polycarpou","male","American Cypriot professor of electrical and computer engineering",1962,1,"1950-69","male","Marios M. Polycarpou  (Greek: Μάριος Μ. Πολυκάρπου; born in 1962 )  is a Cypriot electrical engineer, academic and researcher in Artificial Intelligence. In 2023, he was awarded the IEEE Frank Rosenblatt Technical Field Award, for contributions to the theory and application of neural networks and learning systems in monitoring and control.",9798,"2025-01-24T10:34:01Z",2025,63,75,1,0
"Q63535485","Chelsea Finn","female","American computer scientist and professor",NA,4,"unknown","female","Chelsea Finn (born October 8, 1992) is an American computer scientist and assistant professor at Stanford University. Her research investigates intelligence through the interactions of robots, with the hope to create robotic systems that can learn how to learn. She previously worked for Google and currently is a co-founder of the startup Physical Intelligence.",9989,"2022-05-20T21:31:44Z",2022,NA,14607,2,4
"Q63699901","Danqi Chen","female","Chinese-American computer scientist and academic specializing in the AI field of NLP",NA,3,"unknown","female","Danqi Chen (Chinese: 陈丹琦; pinyin: Chén Dānqí, IPA: [ʈ͡ʂʰə̌n tan t͡ɕʰǐ]; born in Changsha, China) is a Chinese computer scientist and assistant professor at Princeton University specializing in the AI field of natural language processing (NLP). In 2019, she joined the Princeton NLP group, alongside Sanjeev Arora, Christiane Fellbaum, and Karthik Narasimhan. She was previously a visiting scientist at Facebook AI Research (FAIR). She earned her Ph.D. at Stanford University and her BS from Tsinghua University.
Chen is the author of Neural Reading Comprehension and Beyond, a dissertation on using artificial intelligence to access knowledge in ordinary and structured documents.  She is the author or co-author of a number of journal articles, including Reading Wikipedia to Answer Open-Domain Questions.
Google's SyntaxNet is based on algorithms developed by Danqi Chen and Christopher Manning at Stanford.
Her primary research interests are in text understanding and knowledge representation and reasoning.
She won a gold medal at the 2008 International Informatics Olympiad. She is known among friends as CDQ. A well known algorithm in competitive programming, CDQ Divide and Conquer, is named after this acronym.
She is married to Huacheng Yu, an assistant professor in theoretical computer science at Princeton University.",5312,"2019-05-06T08:04:03Z",2019,NA,4710,1,1
"Q63870067","Jiří Matas","male","Czech scientist",1964,2,"1950-69","male","Jiří Matas  (Czech pronunciation: [ˈjɪr̝iː ˈmatas]; born 6 August 1964) is a Czech scientist specialising in pattern recognition. His areas of research include visual tracking, object recognition, image matching and retrieval, sequential pattern recognition, and RANSAC-type optimization methods.",4912,"2024-08-29T21:05:31Z",2024,60,564,0,0
"Q64009147","Sham Kakade","male","American computer scientist",NA,1,"unknown","male","Sham Machandranath Kakade is an American computer scientist. He is a Gordon McKay Professor in Computer Science at Harvard University, with a joint appointment in the Department of Statistics. Kakade is a co-director of the Kempner Institute for the Study of Natural and Artificial Intelligence. He co-founded the Algorithmic Foundations of Data Science Institute.",7469,"2019-04-25T20:29:59Z",2019,NA,2657,0,1
"Q64144986","Tang Xiao'ou","male","Chinese computer scientist",1968,2,"1950-69","male","Tang Xiao'ou (汤晓鸥; 24 January 1968 – 15 December 2023) was a Chinese businessman and computer scientist. He was the founder and chairman of SenseTime, an AI company. He also served as professor of information engineering, associate dean of engineering, and outstanding fellow of engineering at the Chinese University of Hong Kong.
Tang's research primarily focused on areas such as computer vision, pattern recognition, and video processing. Tang was honored with the Best Paper Award at the 2009 IEEE Conference on Computer Vision and Pattern Recognition. He served as the programme chair in 2009 and the general chair in 2019 for the IEEE International Conference on Computer Vision. His editorial contributions include roles as an Associate Editor for both the IEEE Transactions on Pattern Analysis and Machine Intelligence and the International Journal of Computer Vision. Additionally, Tang has been recognised as a Fellow of the IEEE.",13150,"2019-05-28T15:14:34Z",2019,51,7683,2,1
"Q64415919","Ebrahim Mamdani","male","American electrical engineering researcher (1942-2010)",1942,6,"pre-1950","male","Ebrahim (Abe) H. Mamdani (1 June 1942 – 22 January 2010) was a mathematician, computer scientist, electrical engineer and artificial intelligence researcher, from Tanzania. He worked at Queen Mary College and Imperial College London.",4346,"2019-06-05T12:45:14Z",2019,77,7846,1,1
"Q64769299","Paul Christiano","male","American artificial intelligence researcher",NA,5,"unknown","male","Paul Christiano is an American researcher in the field of artificial intelligence (AI), with a specific focus on AI alignment, which is the subfield of AI safety research that aims to steer AI systems toward human interests. He is the founder and executive director of the Alignment Research Center (ARC), a nonprofit that develops methods for finding mechanistic explanations of neural network behavior, and serves on the OpenAI Foundation's board and its Safety and Security Committee.
Christiano worked at OpenAI from 2017 to 2021, where he led the language model alignment team and became one of the principal architects of reinforcement learning from human feedback (RLHF). He founded ARC in 2021 and in 2024 became Head of Safety for the U.S. AI Safety Institute (now the Center for AI Standards and Innovation) inside NIST, before returning to ARC as executive director in August 2026. He was also an initial trustee of Anthropic's Long-Term Benefit Trust. In 2023, Christiano was named to the TIME 100 Most Influential People in AI and appointed to the advisory board of the UK government's Frontier AI Taskforce.",16509,"2023-06-02T17:34:09Z",2023,NA,21919,14,13
"Q64819738","Sheila McIlraith","female","professor of computer science",1960,1,"1950-69","female","Sheila Ann McIlraith is a Canadian computer scientist specializing in artificial intelligence. She is a Professor in the Department of Computer Science, University of Toronto. She is a Canada CIFAR AI Chair, a faculty member of the Vector Institute, and Associate Director and Research Lead of the Schwartz Reisman Institute for Technology and Society.",8127,"2019-12-11T23:56:32Z",2019,59,1110,2,1
"Q64867104","Igor L. Markov","male","American computer scientist and engineer",1973,2,"1970-89","male","Igor Leonidovich Markov (born 31 March 1973) is a Ukrainian-American computer scientist and engineer. A former professor of electrical engineering and computer science at the University of Michigan, Markov is known for contributions in quantum computation, algorithms for integrated circuit optimization, electronic design automation, artificial intelligence platforms, and AI for chip design. He authored a widely cited 2014 review in Nature on limits to computation. Markov is a Fellow of IEEE, a Distinguished Scientist with the Association for Computing Machinery, and a Distinguished Architect at Synopsys. Markov currently serves on the board of Nova Ukraine, a U.S.-based nonprofit that has delivered large-scale humanitarian aid to Ukraine, where he has participated in oversight and fundraising activities.",56405,"2023-08-07T00:49:16Z",2023,50,7179,0,0
"Q65029474","Gregory D. Hager","male","American computer scientist",1961,2,"1950-69","male","Gregory D. Hager (born May 9, 1961) is the Mandell Bellmore Professor of Computer Science and founding director of the Johns Hopkins Malone Center for Engineering in Healthcare at Johns Hopkins University.
His principal areas of research are collaborative and vision-based robotics, time-series analysis of image data, and medical applications of image analysis and robotics. Hager develops real-time computer vision algorithms for robotic systems. His work offers novel applications for automated surgical training, medical imaging and diagnostics, and computer-enhanced interventional medicine.",18165,"2019-05-01T16:56:31Z",2019,58,1063,0,0
"Q65030493","Larry Harris (computer scientist)","male","American AI researcher and businessman",1947,2,"pre-1950","male","Larry R. Harris is an American researcher and businessperson. He is best known for his work in artificial intelligence, and is founder of the companies AICorp and EasyAsk, originally known as Linguistic Technology Corporation.",6191,"2019-06-20T02:19:32Z",2019,72,713,0,0
"Q65122342","Jiebo Luo","male","Chinese-American computer scientist",1967,1,"1950-69","male","Jiebo Luo (Chinese: 罗杰波; born 1967) is a Chinese-American computer scientist and the Albert Arendt Hopeman Professor of Engineering and professor of computer science at the University of Rochester. His research covers computer vision, machine learning, and the analysis of multimedia and social media data.
He received the IEEE Computer Society's Edward J. McCluskey Technical Achievement Award in 2025 and the ACM SIGMM Technical Achievement Award in 2021.
He is a fellow of AIMBE, NAI, AAAI, ACM, IAPR, IEEE, and SPIE, and a member of Academia Europaea.",26609,"2019-07-03T11:12:51Z",2019,52,1402,0,0
"Q65921584","Nathalie Japkowicz","female","Canadian computer scientist",NA,1,"unknown","female","Nathalie Japkowicz is a Canadian computer scientist specializing in machine learning. She is a professor and department chair of computer science at the American University College of Arts and Sciences.

",5944,"2023-04-29T17:28:17Z",2023,NA,443,0,0
"Q138241552","Anatolii Kasianov","male","technology entrepreneur and business executive",1995,1,"1990+","male","Anatolii Kasianov (born 27 October 1995) is a Ukrainian technology entrepreneur and software developer, known as the co-founder and co-chief executive officer (Co-CEO) of Holywater Tech, a global technology company specializing in AI-first entertainment products.",12239,"2026-01-22T12:57:37Z",2026,31,613,1,0
"Q138502769","Younes Bensouda Mourri","male","Moroccan computer scientist (born 1995)",NA,2,"unknown","male","Younes Bensouda Mourri, is a Moroccan computer scientist, educator, and entrepreneur. He is known for founding LiveTech.AI, a generative AI platform that works with education ministries and academic institutions. Additionally, Mourri teaches computer science at Stanford University and has been involved in the development of online courses related to artificial intelligence.",9856,"2026-02-26T11:27:17Z",2026,NA,882,0,0
"Q138569938","Sheena Lovia Boateng","female","Ghanaian woman academian",NA,4,"unknown","female","Sheena Lovia Boateng is a Ghanaian academic in marketing and entreprenuership. She is an associate professor at the University of Ghana Business School (UGBS), the executive director of PearlRichards Foundation, and the founder of the Women in Tertiary Education (WITE) Network. She is the first woman to receive a doctorate in marketing from the University of Ghana, as well as the university's first woman hired as a professor of marketing and entrepreneurship.",5694,"2026-03-04T11:18:33Z",2026,NA,238,0,0
"Q138648169","Yan Junjie","male","Chinese businessman (born 1989)",1989,2,"1970-89","male","Yan Junjie (Chinese: 闫俊杰; pinyin: Yán Jùnjié; born 1989) is a Chinese businessman and the co-founder and chief executive officer of the artificial intelligence (AI) company MiniMax Group.",5076,"2026-03-14T17:17:26Z",2026,37,8329,0,2
"Q139488903","José Parra Moyano","male","Spanish academic",1991,1,"1990+","male","José Parra Moyano is a Spanish academic and researcher specializing in digital strategy, artificial intelligence, and data analytics. He is a professor of digital strategy at IMD Business School in Switzerland.",7923,"2026-04-16T07:27:17Z",2026,35,588,0,0
"Q141395021","Jacob Coxon","male","British AI researcher",1999,4,"1990+","male","",108,"2026-09-09T18:45:15Z",2026,27,119728,0,26
"Q51781","Katia Sycara","female","Greek-American computer scientist",NA,8,"unknown","female","Ekaterini Panagiotou Sycara (Greek: Κάτια Συκαρά) is a Greek computer scientist. She is an Edward Fredkin Research Professor of Robotics in the Robotics Institute, School of Computer Science at Carnegie Mellon University internationally known for her research in artificial intelligence, particularly in the fields of negotiation, autonomous agents and multi-agent systems. She directs the Advanced Agent-Robotics Technology Lab at Robotics Institute, Carnegie Mellon University. She also serves as academic advisor for PhD students at both Robotics Institute and Tepper School of Business.",10945,"2007-04-03T09:47:28Z",2007,NA,1898,6,1
"Q62901","Sebastian Thrun","male","German-American entrepreneur (born 1967)",1967,14,"1950-69","male","Sebastian Thrun (born May 14, 1967)  is a German-American computer scientist, entrepreneur, and educator. He is an adjunct professor at Stanford University and is known for his work in self-driving cars, robotics, artificial intelligence, and online education. He is the co-founder of Google X, co-founder of Udacity, and former chief executive officer of Kitty Hawk Corporation.
He is widely recognized for his contributions to autonomous driving systems, particularly as leader of the Google Chauffeur Project (now known as Waymo) and as the leader of the Stanford Racing that won the 2005 DARPA Grand Challenge, an event widely credited with accelerating research in self-driving technology.",39624,"2005-12-27T14:39:26Z",2005,38,73607,11,7
"Q65923736","Nick Zhang","male","American computer scientist",1963,3,"1950-69","male","Nick Zhang (Chinese: 张晓东 (Zhāng Xiǎodōng); born 30 August 1963) is a Chinese writer specializing in philosophy and history of science, and chairman of the Wuzhen Institute. In 2017, his book A Brief History of Artificial Intelligence was awarded Top 10 Books of Southern Metropolis Daily. In 2018, he won Wu Wenjun Artificial Intelligence Science and Technology Award.",6419,"2019-07-04T09:55:59Z",2019,56,517,0,0
"Q66497786","Janelle Shane","female","American artificial intelligence researcher and writer",2000,1,"1990+","female","Janelle Shane is an optics research scientist, artificial intelligence researcher, writer, and public speaker. She keeps a popular science blog called AI Weirdness, where she documents various machine learning algorithms, both ones submitted by readers and ones she personally creates.  Shane's first book You Look Like A Thing And I Love You: How AI Works And Why It's Making The World A Weirder Place was published in November 2019 covering many of the topics from her AI Weirdness blog for a general audience.

",7163,"2019-08-15T22:04:31Z",2019,19,2689,0,0
"Q66735990","Lenka Zdeborová","female","Czech physicist and computer scientist",1980,6,"1970-89","female","Lenka Zdeborová (born 24 November 1980) is a Czech physicist and computer scientist who applies methods from statistical physics to machine learning and constraint satisfaction problems. She is a professor of physics and computer science and communication systems at EPFL (École Polytechnique Fédérale de Lausanne).",7418,"2019-10-04T00:43:56Z",2019,39,2896,0,0
"Q67091030","Byron Boots","male","Roboticist",1981,1,"1970-89","male","Byron Boots is an American professor of machine learning and robotics. He is the Amazon Professor of Machine Learning at the University of Washington (UW). Boots is also the co-founder and chief executive officer of Overland AI, a technology startup.",4464,"2024-11-15T07:32:18Z",2024,43,1836,0,0
"Q67151555","Bonnie Dorr","female","American computer scientist",NA,1,"unknown","female","Bonnie Jean Dorr is an American computer scientist specializing in natural language processing, machine translation, automatic summarization, social computing, and explainable artificial intelligence. She is a professor and director of the Natural Language Processing Research Laboratory in the Department of Computer & Information Science & Engineering at the University of Florida. Gainesville, Florida She is professor emerita of computer science and linguistics and former dean at the University of Maryland, College Park, former associate director at the Florida Institute for Human and Machine Cognition,, and former president of the Association for Computational Linguistics.",11471,"2019-10-27T21:54:56Z",2019,NA,686,0,0
"Q67220557","Kenneth Stanley","male","American computer scientist",NA,2,"unknown","male","Kenneth Owen Stanley is an artificial intelligence researcher, author, and former professor of computer science at the University of Central Florida known for creating the Neuroevolution of augmenting topologies (NEAT) algorithm. He coauthored Why Greatness Cannot Be Planned: The Myth of the Objective with Joel Lehman which argues for the existence of the ""objective paradox"", a paradox which states that ""soon as you create an objective, you ruin your ability to reach it"". While a professor at the University of Central Florida, he was the director of the Evolutionary Complexity Research Group (EPlex) which led the development of Galactic Arms Race. He also developed the HyperNEAT, CPPNs, and novelty search algorithms. He also co-founded Geometric Intelligence, an AI research firm, in 2015.",14541,"2022-06-09T20:22:31Z",2022,NA,5358,0,2
"Q67898093","Pearl Pu","female","Swiss computer scientist",1961,1,"1950-69","female","Pearl Pu is a Chinese-born Swiss computer scientist known for her work on human-computer interaction with Artificial Intelligence systems, starting with work on  using case-based reasoning for intelligent Computer-aided design.",7817,"2019-06-18T03:43:06Z",2019,58,923,0,0
"Q68544145","Christine Piatko","female","Computer scientist",NA,2,"unknown","female","Christine Diane Piatko is a computer scientist known for her heavily cited publications on k-means clustering, high-dynamic-range imaging, computer graphics, and document classification.
Piatko is a 1986 graduate of New York University with a B.A. in Mathematics and Computer Science. She completed her Ph.D. in 1993 at Cornell University. Her dissertation, Geometric Bicriteria Optimal Path Problems, was supervised by Joseph S. B. Mitchell. She is an assistant research professor in the computer science department at Johns Hopkins University, and a research computer scientist in the Johns Hopkins Applied Physics Laboratory.",2228,"2019-09-25T06:37:32Z",2019,NA,233,0,0
"Q68957942","Dominik Boesl","male","German computer scientist, robotics executive, epistemologist, professor, manager, academic, expert on robotics and AI governance",1983,3,"1970-89","male","Dominik Bösl (also published as Dominik B. O. Boesl and Dominik Bosl) is a German computer scientist, robotics executive, epistemologist and academic.  He was professor of Business Informatics at the University of Applied Sciences of the Bavarian Economy (Hochschule der Bayerischen Wirtschaft, HDBW) in Munich, adjunct professor at the Technical University of Munich (TUM) at the TUM Institute of Lifelong Learning, and founder & CEO of the Innomancer Thinktank.
Bösl’s research and public writing focus on the societal implications of robotics, automation and artificial intelligence, including robotic governance, robotic natives and the four-phase model of robotics evolution known as the 4 Robotic Revolutions.",23190,"2025-10-26T06:52:30Z",2025,42,481,0,0
"Q72101712","Daniel Povey","male","British speech recognition researcher",NA,2,"unknown","male","Daniel Povey is a British researcher in the fields of speech recognition and artificial intelligence. After graduating from Cambridge University, he held research positions at Microsoft and IBM from 2003 to 2012. He worked at Johns Hopkins University as a nontenured associate research professor in the Whiting School of Engineering prior to being fired in August 2019. Later in August 2019, after being fired by Johns Hopkins, Povey was slated to begin working for Facebook, but he rejected Facebook's conditions of employment just days before he would have begun working for them. He was appointed the chief speech scientist at Xiaomi in November 2019, and continued to hold this position as of October 2020. He is also the primary architect and maintainer of Kaldi.",6737,"2021-03-30T14:18:19Z",2021,NA,2070,0,0
"Q72740096","Kristian Kersting","male","German computer scientist",1967,2,"1950-69","male","Kristian Kersting (born November 28, 1973, in Cuxhaven, Germany) is a German computer scientist. He is Professor of Artificial intelligence and Machine Learning at the Department of Computer Science at the Technische Universität Darmstadt, Head of the Artificial Intelligence and Machine Learning Lab (AIML) and Co-Director of hessian.AI, the Hessian Center for Artificial Intelligence.
He is known for his research on statistical relational artificial intelligence, probabilistic programming, and deep probabilistic learning.",7931,"2019-10-28T12:31:52Z",2019,52,1555,1,2
"Q73389455","Carina González","female","researcher",1971,2,"1970-89","female","Carina Soledad González González (Resistencia, 1971) is an Argentinian researcher, professor of Computer Architecture Technology at the University of La Laguna. Her research focuses in the application of artificial intelligence techniques in the education, the adaption and the customization of interfaces and the educational games, as well as the e-learning systems.

",6707,"2023-10-12T16:57:28Z",2023,52,357,0,0
"Q75738671","Daniel Kokotajlo","male","American AI researcher (born 1992)",1992,6,"1990+","male","Daniel Bendisi Kokotajlo is an artificial intelligence (AI) researcher. He was a researcher in the governance division of OpenAI from 2022 to 2024. He leads the AI Futures Project and co-wrote the scenarios AI 2027 and AI 2040: Plan A.

",9799,"2025-04-19T03:52:35Z",2025,33,49519,40,39
"Q76434485","Olga Russakovsky","female","Russian computer scientist",1950,2,"1950-69","female","Olga Russakovsky is an associate professor of computer science at Princeton University. Her research investigates computer vision and machine learning. She was one of the leaders of the ImageNet Large Scale Visual Recognition challenge and has been recognised by MIT Technology Review as one of the world's top young innovators.

",12466,"2019-11-24T20:03:33Z",2019,69,12082,1,1
"Q76448707","Lex Fridman","male","American computer scientist and podcaster",1983,26,"1970-89","male","Alexei ""Lex"" Fridman (; born 15 August 1983) is an American computer scientist and podcaster. Since 2018, he has hosted the Lex Fridman Podcast, where he interviews notable figures from various fields such as science, technology, sports, the arts, and politics.
Fridman rose to prominence in 2019 after Elon Musk praised a study Fridman authored at MIT, which concluded that drivers remained focused while using Tesla's semi-autonomous driving system. The study was not peer-reviewed and was criticized by AI experts. That year Fridman transitioned to an unpaid role at MIT AgeLab, and since 2022 has worked as a research scientist at the MIT Laboratory for Information and Decision Systems (LIDS). As of February 2024, Fridman lives in Texas and is employed at MIT.",21244,"2022-01-10T05:30:26Z",2022,39,397592,6,1
"Q77021524","Steven L. Brunton","male","mechanical engineer",1984,1,"1970-89","male","Steven L. Brunton is an American mechanical engineer and applied mathematician. He is the Boeing Professor of AI & Data-Driven Engineering at the University of Washington, where his research focuses on applying machine learning to dynamical systems, fluid mechanics, and control theory. He serves as Director of NSF AI Institute in Dynamic Systems, the AI Center for Dynamics and Control (ACDC), and the AI for Engineering Education Institute (AIEEI).",5252,"2025-06-07T01:07:37Z",2025,41,6622,0,0
"Q78173281","Jesse Shanahan","female","American disability activist and astrophysicist",NA,3,"unknown","female","Jesse Shanahan is an American disability activist and AI researcher. She co-founded the American Astronomical Society's Working Group on Accessibility and Disability. She is also the chief technology officer of Another Round, an online personal training platform

",5863,"2019-12-09T05:50:04Z",2019,NA,606,0,0
"Q79083553","Rachel Thomas (academic)","female","American computer scientist",1983,2,"1970-89","female","Rachel Thomas is an American computer scientist and founding Director of the Center for Applied Data Ethics at the University of San Francisco. Together with Jeremy Howard, she is co-founder of fast.ai. Thomas was selected by Forbes magazine as one of the 20 most ""incredible women"" in artificial intelligence.",10279,"2019-12-18T23:09:49Z",2019,36,2869,1,1
"Q79178899","Jennifer Wortman Vaughan","female","machine learning researcher",NA,2,"unknown","female","Jennifer (Jenn) Wortman Vaughan is an American computer scientist and Senior Principal Researcher at Microsoft Research focusing mainly on building responsible artificial intelligence (AI) systems as part of Microsoft's Fairness, Accountability, Transparency, and Ethics in AI (FATE) initiative. Jennifer is also a co-chair of Microsoft's Aether group on transparency that works on operationalizing responsible AI across Microsoft through making recommendations on responsible AI issues, technologies, processes, and best practices. Jennifer is also active in the research community, she served as the workshops chair and the program co-chair of the Conference on Neural Information Processing Systems (NeurIPs) in 2019 and 2021, respectively. She currently serves as Steering Committee member of the Association for Computing Machinery Conference on Fairness, Accountability and Transparency. Jennifer is also a senior advisor to Women in Machine Learning (WiML), an initiative co-founded by Jennifer in 2006 aiming to enhance the experience of women in Machine Learning.",7525,"2022-02-05T22:50:17Z",2022,NA,1141,0,0
"Q79864486","John A. Bateman","male","British linguist and semiotician",1957,5,"1950-69","male","John Arnold Bateman (born 1957) is a British linguist and semiotician known for his research on natural language generation and multimodality. He has worked at Kyoto University, the USC Information Sciences Institute, the German National Research Center for Information Technology, Saarland University, and the University of Stirling. As of 2023, he is Professor of English Applied Linguistics at the University of Bremen in Germany.",4626,"2020-01-25T20:49:07Z",2020,63,855,0,0
"Q80362266","Helen Chan Wolf","female","artificial intelligence pioneer",NA,4,"unknown","female","Helen Chan Wolf is an artificial intelligence pioneer who worked on facial recognition technology and Shakey the robot, the world's first autonomous robot, at SRI International. 

",5082,"2019-12-30T15:41:46Z",2019,NA,971,0,1
"Q80556098","Gerald Tesauro","male","researcher",NA,1,"unknown","male","Gerald J. ""Gerry"" Tesauro is an American computer scientist and a researcher at IBM, known for his development of TD-Gammon, a backgammon program that taught itself to play at a world-championship level through self-play and temporal difference learning, an early success in reinforcement learning and neural networks. He subsequently researched on autonomic computing, multi-agent systems for e-commerce, and contributed to the game strategy algorithms for IBM Watson.",18030,"2025-05-12T23:12:06Z",2025,NA,1779,0,1
"Q81469246","Frank Keller","male","professor of computational cognition at the School of Informatics, University of Edinburgh",1950,1,"1950-69","male","Frank Keller is a professor of computational cognition at the School of Informatics, University of Edinburgh and director at the Institute for Language, Cognition and Computation.
Keller got his B.S. from the University of Stuttgart and then got his Ph.D. from the University of Edinburgh. He then served as postdoc at Saarland University and Massachusetts Institute of Technology, before managing European Network on Vision and Language Committee and serving as a member of the European Association for Computational Linguistics' governing board.

",2073,"2010-11-07T13:26:15Z",2010,60,593,0,1
"Q83699520","Carme Artigas","female","Spanish politician and businessperson",1968,6,"1950-69","female","Carme Artigas Brugal (Vilassar de Mar, 5 April 1968) is a Spanish executive, politician and businesswoman, primarily dedicated to the technology sector.",4195,"2023-11-05T15:57:07Z",2023,55,1694,2,0
"Q85199730","Wolfgang Ketter","male","German artificial intelligence scientist",NA,1,"unknown","male","Wolfgang Ketter (born Traben-Trarbach, Germany, 1972) is Chaired Professor of Information Systems for a Sustainable Society at the University of Cologne. and a prominent scientist in the application of artificial intelligence, machine learning and intelligent agents in the design of smart markets, including demand response mechanisms and in particular automated auctions. He is a co-founder of the open energy system platform Power TAC, an automated retail electricity trading platform that simulates the performance of retail markets in an increasingly prosumer- and renewable-energy-influenced electricity landscape.",7577,"2020-02-14T20:50:48Z",2020,NA,539,0,0
"Q85340963","Lorien Pratt","female","American data scientist",NA,1,"unknown","female","Lorien Pratt is an American computer scientist known for contributions to transfer learning  and for her work in promoting and developing the concept of decision intelligence. She is chief scientist and founder of Quantellia. Since 1988, she has conducted research on the use of machine learning as an academic, professor, industry analyst, and practicing data scientist. Pratt received her AB degree in computer science from Dartmouth College and her master's and doctorate degrees in computer science from Rutgers University.",5077,"2022-08-03T23:03:08Z",2022,NA,819,0,0
"Q85418960","Mária Bieliková","female","Slovak computer scientist (born 1966)",1966,10,"1950-69","female","Mária Bieliková is a Slovak computer scientist who specializes in human-computer interaction and trustworthy artificial intelligence. She is the CEO of the Kempelen Institute of Intelligent Technologies (KInIT).",7166,"2024-09-30T11:15:51Z",2024,58,988,0,0
"Q93953866","Marine Carpuat","female","computational linguist at University of Maryland",NA,1,"unknown","female","Marine Carpuat is a computer scientist who works on machine translation and natural language processing. She is known for her research connecting cross-lingual semantics with machine translation. She has been recognized with
a NSF Career Award in 2018, a Google Research award in 2016, and Amazon Faculty Awards in 2016 and 2018.",5284,"2021-04-06T20:07:15Z",2021,NA,540,1,0
"Q93953875","Mona Diab","female","computational linguist and responsible AI researcher",NA,4,"unknown","female","Mona Talat Diab (Arabic: منى طلعت دياب) is an Egyptian-American computer science professor and director of Carnegie Mellon University's Language Technologies Institute.  Previously, she was a professor at George Washington University and a research scientist with Facebook AI. Her research focuses on natural language processing, computational linguistics, cross lingual/multilingual processing, computational socio-pragmatics, Arabic language processing, and applied machine learning.",14129,"2021-03-12T01:01:44Z",2021,NA,2165,0,2
"Q93953917","Chris Callison-Burch","male","Professor of Computer and Information Science at University of Pennsylvania",NA,1,"unknown","male","Chris Callison-Burch is an American computer scientist and professor of computer and information science at the University of Pennsylvania (Penn), specializing in natural language processing (NLP), artificial intelligence (AI), and crowdsourcing. He is recognised for his contributions to machine translation, paraphrase generation, and the application of large language models (LLMs) to AI challenges, with over 200 publications cited more than 33,000 times. Callison-Burch has influenced public policy on AI and copyright, testifying before the U.S. Congress in 2023 on generative AI’s implications. He serves as the faculty director for Penn’s Online Master of Science in Engineering in AI program.",24185,"2025-09-14T11:30:04Z",2025,NA,1905,0,1
"Q93953929","Ani Nenkova","female","computational linguist at University of Pennsylvania",NA,1,"unknown","female","Ani Nenkova is principal scientist at Adobe Research, currently on leave from her position as an associate professor of computer and information science at the University of Pennsylvania. Her research focuses on computational linguistics and artificial intelligence, with an emphasis on developing computational methods for analysis of text quality and style, discourse, affect recognition, and summarization.

",6912,"2021-06-10T14:38:34Z",2021,NA,907,0,1
"Q93956275","Aslı Çelikyılmaz","female","computational linguist at Microsoft Research",NA,1,"unknown","female","Aslı Çelikyılmaz is an engineer specializing in natural language processing, and particularly in natural language generation for software agents with advanced reasoning and real-world modeling capabilities. Educated in Turkey and Canada, she works in the US as senior research lead at Fundamentals AI Research, Meta. She also holds an affiliate faculty position in computer science at the University of Washington, and is co-editor-in-chief of the journal Transactions of the Association for Computational Linguistics.

",3827,"2026-01-08T23:21:25Z",2026,NA,544,1,0
"Q94688057","Bernardo Kastrup","male","Dutch computer scientist and philosopher",1974,9,"1970-89","male","Bernardo Kastrup (born 21 October 1974) is a Dutch philosopher and computer engineer best known for his work in consciousness studies and the development of analytic idealism, a form of metaphysical idealism developed within the analytic tradition. He questions physicalism and argues that consciousness lies at the foundation of reality.
Kastrup serves as executive director of the Essentia Foundation, a Dutch nonprofit dedicated to education, writing, and research in the field of consciousness studies and metaphysics. He is also the founder and CEO of the AI systems company Euclyd.",21150,"2024-08-09T19:04:53Z",2024,50,84671,0,0
"Q94960976","Kaiming He","male","Chinese computer and AI researcher",NA,3,"unknown","male","Kaiming He (Chinese: 何恺明; pinyin: Hé Kǎimíng) is a Chinese computer scientist who primarily researches computer vision and deep learning. He is an associate professor at Massachusetts Institute of Technology and works part-time as a Distinguished Scientist at Google DeepMind. He is known as one of the creators of the residual neural network (ResNet) architecture.",5813,"2024-03-13T02:11:17Z",2024,NA,25631,1,1
"Q94979545","Nicole Immorlica","female","Theoretical computer scientist",1978,2,"1970-89","female","Nicole Immorlica (born November 26, 1978) is a theoretical computer scientist at Yale University and Microsoft Research, known for her work on algorithmic game theory and locality-sensitive hashing.",2697,"2020-05-21T04:47:27Z",2020,42,1375,0,0
"Q95841036","Blaž Zupan","male","Slovenian computer scientist",1968,2,"1950-69","male","Blaž Zupan (born 26 January 1968 in Postojna, Yugoslavia), is a Slovenian computer scientist and university professor.",10501,"2021-01-02T12:30:09Z",2021,53,742,0,0
"Q96015811","Yixin Chen","male","American computer scientist (born 1979)",1979,1,"1970-89","male","Yixin Chen is a professor of computer science and engineering at Washington University in St. Louis. He is known for his contributions to deep learning systems.
Chen is an IEEE Fellow and an AAAI Fellow.",8163,"2023-01-25T07:32:27Z",2023,44,818,0,0
"Q96083446","Catherine D'Ignazio","female","American academic (born 1975)",1975,8,"1970-89","female","Catherine D'Ignazio (also known as kanarinka) is an American professor, artist, and software developer who focuses on feminism and data literacy. She is the director of the Data + Feminism lab at MIT. D'Ignazio is best known for her hackathons, such as ""Make the Breast Pump Not Suck"", and for her books; Data Feminism, co-authored with Lauren Klein,and Counting Feminicide: Data Feminism in Action. D'Ignazio currently lives and works in Cambridge, MA.

",7676,"2020-02-17T16:18:20Z",2020,45,2345,0,0
"Q96741773","Deborah Washington Brown","female","US computer scientist and speech recognition researcher",1952,7,"1950-69","female","Deborah Washington Brown (June 3, 1952 – June 5, 2020) was an American computer scientist who worked at AT&T Bell Labs in speech recognition research. She became the first black woman to earn a doctorate in computer science (then a part of their applied math program) at Harvard University in 1981, and was one of the first black female computer scientists to graduate from a US doctoral program.",9271,"2020-06-28T12:17:50Z",2020,68,1010,0,0
"Q97454550","Michal Valko","male","Franco-Slovak Artificial Intelligence scientist",NA,1,"unknown","male","Michal Valko is a French-Slovak computer scientist and artificial intelligence researcher. He has held research positions at Inria, Google DeepMind and Meta AI, and has taught in the MVA master's programme at ENS Paris-Saclay. At Meta, he worked on reinforcement learning and post-training for Llama 3.
His research spans machine learning, reinforcement learning, self-supervised learning and large language models. In 2014, he introduced implicit exploration (IX), an approach to exploration in adversarial multi-armed bandit problems. At DeepMind, he led the team that developed Bootstrap Your Own Latent (BYOL), a self-supervised representation-learning method. In 2023, he and his co-authors received an ICML Outstanding Paper Award for work on learning in zero-sum imperfect-information games. In 2024, he co-authored Nash Learning from Human Feedback (NLHF), which formulates preference learning using a pairwise preference model and a Nash-equilibrium objective.",31987,"2026-08-13T16:14:26Z",2026,NA,476,0,0
"Q97924674","Hubert Mara","male","Austrian computer scientist, specialized in Archaeoinformatics",1975,3,"1970-89","male","Hubert Mara is an Austrian Computer Scientist who specializes in Archaeoinformatics and the application of methods from computer science to the humanities, and thus a combination of these fields.

",9526,"2022-06-13T13:56:57Z",2022,47,427,0,0
"Q97958804","Helen Hastie","female","British AI scientist",NA,1,"unknown","female","Helen Hastie is the Head of the School of Informatics of the University of Edinburgh and a RAEng/Leverhulme Trust Senior Research Fellow. She specialises in Human-Robot Interaction and Multimodal interfaces. Hastie has undertaken projects such as AI personal assistants for remote robots, autonomous systems and spoken dialogue systems for sectors in defence and energy. She is a Fellow of the Royal Society of Edinburgh.",7369,"2022-10-12T11:34:38Z",2022,NA,2802,0,0
"Q98681437","Deborah G. Johnson","female","American philosopher and computer ethicist",1945,3,"pre-1950","female","Deborah G. Johnson (born 1945) is an American philosopher and ethicist known for her  work in computer ethics, engineering ethics, and the ethical, social, and policy implications of emerging technologies. She is Anne Shirley Carter Olsson Professor of Applied Ethics, Emeritus, in the Department of Engineering and Society at the University of Virginia. Johnson is known as one of the founding figures in the field of computer ethics, having authored one of the earliest textbooks on the subject and contributed extensively to debates about technology, responsibility, and public policy.
She was President of the International Society for Ethics and Information Technology and President of the Society for Philosophy and Technology
Her book Computer Ethics (1985) was the first significant textbook in the discipline and rapidly became the main resource used in computer ethics courses at universities.",22901,"2024-12-03T08:25:43Z",2024,79,2644,0,0
"Q98785095","Adji Bousso Dieng","female","Senegalese computer scientist",NA,7,"unknown","female","Adji Bousso Dieng is a Senegalese computer scientist and statistician working in the field of Artificial Intelligence. Her research bridges probabilistic graphical models and deep learning to discover meaningful structure from unlabelled data. She is currently an Artificial Intelligence Research Scientist at Google Brain in Mountain View, California. In 2021, she started her tenure-track faculty position at Princeton University, becoming the first Black female faculty member in the School of Engineering and Applied Science as well as the first Black faculty member ever in the Department of Computer Science. Dieng recently founded the non-profit “The Africa I Know” (TAIK) with the goal to inspire young Africans to pursue careers in STEM and AI by showcasing African role models, informing the general public about developments in STEM and AI by Africans, and educating the general public about the rich history of Africa.

",24397,"2020-12-27T21:15:54Z",2020,NA,3065,0,2
"Q99433114","Raymond J. Mooney","male","American computer scientist",NA,2,"unknown","male","Raymond J. Mooney is an American computer scientist, professor of computer science, and director of the Artificial Intelligence laboratory at the University of Texas at Austin. His research focuses on machine learning and natural language processing.
He was educated at O'Fallon Township High School in O'Fallon, Illinois and earned a BS, MS, and Ph.D. in computer science at the University of Illinois at Urbana-Champaign, where he was advised by Gerald DeJong.
He is a fellow of the Association for Computing Machinery (ACM), Association for Computational Linguistics (ACL), and Association for the Advancement of Artificial Intelligence (AAAI).

",3095,"2020-09-16T05:19:46Z",2020,NA,844,0,0
"Q100797798","Joseph Steinberg (cybersecurity)","male","American cybersecurity expert, and expert witness",1980,1,"1970-89","male","Joseph Steinberg is a cybersecurity expert. He has written extensively and lectured on the subject and has also registered a number of patents in the area.",4552,"2025-03-31T09:22:08Z",2025,45,1042,0,0
"Q102078476","Levent Alpöge","male","Turkish mathematician",1992,5,"1990+","male","Levent Hasan Ali Alpöge (born April 1, 1992) is an American and Turkish mathematician. He is known for his work in number theory and arithmetic statistics. He was a junior fellow in the Harvard Society of Fellows and later joined the artificial-intelligence company Anthropic as a member of the technical staff. In 2025, he and collaborators gave a second proof that Hilbert's tenth problem has a negative answer over the ring of integers of every algebraic number field, a result originally established by Koymans and Pagano in 2024. 
On July 19, 2026, Alpöge presented an explicit counterexample to the Jacobian conjecture in three-dimensional space, stating that it was discovered using the Claude Fable 5 AI model. He announced a counterexample to the Carathéodory conjecture on August 19, 2026 using the model. Four days later, he announced a positive answer to Hopf's problem concerning the existence of a complex structure on a 6-dimensional sphere using AI tools.
His AI-assisted work on Navier–Stokes existence and smoothness with Tristan Buckmaster was cited by OpenAI in their solution to the Millennium Prize Problem on September 8, 2026.",22067,"2026-07-22T15:47:12Z",2026,34,105085,1,1
"Q102111892","Kai Shu","male","Ph.D. Arizona State University 2020",NA,2,"unknown","male","Kai Shu is a computer scientist, academic, and author. He is an assistant professor at Emory University.
Shu's research explores big data, social media, and trustworthy AI, focusing on detecting fake news, analyzing social networks, enhancing cybersecurity, and investigating health informatics; he also holds three patents for his contributions. He is the lead author of Detecting Fake News on Social Media, and the lead editor of Disinformation, Misinformation, and Fake News in Social Media. He has received the NSF CAREER Award, the AI 2000 Most Influential Scholar Honorable Mention by Aminer, the Google Cloud Research Credits Award, and the College of Computing Dean's Excellence in Research Award from Illinois Tech.",13442,"2024-05-13T06:13:37Z",2024,NA,746,0,0
"Q102112736","Joyce Friedman","female","American computational linguist",1928,2,"pre-1950","female","Joyce Barbara Friedman (1928 – November 28, 2018) was an American mathematician, operations researcher, computer scientist, and computational linguist who worked as a professor at the University of Michigan and Boston University and served as president of the Association for Computational Linguistics.

",6827,"2021-04-25T20:28:34Z",2021,93,685,1,1
"Q102119353","Ralph Grishman","male","Ph.D. Columbia University 1973",NA,2,"unknown","male","Ralph Grishman is an American computer scientist and professor at New York University's Courant Institute. He is known for his work in computational linguistics, natural language processing (NLP), and for helping establish Information Extraction (IE) in NLP. Grishman's contributions were recognized by the Association for Computational Linguistics (ACL), the international body promoting research in computational linguistics, with its Lifetime Achievement Award in 2024.",8669,"2023-09-10T18:25:38Z",2023,NA,1205,1,1
"Q23707641","Vlad Trifa","male",NA,1982,2,"1970-89","male","Vlad Trifa is a computer scientist, researcher and Chief Product Officer at Ambrosus who played a key role in defining and implementing the application layer of the Internet of Things. He is particularly known for his early contributions to the Web of Things along with other researchers such as Dominique Guinard, Erik Wilde and Friedemann Mattern. 

",5631,"2016-01-16T15:57:50Z",2016,34,495,0,0
"Q28324976","William C. Mann","male",NA,NA,1,"unknown","male","William C. ""Bill"" Mann (died August 13, 2004, aged 69) was a computer scientist and computational linguist, the originator of rhetorical structure theory (RST) and a president of the Association for Computational Linguistics (1987–1988). He is especially well known for his work in text generation.
He received a Ph.D. in artificial intelligence and computer science at Carnegie Mellon University under Herbert Simon and Allen Newell.
From the mid-1970s until 1990, he was a researcher at the Information Sciences Institute of the University of Southern California. From 1990 to 1996, he was a consultant with the Summer Institute of Linguistics, based in Nairobi.
William C. Mann died on August 13, 2004, after a long struggle with leukemia.",2248,"2016-12-27T19:05:28Z",2016,NA,589,0,0
"Q29340451","Gabor Fichtinger","male",NA,NA,1,"unknown","male","Gabor Fichtinger is an electrical engineer from Queens University in Kingston, Ontario. He was named a Fellow of the Institute of Electrical and Electronics Engineers (IEEE) in 2016 for his contributions to medical robotics and computer-assisted intervention.",1028,"2017-04-10T05:40:13Z",2017,NA,295,0,0
"Q29472833","Salil Prabhakar","male",NA,1974,1,"1970-89","male","Salil Prabhakar from OptiML Vision Inc., Newark, CA was named a Fellow of the Institute of Electrical and Electronics Engineers (IEEE) in 2012 for contributions to biometrics technology. He was named a Fellow of the Society of Photographic Instrumentation Engineers (SPIE) in 2014 and a Fellow of the International Association for Pattern Recognition (IAPR) in 2012.
Salil Prabhakar cofounded Delta ID Inc in the San Francisco Bay Area in 2011. Prior to that he was part of the initial core Aadhar team as a bio-metric expert, and was Chief Scientist and Director of Engineering at Digital Persona Inc. in Redwood City. Salil Prabhakar completed his Ph.D. from Michigan State University in 2001. He graduated in Computer Science and Engineering (CSE) from Indian Institute of Technology (BHU) Varanasi in 1996.",2926,"2017-04-18T17:25:08Z",2017,43,368,0,0
"Q134452685","Srinath Perera","male",NA,NA,1,"unknown","male","Srinath Perera is an academic in construction management and quantity surveying. He is the Chair Professor of Built Environment and Construction Management and Head of Discipline for Quantity Surveying and Project Management at Western Sydney University, and editor-in-chief of the journal Construction Innovation. He is the founding director of the university's Centre for Smart Modern Construction (c4SMC). His research interests include construction informatics, building information modelling, digital twins, blockchain, sustainability and construction economics.

",7424,"2026-08-08T05:27:42Z",2026,NA,57,0,0
"Q136563458","Elly Savatia","male",NA,NA,2,"unknown","male","Elly Savatia (born 2001) is a Kenyan entrepreneur and innovator, best known as the founder of the technology startup Signvrse and creator of Terp 360, an artificial intelligence-powered application that translates speech and text into sign language using 3D avatars. In 2025, he won the Royal Academy of Engineering’s Africa Prize for Engineering Innovation for his work on the project.",5271,"2025-10-22T17:25:59Z",2025,NA,1055,0,0
